Soil_Type,Nitrogen,Phosphorus,Potassium,pH,Organic_Carbon,Electrical_Conductivity,Temperature,Humidity,Soil_Type_enc
Black,14.61,14.65,246.54,7.4,1.68,1.24,30.02,78.94,1
Black,105.07,21.16,103.04,7.58,1.43,1.0,25.33,65.08,1
Silty,134.8,55.06,126.35,6.02,0.94,0.73,18.32,52.7,5
Sandy,31.26,26.64,171.93,6.78,0.26,0.11,18.63,86.33,4
Loamy,12.43,9.9,119.19,6.58,0.44,0.56,23.62,69.85,3
Loamy,104.54,4.97,192.77,7.19,0.56,1.1,36.3,86.75,3
Clayey,11.24,5.51,210.43,6.84,0.85,1.62,22.72,54.08,2
Loamy,86.93,70.44,87.2,6.37,0.81,1.37,19.54,55.94,3
Sandy,98.54,74.6,254.02,7.02,0.42,0.12,24.36,46.05,4
Silty,60.79,37.01,265.73,6.33,0.81,0.68,24.46,68.53,5
Alluvial,53.32,58.77,24.68,6.43,0.8,0.52,19.03,55.33,0
Loamy,122.28,47.62,275.86,6.36,0.46,0.62,25.98,84.9,3
Black,58.66,85.24,129.39,7.65,1.65,1.53,28.36,86.07,1
Alluvial,73.47,89.7,271.35,6.77,0.54,1.48,29.17,88.54,0
Clayey,4.09,58.51,32.3,6.36,1.18,0.67,20.03,76.49,2
Sandy,47.21,67.68,107.02,6.12,0.3,0.11,28.85,67.98,4
Sandy,108.06,63.51,39.84,6.1,0.46,0.2,22.6,67.46,4
Alluvial,137.0,87.09,243.25,6.64,0.41,1.4,23.89,61.18,0
Loamy,105.35,89.2,65.02,6.15,0.96,0.9,28.37,88.26,3
Loamy,57.34,9.09,27.37,6.92,0.74,0.46,21.89,43.9,3
Loamy,8.79,12.44,39.34,6.43,0.77,0.86,34.45,59.81,3
Clayey,107.37,68.09,273.96,7.19,0.65,1.56,28.33,57.76,2
Black,86.81,23.86,69.11,8.1,1.885,1.57,23.0,70.21,1
Black,13.12,70.63,33.6,7.52,1.53,0.99,20.32,42.53,1
Silty,85.87,59.27,188.77,6.65,0.78,0.34,18.91,60.6,5
Black,102.72,85.22,173.87,7.23,0.88,1.3,25.76,75.38,1
Loamy,59.07,11.46,34.43,6.1,1.12,0.37,31.66,43.92,3
Silty,116.16,74.28,100.51,7.32,0.96,0.98,21.55,81.28,5
Loamy,88.61,70.07,218.64,7.29,0.67,1.4,20.06,89.64,3
Loamy,9.83,64.14,150.63,6.53,1.17,1.29,27.86,44.58,3
Clayey,139.63,14.47,214.26,8.14,0.7,2.36,28.92,78.82,2
Clayey,130.27,21.73,158.33,6.87,0.98,0.95,22.66,71.97,2
Loamy,84.02,66.41,92.18,6.72,0.68,1.09,24.61,63.89,3
Alluvial,71.38,42.02,149.43,7.02,1.06,1.14,19.66,69.06,0
Alluvial,56.79,23.3,84.2,7.04,1.14,0.45,23.89,94.77,0
Silty,65.27,61.75,127.07,6.5,0.72,0.25,22.59,54.63,5
Clayey,131.98,75.8,267.45,6.36,1.33,1.87,32.51,73.74,2
Clayey,2.48,2.11,30.75,8.17,1.3,1.46,34.58,71.3,2
Clayey,118.14,40.23,90.27,7.6,1.42,1.67,22.1,53.83,2
Loamy,12.29,76.51,106.94,6.75,0.61,0.13,34.33,93.24,3
Loamy,11.44,88.44,182.02,7.35,0.91,1.23,30.73,70.51,3
Black,94.29,30.66,144.78,8.4,1.885,0.61,37.6,67.09,1
Black,107.68,24.55,116.42,7.38,0.95,0.61,35.94,66.07,1
Loamy,60.86,8.4,81.58,6.13,0.62,0.35,25.29,67.69,3
Loamy,57.61,57.78,276.56,7.3,0.7,0.1,28.73,90.82,3
Loamy,126.0,7.9,37.62,7.03,0.52,0.29,35.34,59.48,3
Loamy,80.86,47.92,118.78,6.35,0.47,0.85,30.98,66.38,3
Sandy,4.93,29.55,154.56,7.03,0.25,0.17,24.61,91.35,4
Sandy,59.86,81.73,174.0,6.68,0.12,0.06,36.35,40.29,4
Loamy,9.94,35.89,136.36,7.15,0.86,0.49,28.15,53.33,3
Black,55.7,89.2,110.59,7.37,0.86,0.87,34.2,54.01,1
Loamy,11.63,19.94,212.72,7.25,0.68,1.4,36.77,49.97,3
Sandy,50.73,63.22,160.77,5.78,0.18,0.11,25.18,88.25,4
Loamy,14.22,40.71,165.89,6.35,1.0,0.8,36.13,74.33,3
Black,139.79,70.19,206.75,7.95,1.39,1.44,33.57,47.87,1
Alluvial,104.36,6.79,164.97,6.69,0.83,0.63,27.73,62.49,0
Alluvial,3.31,43.89,101.98,6.51,1.06,1.44,30.3,90.15,0
Alluvial,101.87,58.54,39.55,6.23,1.14,1.09,32.73,91.39,0
Alluvial,104.71,5.32,216.06,6.34,0.67,0.54,22.11,83.33,0
Loamy,6.05,83.02,92.06,6.88,0.78,1.39,29.55,49.1,3
Silty,100.16,78.85,163.77,6.69,0.81,1.47,21.69,56.48,5
Sandy,51.83,57.0,103.51,6.14,0.29,0.27,32.28,69.02,4
Black,74.51,81.79,161.64,8.18,1.2,0.51,34.01,93.84,1
Silty,80.53,55.56,251.87,6.89,0.56,0.81,29.13,79.64,5
Alluvial,51.17,16.84,81.97,7.34,0.56,0.51,18.53,49.98,0
Clayey,106.17,42.75,36.05,6.59,0.94,1.68,26.72,56.2,2
Sandy,74.18,53.33,188.37,5.54,0.42,0.2,23.16,47.66,4
Loamy,3.82,15.37,131.31,7.22,1.06,0.84,27.95,79.61,3
Loamy,87.69,6.83,159.73,7.37,0.93,0.35,18.94,49.15,3
Clayey,100.98,4.1,195.92,6.65,0.92,1.94,36.74,80.29,2
Alluvial,80.99,2.62,39.03,6.71,0.52,0.97,32.1,72.91,0
Loamy,121.1,65.24,160.33,7.44,0.65,1.23,19.73,92.7,3
Alluvial,112.39,14.13,197.48,6.97,1.18,1.36,18.88,72.35,0
Black,87.96,73.63,216.27,7.35,1.68,0.67,19.1,65.03,1
Sandy,32.05,42.36,173.11,6.4,0.29,0.36,34.08,69.61,4
Silty,128.72,52.31,264.77,6.03,0.42,1.32,33.98,94.89,5
Black,80.27,51.8,213.07,7.32,1.13,0.96,18.07,65.7,1
Black,85.25,19.96,269.1,7.34,1.885,0.46,33.96,54.24,1
Sandy,6.99,9.66,87.64,5.61,0.5,0.31,34.61,46.62,4
Black,97.25,30.82,158.81,7.98,1.06,1.13,27.82,94.8,1
Sandy,74.57,48.13,41.09,6.16,0.44,0.21,35.04,41.95,4
Alluvial,13.48,86.97,57.37,6.07,0.4,1.07,35.89,94.53,0
Clayey,128.13,29.62,30.97,7.15,1.38,1.97,21.21,58.37,2
Loamy,61.6,36.81,18.61,7.24,1.1,0.14,21.22,84.99,3
Clayey,120.19,18.56,220.26,7.19,0.83,1.77,28.83,92.96,2
Loamy,119.39,66.69,148.39,6.25,1.02,1.43,19.16,44.11,3
Black,79.12,49.09,222.6,7.23,1.71,0.43,31.67,64.52,1
Silty,11.51,28.4,62.83,7.26,1.06,0.52,35.36,92.98,5
Alluvial,115.2,69.67,80.09,6.48,0.75,0.54,35.36,79.32,0
Sandy,10.89,73.74,27.95,6.4,0.16,0.21,36.24,93.21,4
Alluvial,79.33,57.22,138.31,6.98,0.58,0.33,37.69,48.23,0
Loamy,8.27,69.93,66.48,7.36,1.01,1.43,20.06,71.4,3
Loamy,57.43,75.96,119.45,7.32,0.46,0.85,24.44,93.76,3
Alluvial,103.53,59.33,183.24,7.34,1.16,0.27,23.98,91.44,0
Loamy,107.92,52.11,212.9,6.68,0.84,1.24,19.63,43.32,3
Alluvial,109.28,49.86,168.84,7.18,0.67,0.35,32.38,52.57,0
Alluvial,91.64,79.46,211.79,6.39,0.46,0.14,32.85,63.4,0
Loamy,93.8,79.87,255.18,7.09,0.86,0.71,26.43,55.23,3
Alluvial,7.68,5.24,123.21,6.61,0.59,1.19,28.25,62.72,0
Loamy,85.91,78.64,32.26,6.47,0.48,1.01,29.77,72.93,3
Alluvial,63.12,45.95,176.97,7.0,0.66,0.73,36.97,53.89,0
Black,100.23,7.12,38.55,8.32,1.65,1.02,37.73,46.76,1
Black,85.76,48.39,201.49,8.09,0.92,1.22,18.35,57.77,1
Loamy,113.42,26.15,198.36,6.46,0.51,0.14,37.4,45.16,3
Sandy,94.75,59.43,247.23,6.66,0.44,0.38,29.41,41.67,4
Black,109.21,89.95,42.05,7.34,1.27,1.31,37.54,62.38,1
Silty,9.08,4.6,229.45,7.0,0.72,0.56,26.71,84.98,5
Loamy,83.59,28.18,48.3,6.36,0.71,0.73,30.07,76.75,3
Silty,84.22,41.91,175.04,6.51,0.78,0.14,28.67,73.43,5
Clayey,108.92,40.41,79.29,8.1,1.41,0.64,27.58,50.7,2
Clayey,60.97,6.54,200.28,6.91,1.24,1.05,21.63,68.88,2
Alluvial,106.98,86.11,180.4,6.07,1.04,0.87,34.38,88.63,0
Alluvial,10.11,31.98,235.65,6.36,1.12,0.59,26.47,76.72,0
Silty,78.1,3.13,81.55,6.27,0.78,0.85,30.76,54.13,5
Loamy,51.42,37.29,234.68,7.09,0.75,0.72,30.06,58.55,3
Black,105.54,45.39,237.97,7.65,1.28,0.91,31.39,43.85,1
Clayey,84.06,9.69,278.87,6.12,1.01,0.88,26.93,58.35,2
Silty,81.28,63.19,228.86,7.13,0.48,0.73,36.54,52.91,5
Loamy,58.02,4.43,61.93,6.94,1.07,0.83,34.52,83.01,3
Loamy,85.73,45.78,180.15,6.46,1.15,0.88,28.31,90.57,3
Silty,7.24,79.44,231.48,6.57,0.49,1.24,33.8,56.76,5
Alluvial,127.58,83.82,151.77,6.2,0.91,1.25,30.13,82.06,0
Sandy,58.16,53.96,29.22,5.73,0.13,0.06,26.65,57.15,4
Alluvial,69.06,48.77,33.48,6.29,0.71,0.89,30.39,56.35,0
Black,123.26,9.09,106.56,8.5,0.87,1.11,30.48,68.99,1
Black,136.74,29.89,63.45,7.7,1.38,0.65,26.37,83.47,1
Black,55.82,13.41,13.82,7.46,1.8,1.28,23.32,75.53,1
Alluvial,127.36,41.39,269.06,6.92,0.92,1.23,20.66,45.62,0
Alluvial,94.59,40.91,39.65,7.24,0.6,1.19,22.54,88.92,0
Loamy,122.19,18.43,38.89,6.99,0.43,1.14,28.17,61.32,3
Black,124.75,15.5,136.07,7.91,1.23,0.98,19.65,68.31,1
Loamy,8.17,5.89,149.56,6.39,0.41,0.46,35.92,57.72,3
Loamy,83.84,54.01,127.16,6.14,0.49,0.94,21.27,55.06,3
Clayey,132.7,30.18,218.76,7.86,1.33,2.22,27.21,86.31,2
Loamy,61.86,68.08,234.45,6.25,1.15,0.16,22.27,67.82,3
Silty,107.27,70.89,70.02,7.31,0.85,1.06,27.23,40.51,5
Sandy,115.98,8.09,32.37,6.44,0.42,0.12,25.11,83.11,4
Loamy,92.33,50.16,29.89,7.26,0.94,1.16,25.71,75.39,3
Loamy,4.93,42.19,24.6,6.27,0.42,0.33,28.2,79.79,3
Loamy,55.27,36.74,19.85,6.12,1.06,0.8,32.15,83.37,3
Loamy,139.85,5.28,190.64,7.1,0.58,0.94,26.42,74.99,3
Loamy,64.88,66.02,35.58,7.47,0.56,0.89,29.73,78.37,3
Alluvial,134.36,66.48,11.72,6.65,0.77,0.77,19.0,89.72,0
Silty,54.01,12.9,98.93,6.42,0.78,0.12,23.51,83.29,5
Sandy,5.08,54.96,116.48,5.58,0.16,0.35,24.3,82.45,4
Sandy,41.22,49.56,274.89,6.84,0.26,0.34,20.9,79.88,4
Black,58.0,64.7,166.28,7.74,0.83,1.41,37.61,52.51,1
Clayey,62.69,63.14,84.02,6.94,0.8,2.19,19.95,87.41,2
Loamy,68.12,30.69,71.18,7.18,0.77,0.17,24.6,81.62,3
Loamy,119.48,12.17,29.7,7.48,0.59,0.73,27.28,90.01,3
Silty,97.1,32.97,228.21,6.31,1.02,1.45,29.55,74.9,5
Loamy,127.15,82.49,99.23,6.48,0.96,1.21,37.67,47.74,3
Alluvial,95.47,87.37,134.44,7.21,0.47,1.34,37.68,76.74,0
Black,130.12,16.35,212.87,8.14,1.47,1.14,21.75,87.2,1
Silty,11.35,80.39,161.36,6.38,0.92,0.54,22.89,46.21,5
Black,116.43,4.52,30.45,7.95,1.54,1.01,23.08,41.71,1
Sandy,80.63,79.31,83.88,5.63,0.5,0.08,25.21,43.77,4
Alluvial,108.57,79.94,30.05,7.35,1.05,0.18,21.38,61.44,0
Black,116.59,83.45,100.01,7.25,0.93,0.99,35.17,56.07,1
Black,5.14,5.75,58.15,8.28,1.67,0.83,32.07,69.74,1
Clayey,128.95,80.18,112.6,6.14,1.26,1.7,24.81,94.4,2
Black,124.82,57.92,58.73,7.28,1.83,1.13,19.88,90.03,1
Clayey,62.38,37.27,71.21,7.02,0.67,2.32,21.41,92.15,2
Loamy,73.64,31.73,11.19,7.46,0.59,1.2,37.68,54.79,3
Loamy,92.57,59.8,147.44,6.68,0.59,0.76,26.95,66.09,3
Alluvial,89.47,27.48,129.2,6.69,1.08,0.5,18.89,55.28,0
Clayey,54.04,46.05,262.36,7.49,1.12,0.56,21.3,61.44,2
Clayey,50.19,67.41,237.4,7.9,1.46,1.94,18.81,87.94,2
Alluvial,86.38,35.69,217.46,7.35,0.88,0.87,26.25,75.54,0
Loamy,7.49,82.2,46.61,7.09,0.89,1.32,28.68,47.82,3
Alluvial,108.71,77.65,203.12,7.09,0.85,0.58,26.6,77.01,0
Alluvial,78.7,56.58,122.79,6.65,1.09,1.38,30.02,78.81,0
Clayey,52.29,61.67,189.23,6.34,1.4,1.19,24.81,43.94,2
Alluvial,3.29,87.76,87.12,6.16,0.86,0.88,37.55,69.26,0
Alluvial,131.01,19.29,268.98,6.43,1.0,0.74,24.28,88.86,0
Black,99.83,53.34,220.48,7.4,1.21,1.16,34.67,64.22,1
Clayey,81.25,56.44,64.8,7.23,0.84,2.43,26.88,74.44,2
Alluvial,63.32,78.2,207.72,7.1,1.03,0.75,36.14,47.28,0
Sandy,11.81,12.76,272.4,6.66,0.32,0.07,36.98,68.21,4
Alluvial,132.69,38.98,211.43,6.91,0.85,0.72,35.89,65.08,0
Loamy,14.63,33.87,90.1,6.0,1.2,0.18,24.24,54.08,3
Alluvial,106.93,61.56,234.95,6.79,0.42,1.32,24.67,80.32,0
Alluvial,80.76,60.63,47.26,6.07,0.47,0.1,18.11,91.54,0
Clayey,111.87,11.96,13.03,6.62,0.96,1.95,28.98,74.76,2
Loamy,93.04,21.62,207.53,6.36,0.49,1.28,31.34,51.61,3
Loamy,99.41,27.54,38.42,7.26,0.42,0.92,22.29,62.89,3
Silty,13.92,28.77,105.8,6.79,0.84,0.99,23.8,70.98,5
Alluvial,59.25,25.12,225.75,6.6,0.98,0.48,32.3,72.64,0
Sandy,16.5,55.2,246.64,6.91,0.13,0.38,29.44,89.9,4
Loamy,133.72,77.54,198.96,6.85,0.49,0.16,20.78,53.98,3
Silty,139.95,7.08,154.64,6.95,0.62,0.77,25.7,87.62,5
Silty,69.08,62.59,148.07,7.28,0.73,1.25,35.6,51.87,5
Loamy,85.56,2.89,79.8,6.97,0.99,0.54,35.8,55.81,3
Alluvial,61.19,5.71,153.22,6.03,0.7,0.57,26.09,69.2,0
Silty,61.84,78.57,173.84,6.33,0.76,0.47,19.53,61.04,5
Black,13.68,33.98,191.61,7.68,1.42,0.89,37.48,86.59,1
Sandy,22.33,48.73,216.86,5.89,0.22,0.07,27.48,43.18,4
Alluvial,115.31,59.58,254.02,6.31,0.85,1.19,34.94,57.33,0
Black,80.36,68.0,164.7,8.43,1.57,1.53,19.21,77.95,1
Silty,81.88,85.93,270.58,7.14,0.73,0.52,30.42,91.08,5
Clayey,10.28,89.6,161.81,7.48,1.03,2.3,25.84,76.25,2
Silty,56.58,59.79,275.29,6.89,0.61,0.71,21.8,83.59,5
Alluvial,77.9,28.56,144.56,7.16,0.71,1.3,33.63,92.81,0
Alluvial,54.15,74.65,74.47,7.21,0.7,0.87,28.29,84.46,0
Silty,54.04,70.88,122.93,7.49,0.72,1.39,25.85,81.48,5
Alluvial,126.25,82.18,249.34,6.62,0.71,0.9,37.49,41.51,0
Clayey,7.59,55.07,136.88,6.95,1.21,0.95,24.53,86.18,2
Black,68.4,30.42,103.92,7.91,1.79,1.64,29.88,41.8,1
Loamy,115.41,4.32,118.15,6.07,0.48,1.26,34.5,68.36,3
Alluvial,115.08,3.53,80.89,6.54,0.87,0.19,18.2,64.06,0
Black,130.64,75.44,93.2,7.99,1.3,1.46,23.43,46.89,1
Loamy,99.0,4.12,71.83,6.12,0.87,1.03,33.61,72.11,3
Black,95.8,39.54,263.23,7.87,1.71,0.54,34.55,78.35,1
Black,67.57,37.63,113.9,8.25,1.83,0.78,37.57,87.11,1
Black,116.1,40.75,36.3,8.22,1.26,0.63,34.78,40.63,1
Alluvial,54.65,50.38,209.61,7.45,1.05,0.87,35.25,49.86,0
Alluvial,110.54,73.73,30.22,7.31,0.65,0.51,30.5,71.45,0
Clayey,134.15,4.67,249.5,6.91,0.95,0.88,30.11,53.59,2
Alluvial,106.91,25.92,134.58,7.01,1.16,1.0,33.02,45.58,0
Loamy,138.11,6.84,77.45,6.82,1.18,0.24,29.64,51.24,3
Clayey,56.93,16.05,267.86,7.33,1.19,2.44,23.95,45.06,2
Alluvial,110.49,5.59,161.44,6.68,0.7,0.89,22.99,40.11,0
Sandy,44.01,42.65,33.85,6.69,0.18,0.26,29.66,53.92,4
Silty,89.02,17.41,217.1,6.01,1.18,0.24,36.29,63.87,5
Alluvial,5.23,17.31,79.82,6.36,0.89,0.99,35.55,80.63,0
Alluvial,103.53,39.78,113.26,6.9,0.74,0.4,35.7,61.08,0
Clayey,119.37,44.2,81.55,6.64,0.83,2.44,33.99,58.35,2
Alluvial,125.03,49.95,163.76,6.96,0.73,1.32,20.89,83.12,0
Alluvial,52.55,26.8,25.49,6.7,0.87,0.67,32.26,40.63,0
Alluvial,90.16,74.47,31.99,7.24,1.0,1.11,36.49,64.38,0
Silty,120.77,60.58,34.87,7.21,1.06,0.4,23.43,52.75,5
Black,91.57,43.16,33.31,7.65,1.75,1.64,23.92,65.26,1
Loamy,96.34,22.91,50.89,7.1,0.4,1.11,18.38,49.12,3
Clayey,85.19,28.74,84.89,6.13,1.15,0.99,37.2,73.9,2
Black,87.08,4.7,30.76,7.85,1.64,0.64,28.65,46.35,1
Loamy,87.73,11.45,228.19,6.76,1.12,0.39,19.38,66.08,3
Loamy,125.9,48.81,113.41,7.23,0.83,1.27,33.83,64.82,3
Black,68.31,7.19,21.26,8.37,1.27,1.52,25.79,69.8,1
Sandy,56.3,4.8,182.1,6.26,0.48,0.06,32.13,60.6,4
Alluvial,59.33,13.89,175.25,6.14,0.7,0.98,26.52,70.14,0
Black,109.62,37.76,127.69,7.7,1.05,1.4,21.17,54.2,1
Alluvial,114.15,40.9,177.13,6.62,1.01,0.53,21.71,72.99,0
Alluvial,121.66,31.76,203.09,6.99,0.71,1.25,23.28,91.65,0
Alluvial,119.91,75.73,145.38,6.09,0.92,1.25,37.67,83.27,0
Sandy,51.22,60.4,244.53,7.01,0.21,0.2,33.68,63.59,4
Black,113.62,87.38,23.97,8.26,0.91,1.45,36.06,91.35,1
Silty,78.15,62.35,35.11,6.85,0.69,1.2,18.29,82.04,5
Alluvial,56.24,61.07,213.25,6.59,0.73,0.66,31.52,47.61,0
Loamy,94.47,78.88,145.29,6.66,0.91,0.76,36.8,67.72,3
Loamy,107.98,87.94,47.45,6.08,1.14,0.98,29.09,81.13,3
Loamy,111.69,12.0,72.86,6.09,0.76,1.43,27.07,65.02,3
Silty,5.0,69.25,53.73,6.96,0.87,1.27,29.88,78.65,5
Black,111.51,40.04,230.02,8.47,1.52,1.1,35.69,46.89,1
Loamy,7.01,3.69,234.24,6.5,1.08,0.19,35.05,91.59,3
Alluvial,137.58,70.74,271.94,6.22,0.48,0.33,26.79,55.31,0
Loamy,137.78,23.61,34.88,6.45,0.69,0.6,33.54,44.21,3
Alluvial,65.68,80.03,140.44,6.0,0.64,0.54,37.68,61.76,0
Sandy,19.96,6.18,61.59,6.63,0.32,0.4,29.25,82.08,4
Silty,121.97,19.86,204.63,6.18,0.95,1.02,26.32,68.26,5
Sandy,58.51,84.59,215.4,6.18,0.31,0.35,23.59,47.24,4
Loamy,100.29,39.69,226.41,6.86,1.12,0.95,23.06,91.64,3
Alluvial,6.89,57.11,217.92,6.78,0.42,0.45,30.47,73.02,0
Silty,12.04,58.8,261.13,7.42,0.64,0.43,33.72,72.45,5
Loamy,113.73,48.06,198.6,6.56,0.96,1.41,33.26,42.5,3
Alluvial,126.77,84.27,279.1,6.42,0.5,0.98,33.92,81.46,0
Sandy,67.99,14.44,172.12,6.54,0.47,0.29,31.03,51.59,4
Loamy,57.88,7.1,134.65,6.65,0.65,1.15,23.85,58.27,3
Sandy,35.32,38.03,258.23,6.52,0.22,0.27,24.8,65.06,4
Clayey,58.01,89.34,165.25,7.87,0.73,1.13,37.7,91.64,2
Loamy,67.05,10.4,45.02,7.37,0.67,0.73,36.1,75.61,3
Clayey,72.45,67.37,23.2,7.9,1.31,1.42,25.14,81.66,2
Alluvial,11.54,48.87,59.23,7.23,0.88,1.31,31.64,92.24,0
Alluvial,102.33,18.47,248.25,6.02,0.44,0.41,28.46,78.48,0
Sandy,82.54,17.37,176.27,5.63,0.41,0.08,22.53,89.26,4
Black,3.5,6.19,37.94,7.52,1.7,1.19,33.64,53.2,1
Clayey,9.25,16.12,253.97,7.98,0.72,1.88,33.88,48.71,2
Sandy,29.23,46.73,105.82,6.9,0.25,0.33,36.65,46.53,4
Alluvial,9.97,54.98,208.69,6.98,0.73,0.33,19.37,62.97,0
Silty,123.32,58.95,123.36,7.25,0.84,0.66,23.11,45.82,5
Clayey,53.77,43.53,72.05,7.82,0.76,0.81,35.59,70.64,2
Silty,107.19,60.39,130.8,7.37,1.11,1.41,33.05,69.22,5
Loamy,119.13,50.04,138.44,6.16,1.15,0.43,22.99,70.11,3
Sandy,79.19,5.06,82.72,6.68,0.43,0.3,35.14,85.12,4
Alluvial,77.4,25.85,46.42,6.65,0.55,0.74,35.74,63.09,0
Loamy,112.14,3.88,231.24,7.09,0.75,1.22,19.05,48.78,3
Sandy,11.8,84.15,83.42,5.97,0.21,0.15,26.4,40.53,4
Silty,137.64,53.54,98.81,6.6,0.43,0.92,32.19,54.93,5
Loamy,70.35,75.38,16.33,6.34,1.07,1.23,19.91,64.75,3
Alluvial,85.51,52.4,18.05,6.5,0.79,0.72,29.44,84.3,0
Alluvial,85.27,65.77,78.36,6.05,0.94,0.18,30.83,54.29,0
Loamy,110.58,75.95,129.25,7.24,0.59,1.04,21.13,80.59,3
Loamy,121.44,62.75,174.45,7.47,0.52,1.48,35.32,55.92,3
Alluvial,12.64,9.12,235.82,6.3,0.85,1.29,29.12,82.87,0
Silty,59.26,20.08,274.79,7.3,1.01,0.45,31.48,86.58,5
Loamy,119.17,28.1,13.93,6.41,0.86,0.7,22.67,74.39,3
Sandy,5.36,7.05,112.99,6.08,0.12,0.31,27.31,40.75,4
Alluvial,122.54,57.36,34.01,6.6,0.91,1.23,18.49,59.95,0
Silty,120.63,89.55,181.37,7.09,1.08,1.49,24.16,86.06,5
Black,12.81,63.2,169.14,8.15,1.51,0.42,24.85,47.4,1
Black,114.09,38.53,93.62,7.2,1.74,0.57,18.26,69.72,1
Sandy,29.44,29.22,53.74,6.53,0.32,0.18,24.3,45.32,4
Loamy,92.88,35.46,152.26,6.48,1.11,0.75,35.19,72.58,3
Clayey,88.33,89.57,53.13,7.77,1.12,1.01,33.61,77.05,2
Sandy,9.61,56.85,165.34,5.68,0.15,0.39,19.72,43.14,4
Silty,72.71,34.62,183.41,7.03,0.43,0.8,35.96,84.55,5
Loamy,134.74,52.38,213.1,6.51,0.96,1.18,36.48,93.63,3
Black,99.54,73.2,14.98,7.68,1.61,0.83,29.59,59.01,1
Clayey,128.54,46.17,276.45,8.07,0.7,0.73,18.0,73.77,2
Loamy,7.09,58.14,175.43,6.23,0.92,1.44,26.03,58.59,3
Loamy,60.48,3.38,103.87,6.15,0.43,0.61,28.6,77.31,3
Black,78.72,47.59,155.62,7.88,1.25,1.26,22.02,57.33,1
Alluvial,79.31,41.53,36.85,7.48,0.94,0.55,34.03,65.82,0
Alluvial,3.51,3.51,171.72,7.31,0.89,0.58,25.03,73.57,0
Sandy,67.95,31.16,155.89,6.25,0.43,0.12,19.36,52.0,4
Clayey,51.29,48.27,35.26,6.91,1.38,0.83,34.39,85.37,2
Black,68.21,40.94,42.79,7.44,1.33,0.63,25.96,68.14,1
Black,2.57,80.24,169.47,7.95,0.87,0.5,37.2,42.68,1
Black,134.32,7.53,229.12,7.79,1.51,1.04,33.14,77.43,1
Loamy,65.29,14.43,39.66,7.01,0.47,0.5,33.32,62.75,3
Clayey,71.32,17.76,74.76,6.86,1.26,1.13,33.95,77.27,2
Loamy,128.69,76.45,86.16,6.36,1.03,1.49,25.99,62.53,3
Alluvial,122.37,79.31,44.9,7.25,0.74,0.91,31.84,47.7,0
Black,61.97,22.7,267.32,7.71,0.96,1.35,35.59,89.89,1
Loamy,12.76,62.47,79.7,6.52,0.87,1.41,24.3,52.35,3
Black,116.15,58.81,152.04,8.24,1.63,1.19,20.66,54.37,1
Loamy,10.13,56.79,265.37,7.1,0.8,0.5,21.49,65.94,3
Clayey,102.93,35.29,186.74,6.27,0.85,1.49,34.17,73.64,2
Alluvial,103.46,57.17,46.84,6.65,1.03,0.64,34.63,49.75,0
Alluvial,127.71,34.7,103.38,6.58,0.69,0.95,23.32,58.3,0
Loamy,75.85,80.38,35.77,7.08,1.15,1.5,22.62,89.36,3
Sandy,25.63,42.85,82.42,6.79,0.2,0.32,37.53,75.51,4
Loamy,110.45,68.34,173.77,6.2,1.17,0.65,22.14,67.75,3
Clayey,10.55,76.02,33.64,8.03,0.61,1.55,24.47,82.09,2
Loamy,99.13,8.83,247.83,6.73,0.47,0.94,33.7,55.05,3
Loamy,55.73,24.17,31.28,6.46,0.59,0.44,26.91,44.63,3
Clayey,111.0,30.19,248.26,7.63,0.72,1.91,21.38,42.95,2
Loamy,102.0,34.63,149.3,6.6,0.94,0.99,33.86,93.97,3
Silty,81.48,9.82,88.27,6.11,0.65,0.56,31.9,74.63,5
Black,65.44,5.17,145.65,7.89,0.87,0.76,18.67,46.7,1
Alluvial,123.59,9.45,243.31,6.62,0.82,0.76,31.47,47.55,0
Sandy,12.74,26.34,134.67,6.09,0.27,0.37,22.39,40.01,4
Loamy,88.75,19.53,11.07,7.39,0.45,1.11,24.98,60.62,3
Loamy,85.26,74.19,115.31,6.06,0.44,0.37,26.88,77.16,3
Clayey,138.82,7.65,92.15,7.06,1.01,2.44,28.77,94.57,2
Alluvial,139.27,3.79,64.26,6.1,0.41,1.37,28.75,50.17,0
Sandy,57.67,14.82,29.05,5.68,0.3,0.17,23.96,57.62,4
Loamy,99.02,16.23,25.35,7.23,1.13,0.37,22.94,87.28,3
Alluvial,104.53,50.3,249.6,7.47,0.41,1.22,37.05,81.5,0
Loamy,109.7,19.46,130.37,6.62,1.06,1.02,33.86,52.13,3
Alluvial,62.71,71.08,57.17,7.42,0.54,0.65,37.63,60.99,0
Loamy,106.29,74.66,27.89,7.33,1.15,1.38,24.7,57.25,3
Black,76.99,61.42,180.24,7.51,0.96,0.68,31.92,59.94,1
Alluvial,111.55,12.03,202.51,6.51,0.49,1.34,24.32,43.07,0
Loamy,85.75,29.64,233.08,7.27,0.84,0.42,24.86,46.13,3
Black,2.05,34.12,179.84,8.34,1.14,0.51,22.03,88.96,1
Sandy,55.96,43.9,115.53,6.76,0.29,0.13,37.23,64.47,4
Clayey,124.96,7.96,227.82,7.75,0.88,1.95,30.03,58.66,2
Loamy,105.73,48.42,21.41,6.7,0.71,0.92,22.38,46.21,3
Loamy,136.59,52.85,10.66,6.45,0.89,1.23,31.61,76.67,3
Loamy,127.13,85.1,153.09,7.11,0.71,0.29,32.02,87.06,3
Sandy,39.87,8.21,148.36,6.89,0.15,0.16,35.09,58.7,4
Clayey,75.78,51.45,217.0,6.31,1.31,0.74,34.73,78.74,2
Black,4.27,18.11,227.97,7.89,1.03,0.53,34.23,66.53,1
Loamy,67.28,63.33,185.84,6.89,1.14,1.17,30.05,66.94,3
Alluvial,109.25,45.02,99.19,6.65,0.55,0.22,29.16,59.09,0
Alluvial,14.64,10.96,168.2,6.5,0.43,0.76,32.81,66.68,0
Black,126.11,19.14,93.84,7.79,1.74,1.45,34.56,60.79,1
Loamy,72.58,18.05,128.32,7.42,0.98,0.87,30.33,87.34,3
Sandy,53.43,55.17,159.16,7.19,0.19,0.19,23.69,68.45,4
Alluvial,60.2,23.75,166.83,6.63,0.54,0.23,21.29,43.51,0
Silty,127.46,7.97,32.64,6.8,1.12,1.14,25.88,86.8,5
Black,77.87,26.14,257.21,7.37,1.88,1.27,33.21,77.2,1
Silty,72.73,45.43,241.82,6.68,1.16,1.49,22.12,92.37,5
Alluvial,14.16,53.07,258.31,7.33,0.76,1.24,25.76,85.63,0
Silty,106.47,83.89,279.38,6.32,0.74,0.98,18.65,52.96,5
Silty,86.46,29.12,187.22,6.51,1.13,0.17,30.81,86.78,5
Loamy,76.25,9.63,87.6,6.36,0.79,0.29,23.78,60.31,3
Silty,113.1,4.95,156.16,6.63,0.88,1.03,18.15,78.04,5
Black,121.8,79.15,35.89,7.96,1.885,1.4,27.5,61.23,1
Black,68.36,76.12,169.42,8.34,1.46,0.98,19.09,93.45,1
Clayey,137.59,5.65,32.39,7.57,0.76,1.53,19.51,60.67,2
Loamy,2.61,3.51,270.35,7.06,0.6,0.59,30.72,82.12,3
Loamy,104.86,55.47,228.0,6.17,0.63,0.89,37.73,53.8,3
Clayey,130.14,31.02,148.06,7.2,1.44,0.6,24.49,92.37,2
Alluvial,55.75,15.95,58.84,6.54,0.76,1.12,35.39,65.97,0
Silty,101.32,58.82,265.59,7.02,0.9,1.41,33.76,41.32,5
Clayey,5.53,4.36,30.04,7.94,1.46,0.97,19.15,86.48,2
Loamy,52.6,29.17,38.1,7.34,1.05,0.12,24.72,68.26,3
Black,66.39,51.03,241.2,7.44,1.08,0.6,19.59,78.88,1
Loamy,73.62,56.5,209.54,6.2,0.93,0.64,20.49,72.98,3
Black,11.71,9.59,87.58,7.42,1.87,0.62,20.13,85.2,1
Silty,107.69,72.91,24.76,6.78,0.81,1.19,18.05,86.75,5
Alluvial,91.43,27.41,63.44,7.27,1.07,0.14,37.07,44.0,0
Loamy,87.0,66.32,84.36,6.32,0.63,0.43,25.33,61.5,3
Sandy,48.89,7.61,22.28,6.36,0.23,0.14,25.19,77.8,4
Alluvial,76.45,45.71,211.75,7.22,1.01,0.53,31.86,94.31,0
Loamy,92.7,36.7,16.99,6.41,1.0,0.9,35.78,71.31,3
Loamy,73.23,8.21,63.32,6.48,0.55,0.81,36.55,87.72,3
Loamy,7.66,46.67,162.18,6.87,0.92,1.27,18.69,75.14,3
Alluvial,63.1,80.17,162.05,6.16,1.04,0.33,27.35,45.87,0
Sandy,16.78,30.8,32.08,5.94,0.14,0.07,36.86,73.57,4
Sandy,40.14,62.34,12.75,6.84,0.27,0.21,19.5,52.27,4
Loamy,132.06,45.13,22.81,7.47,0.5,1.01,25.25,85.45,3
Sandy,26.91,83.11,275.26,7.08,0.21,0.19,31.24,84.93,4
Silty,62.57,67.26,273.2,6.02,0.93,0.24,37.66,67.17,5
Loamy,80.05,30.34,187.76,7.01,0.68,0.72,18.5,79.64,3
Silty,67.05,3.62,266.95,7.3,1.0,1.12,25.93,46.87,5
Sandy,73.44,77.07,208.91,6.25,0.5,0.39,31.74,89.12,4
Loamy,10.59,36.29,180.56,6.77,0.9,0.21,24.45,82.73,3
Black,52.97,86.31,24.51,7.76,1.16,0.43,33.78,82.6,1
Sandy,117.83,30.27,253.77,5.85,0.49,0.13,29.48,59.29,4
Clayey,54.99,76.64,144.45,7.99,0.6,2.44,23.18,88.33,2
Black,7.5,25.06,13.91,8.08,1.34,1.72,19.86,47.91,1
Black,81.87,62.47,23.67,8.27,1.0,1.69,31.54,77.55,1
Loamy,92.03,64.85,86.57,6.01,0.67,0.36,20.64,88.79,3
Alluvial,101.61,17.87,142.32,6.12,0.79,0.4,36.81,92.41,0
Loamy,13.68,73.31,200.14,6.52,0.4,0.33,23.99,65.18,3
Alluvial,65.96,10.56,33.1,7.37,0.44,0.91,19.54,62.75,0
Alluvial,7.19,27.06,225.43,7.1,0.68,0.19,22.08,54.34,0
Loamy,62.93,62.64,28.33,6.03,0.51,0.18,33.73,53.4,3
Sandy,102.4,33.99,38.6,5.72,0.4,0.23,30.7,87.24,4
Alluvial,52.59,61.5,99.29,6.94,1.13,0.32,26.99,58.99,0
Silty,62.95,5.38,34.99,7.14,1.09,0.67,29.73,65.05,5
Loamy,68.97,28.94,187.01,6.88,0.59,1.24,34.6,62.86,3
Loamy,139.61,48.41,151.47,6.54,0.56,0.98,29.32,90.42,3
Loamy,91.69,9.44,263.72,7.25,0.57,0.45,30.74,89.43,3
Alluvial,134.02,84.61,61.31,7.28,0.44,0.76,25.64,41.55,0
Black,8.62,5.26,273.21,8.45,1.17,1.75,18.1,62.7,1
Loamy,53.74,26.54,261.27,6.95,1.04,1.28,25.32,45.7,3
Alluvial,116.78,2.93,60.4,6.98,0.73,1.47,30.66,89.45,0
Sandy,14.37,84.92,236.38,7.04,0.29,0.36,33.83,51.05,4
Clayey,85.97,2.4,164.12,6.6,0.94,2.43,28.05,54.18,2
Alluvial,110.06,20.05,221.39,7.23,1.12,1.1,22.2,57.79,0
Loamy,73.96,12.51,59.86,6.88,0.91,1.17,30.45,91.39,3
Loamy,50.06,2.13,259.39,6.45,1.05,0.46,33.29,44.35,3
Loamy,128.63,20.14,246.65,7.07,0.91,0.43,29.87,46.99,3
Loamy,96.22,86.02,163.92,7.4,0.8,1.24,25.88,86.65,3
Silty,132.6,82.67,33.35,7.09,0.87,1.41,28.56,70.66,5
Silty,90.26,87.24,124.34,6.53,0.84,0.87,23.16,53.39,5
Black,135.08,83.37,175.86,8.14,1.39,0.8,27.25,85.01,1
Sandy,14.1,25.68,265.94,6.34,0.15,0.11,37.53,60.69,4
Alluvial,54.68,19.09,30.98,7.01,1.19,0.47,37.99,84.13,0
Black,59.21,42.84,36.28,7.22,1.45,0.51,30.75,84.1,1
Alluvial,135.16,7.95,165.05,6.94,0.81,0.78,19.01,43.46,0
Clayey,129.99,14.93,142.52,7.61,1.43,0.53,22.09,71.16,2
Clayey,14.61,8.42,109.7,7.24,1.06,1.55,29.87,51.56,2
Clayey,14.42,10.17,36.82,6.44,0.68,0.7,20.82,90.63,2
Loamy,86.2,14.1,154.13,6.51,1.16,0.46,20.47,62.05,3
Sandy,30.32,4.84,124.82,6.11,0.11,0.32,18.94,49.7,4
Loamy,64.32,38.33,134.87,7.46,0.8,0.64,25.81,76.62,3
Silty,57.75,47.1,73.49,7.08,0.53,1.22,24.75,40.99,5
Clayey,5.94,87.98,240.63,7.87,0.79,0.74,28.02,93.98,2
Silty,73.01,39.17,240.92,6.98,0.84,0.93,21.9,85.48,5
Alluvial,90.7,21.42,127.36,7.45,1.09,0.7,37.03,57.58,0
Black,93.67,72.23,125.59,7.78,1.17,1.5,26.86,60.69,1
Clayey,134.01,67.88,174.3,6.61,1.2,1.04,30.95,41.61,2
Silty,92.0,14.22,39.39,6.61,0.55,1.43,32.34,69.6,5
Sandy,42.26,62.08,236.13,5.92,0.28,0.15,26.35,44.02,4
Black,90.28,86.4,259.91,7.78,0.98,1.49,24.22,51.5,1
Alluvial,132.43,59.24,78.17,6.09,0.91,0.8,30.13,77.26,0
Alluvial,72.2,46.77,22.41,6.04,0.88,0.84,29.15,80.84,0
Alluvial,89.93,83.5,140.09,7.27,0.75,0.89,28.98,83.8,0
Loamy,68.74,26.42,77.38,7.12,0.73,0.52,20.51,57.11,3
Loamy,59.26,68.41,126.81,6.88,0.51,0.57,33.69,67.11,3
Sandy,9.74,52.36,97.22,5.7,0.32,0.24,18.42,79.76,4
Sandy,31.52,4.78,256.66,7.19,0.32,0.34,21.82,73.85,4
Silty,56.35,84.72,221.59,6.81,1.05,0.18,31.16,85.31,5
Alluvial,103.32,48.6,185.64,6.19,0.49,0.84,18.2,50.72,0
Black,69.59,87.28,62.66,7.73,1.52,0.82,25.44,41.42,1
Silty,119.43,83.21,243.63,7.21,0.41,0.22,31.66,42.88,5
Loamy,121.33,24.95,46.66,6.32,0.52,0.42,37.97,41.36,3
Loamy,72.53,63.55,252.07,6.11,1.14,0.11,27.2,73.38,3
Loamy,89.79,36.73,160.46,6.22,0.85,0.8,29.71,40.47,3
Black,66.54,56.15,68.71,7.62,1.885,0.74,25.12,78.34,1
Loamy,113.61,83.6,97.67,6.12,0.46,1.33,25.41,71.29,3
Silty,72.49,38.5,74.3,6.43,0.67,1.11,31.9,73.89,5
Clayey,92.72,6.84,30.18,7.14,1.45,0.92,35.99,83.01,2
Alluvial,77.51,51.96,20.37,6.3,0.87,0.69,33.59,82.19,0
Loamy,135.31,15.54,144.1,7.39,1.05,0.87,30.19,54.07,3
Sandy,19.48,81.38,137.74,6.73,0.3,0.14,21.96,64.09,4
Alluvial,89.77,37.74,216.61,6.86,0.51,0.51,35.87,81.62,0
Alluvial,104.67,51.85,25.51,6.86,0.43,1.26,18.87,54.36,0
Alluvial,121.91,74.24,133.82,6.31,0.64,1.05,23.67,55.61,0
Silty,77.25,46.75,16.96,6.57,0.86,1.14,36.6,69.98,5
Loamy,89.4,28.46,102.8,6.13,1.09,0.68,33.45,44.15,3
Silty,91.37,27.89,17.14,7.21,0.47,1.45,24.89,48.85,5
Alluvial,92.94,89.57,199.79,7.29,0.49,0.9,19.48,94.61,0
Silty,101.51,89.94,101.71,7.26,0.4,0.73,23.61,48.79,5
Silty,96.02,4.5,42.47,6.43,0.89,0.47,30.07,84.37,5
Black,86.0,72.27,13.2,7.56,1.46,1.24,35.24,71.04,1
Clayey,97.41,14.57,57.64,6.22,1.47,1.13,22.39,65.54,2
Silty,51.15,73.64,149.29,6.08,0.65,1.18,20.62,52.96,5
Black,123.0,6.09,83.38,7.48,1.885,1.75,31.52,62.28,1
Alluvial,102.7,57.31,209.8,6.43,0.48,1.04,32.9,68.29,0
Loamy,104.22,18.58,157.04,7.03,0.75,0.64,32.71,94.56,3
Silty,78.35,34.51,68.07,7.07,0.59,0.38,23.28,63.51,5
Loamy,50.88,8.74,163.92,6.04,0.79,1.09,35.09,40.27,3
Silty,60.05,19.23,230.38,6.73,1.07,1.16,28.59,66.49,5
Black,83.95,82.27,47.42,8.24,1.23,0.78,19.16,90.99,1
Black,65.5,78.04,249.46,8.33,0.92,1.54,28.99,76.09,1
Silty,90.11,13.95,172.33,6.08,0.81,0.32,25.65,81.65,5
Black,12.65,11.61,218.18,7.5,1.72,0.59,27.48,64.57,1
Black,135.83,61.37,104.54,7.72,1.885,1.14,20.53,86.34,1
Alluvial,89.24,69.89,236.98,6.82,0.45,0.68,33.42,42.13,0
Loamy,83.21,78.37,230.55,7.21,1.1,0.16,24.98,78.16,3
Loamy,85.28,7.41,202.51,6.99,1.06,0.43,25.74,59.04,3
Loamy,53.28,82.2,48.33,6.03,0.89,1.09,35.88,52.55,3
Sandy,17.61,63.34,101.07,6.15,0.12,0.39,29.72,72.27,4
Clayey,63.55,84.61,125.76,7.42,1.31,1.29,32.59,41.12,2
Black,122.24,29.76,254.9,7.36,1.38,1.09,36.22,91.88,1
Sandy,19.15,39.2,138.11,5.76,0.11,0.22,30.46,44.09,4
Clayey,91.41,9.96,38.24,6.9,0.61,1.02,29.8,68.83,2
Clayey,108.88,32.03,271.93,7.84,0.88,1.14,24.43,94.9,2
Black,69.08,18.41,31.03,8.14,1.43,1.76,21.17,83.32,1
Loamy,57.42,71.25,47.45,6.88,0.79,1.2,27.57,49.48,3
Loamy,110.21,20.1,266.44,6.94,0.99,1.31,20.65,82.61,3
Loamy,59.36,86.99,252.56,7.15,0.75,0.96,23.41,85.25,3
Alluvial,104.99,59.94,63.01,6.66,1.09,0.8,33.12,55.18,0
Clayey,91.05,41.82,111.18,7.44,0.69,2.42,37.63,47.41,2
Black,60.17,70.59,219.39,8.39,0.97,0.76,34.2,88.76,1
Loamy,132.36,33.47,152.67,6.12,0.91,1.32,26.77,81.82,3
Black,59.67,18.09,32.83,7.33,1.83,1.49,28.97,93.54,1
Sandy,10.47,45.39,41.52,6.22,0.14,0.38,28.88,58.62,4
Alluvial,97.87,32.76,41.77,6.18,1.06,1.37,31.37,87.45,0
Silty,54.55,13.51,34.18,6.83,1.12,0.55,26.89,54.1,5
Sandy,26.04,87.11,32.75,6.1,0.25,0.22,18.47,63.66,4
Alluvial,124.24,78.53,261.92,6.79,0.48,1.33,37.0,70.52,0
Clayey,81.41,87.3,17.7,7.44,1.13,2.29,30.61,56.11,2
Loamy,77.3,39.01,46.6,6.79,0.42,1.45,37.79,42.16,3
Loamy,67.44,27.17,214.54,6.1,0.79,1.08,21.78,71.54,3
Black,108.88,52.69,266.01,7.55,1.08,0.47,25.93,78.16,1
Loamy,53.8,49.7,166.12,6.49,0.97,1.42,21.37,81.83,3
Alluvial,93.21,39.86,153.31,7.27,0.76,0.86,29.58,50.4,0
Alluvial,102.99,17.14,137.75,6.6,0.46,0.84,21.5,94.29,0
Alluvial,52.22,74.82,164.14,6.97,0.63,0.69,23.56,43.39,0
Clayey,82.73,27.35,197.4,6.89,1.22,1.64,37.41,49.66,2
Clayey,67.37,6.43,184.06,6.66,1.22,2.23,26.88,50.34,2
Clayey,67.41,26.83,29.18,7.01,1.2,1.07,35.93,51.59,2
Black,100.17,30.48,192.71,8.12,1.57,0.88,20.33,69.5,1
Sandy,22.85,48.36,121.82,5.88,0.34,0.19,36.28,60.26,4
Loamy,13.33,51.02,129.56,6.06,0.67,1.25,27.94,76.71,3
Loamy,87.88,86.91,179.82,7.02,0.8,0.67,34.15,46.01,3
Alluvial,110.19,53.43,238.22,6.32,0.46,1.29,20.5,47.14,0
Loamy,52.03,19.03,21.08,7.49,1.14,1.27,34.41,55.69,3
Loamy,4.92,53.81,190.12,6.92,0.98,0.6,23.19,44.66,3
Clayey,128.74,71.74,134.48,6.64,1.34,2.16,32.97,92.87,2
Black,97.76,30.42,28.93,8.31,1.49,1.1,28.85,52.82,1
Loamy,74.73,68.65,53.51,7.25,0.71,0.58,37.03,74.23,3
Black,83.4,67.61,199.0,8.15,1.39,1.28,32.11,66.91,1
Clayey,139.78,80.96,232.61,7.87,1.45,0.6,25.49,52.72,2
Loamy,119.44,80.47,231.44,7.27,1.13,1.28,30.05,56.27,3
Black,127.49,55.27,69.31,7.77,1.69,1.76,31.81,68.24,1
Loamy,2.31,63.39,40.96,6.49,0.79,0.94,24.53,74.28,3
Loamy,12.56,35.57,177.95,6.77,0.53,1.06,19.44,48.11,3
Black,105.93,72.23,155.09,7.25,1.37,1.3,25.15,55.26,1
Sandy,24.58,31.35,262.38,6.39,0.31,0.38,21.45,71.88,4
Loamy,116.45,21.32,250.62,6.85,0.9,1.11,29.65,46.98,3
Clayey,54.42,4.93,168.55,6.78,1.28,1.79,33.24,69.56,2
Loamy,88.33,88.84,12.88,7.38,1.16,0.41,36.62,40.29,3
Silty,84.66,37.33,248.65,7.44,1.05,0.35,29.28,68.4,5
Alluvial,54.18,11.1,260.35,6.67,1.19,0.63,20.57,64.52,0
Alluvial,51.31,16.48,174.29,6.84,1.17,0.94,36.72,87.67,0
Loamy,76.87,83.9,87.45,7.29,0.67,0.76,32.99,74.68,3
Loamy,85.96,78.19,155.07,6.44,0.91,0.5,31.58,61.56,3
Black,3.39,13.03,60.76,7.5,1.885,0.63,37.73,57.34,1
Clayey,70.69,51.28,93.37,6.95,0.65,0.71,36.81,89.83,2
Loamy,80.24,54.86,53.76,7.42,0.76,1.3,22.01,62.74,3
Silty,101.15,45.16,46.81,7.3,0.95,0.64,27.29,85.14,5
Loamy,4.56,3.59,28.82,7.19,0.64,1.08,26.21,52.72,3
Loamy,50.76,77.14,38.0,6.54,0.55,0.58,36.8,89.06,3
Alluvial,99.47,81.03,56.17,6.69,0.44,0.18,34.45,51.55,0
Clayey,130.69,88.61,129.78,7.06,0.67,1.92,26.31,62.44,2
Silty,122.51,63.53,213.11,6.13,0.63,1.24,26.64,77.38,5
Alluvial,134.64,30.85,243.34,6.12,0.97,0.35,35.27,82.49,0
Sandy,27.97,48.03,28.75,6.49,0.15,0.23,30.82,89.57,4
Alluvial,112.4,72.78,236.61,6.12,0.68,0.34,36.28,88.4,0
Black,5.37,2.29,181.03,7.37,1.885,1.66,36.72,52.87,1
Clayey,105.39,70.3,141.8,7.77,0.62,1.04,24.19,66.55,2
Sandy,37.99,86.89,186.85,6.53,0.37,0.37,23.19,56.08,4
Alluvial,58.31,63.92,44.12,7.23,0.72,0.19,31.46,86.37,0
Loamy,72.49,8.21,177.29,6.31,0.62,1.11,27.09,80.98,3
Loamy,74.42,7.64,116.62,6.15,0.49,1.21,37.46,93.89,3
Clayey,60.15,66.47,257.91,6.97,1.02,1.92,31.05,82.56,2
Loamy,134.42,22.25,31.46,6.6,0.5,0.71,22.76,85.12,3
Loamy,97.96,84.48,267.86,7.1,0.63,0.88,25.23,82.77,3
Loamy,83.53,28.43,170.25,6.36,1.08,0.42,20.69,57.61,3
Silty,131.96,8.29,24.48,7.43,1.01,0.64,21.95,74.47,5
Black,121.45,4.1,199.79,7.97,1.18,1.56,37.7,41.59,1
Black,121.15,20.68,107.64,7.82,1.48,1.19,30.31,78.0,1
Clayey,14.26,35.67,93.06,6.67,1.46,0.54,28.68,85.31,2
Silty,10.91,43.65,150.24,7.44,0.72,1.2,25.53,59.98,5
Alluvial,3.99,9.97,212.63,6.96,0.79,0.52,18.81,45.21,0
Silty,62.17,65.62,60.06,6.03,0.67,0.56,22.61,59.29,5
Sandy,72.96,20.16,26.73,6.63,0.47,0.18,24.11,48.67,4
Alluvial,128.41,25.41,27.68,7.1,0.65,0.51,35.96,59.24,0
Loamy,58.72,53.84,205.68,6.89,0.76,1.22,33.85,74.6,3
Loamy,10.1,83.06,229.45,6.32,0.67,1.04,36.43,93.82,3
Sandy,19.17,70.67,35.5,5.65,0.35,0.33,34.34,40.77,4
Black,6.36,69.38,157.43,7.97,0.93,0.5,26.45,61.89,1
Black,56.71,50.83,272.36,7.22,1.82,1.02,31.86,43.9,1
Loamy,73.31,66.69,83.71,7.18,0.42,1.26,18.81,51.06,3
Black,85.62,7.57,246.74,7.99,1.12,0.44,32.93,87.18,1
Alluvial,131.33,18.88,74.28,6.84,0.94,1.09,26.57,46.97,0
Sandy,16.25,12.13,23.09,5.78,0.34,0.25,35.6,42.48,4
Black,130.29,7.01,161.95,7.65,1.72,1.57,37.99,86.38,1
Sandy,31.85,41.75,215.89,5.77,0.35,0.09,29.61,61.35,4
Sandy,9.88,9.67,273.88,6.95,0.17,0.28,24.66,72.73,4
Silty,83.03,35.36,242.5,7.21,0.69,0.49,34.93,59.6,5
Loamy,119.52,70.9,268.81,7.5,0.82,0.58,35.75,57.5,3
Alluvial,74.15,4.13,30.39,7.17,1.13,0.69,35.43,41.67,0
Black,108.86,8.29,74.91,7.47,1.3,0.78,31.78,71.08,1
Sandy,42.14,40.56,269.2,5.74,0.28,0.38,24.6,92.92,4
Alluvial,58.6,11.8,43.94,7.45,0.65,0.96,19.05,89.93,0
Alluvial,14.15,8.39,38.9,6.17,0.71,0.79,20.73,82.02,0
Black,62.54,11.78,247.28,7.75,1.15,0.87,29.08,73.48,1
Sandy,54.2,46.17,244.3,7.07,0.24,0.39,18.97,48.17,4
Black,98.37,11.8,26.71,7.75,1.31,0.62,33.63,77.4,1
Sandy,33.54,80.25,176.46,7.01,0.23,0.1,31.48,84.23,4
Black,9.72,61.86,133.3,8.39,1.27,0.53,26.11,77.38,1
Clayey,57.13,49.03,108.65,6.64,1.22,2.08,22.04,92.4,2
Clayey,55.54,31.6,222.11,6.76,1.21,0.85,35.7,52.18,2
Sandy,30.14,82.58,215.08,5.52,0.37,0.35,28.86,69.13,4
Alluvial,86.72,65.0,92.47,6.68,1.09,0.32,30.81,88.26,0
Alluvial,51.35,6.84,279.0,6.15,1.16,1.44,21.6,67.64,0
Alluvial,98.83,88.28,232.5,7.34,0.77,0.44,29.11,92.09,0
Sandy,25.3,84.18,177.15,6.34,0.32,0.24,26.15,75.81,4
Alluvial,135.8,48.81,15.15,6.59,0.78,1.36,18.16,89.43,0
Loamy,7.18,12.74,72.59,6.77,0.45,0.41,27.99,72.67,3
Alluvial,104.56,5.01,37.41,6.46,0.73,1.01,33.81,40.65,0
Loamy,73.64,50.35,216.01,6.36,1.06,0.55,28.06,43.73,3
Silty,112.24,80.67,153.93,6.79,1.11,1.28,24.27,81.45,5
Loamy,63.77,74.51,22.78,6.64,0.57,1.02,37.55,55.49,3
Black,105.57,70.85,150.18,7.24,1.08,1.43,36.63,78.93,1
Loamy,116.3,2.21,231.5,6.63,0.71,1.14,23.06,53.69,3
Sandy,98.17,66.38,114.79,5.56,0.44,0.22,20.22,55.32,4
Alluvial,60.53,24.79,58.4,6.02,0.75,0.73,24.83,93.05,0
Alluvial,118.79,49.41,114.75,6.24,0.8,0.78,20.94,70.37,0
Loamy,81.16,62.37,39.78,7.27,0.56,0.66,29.72,59.65,3
Loamy,12.14,77.35,175.86,6.58,0.51,0.68,19.23,76.05,3
Alluvial,50.75,16.61,25.77,6.84,0.68,0.52,21.71,68.16,0
Loamy,55.8,55.94,30.86,6.32,0.79,0.27,28.11,84.94,3
Sandy,21.21,17.87,259.2,6.72,0.38,0.27,29.2,48.46,4
Clayey,112.07,67.99,204.53,7.78,0.63,1.14,24.22,45.48,2
Black,134.9,39.21,258.15,7.3,1.19,1.21,33.61,81.55,1
Loamy,128.52,27.25,50.95,7.17,1.19,1.13,27.66,68.27,3
Silty,50.53,57.4,16.18,7.08,0.92,0.8,25.14,45.96,5
Alluvial,118.02,87.15,58.64,6.55,0.45,1.06,24.29,84.56,0
Silty,119.61,80.01,36.65,7.14,0.72,0.34,29.24,51.78,5
Silty,116.27,5.44,46.69,6.89,0.85,1.03,20.33,72.81,5
Alluvial,108.38,61.0,168.36,7.13,0.92,0.57,18.23,78.31,0
Silty,76.65,51.19,71.34,6.71,0.56,0.58,37.55,45.94,5
Clayey,64.54,19.47,33.11,6.89,1.1,1.56,36.55,65.21,2
Sandy,15.64,52.68,11.24,6.85,0.22,0.29,35.45,67.92,4
Alluvial,7.59,56.17,205.6,6.78,0.85,0.13,30.68,94.16,0
Silty,133.48,34.62,57.9,7.49,0.81,0.71,34.8,94.84,5
Black,116.76,68.96,74.51,8.26,1.5,1.72,34.49,55.19,1
Silty,114.66,51.86,41.28,7.25,0.49,1.02,36.67,78.8,5
Alluvial,105.09,44.64,47.76,6.34,0.72,1.47,27.76,78.62,0
Black,114.45,20.83,102.82,7.62,1.49,1.51,20.89,84.62,1
Loamy,138.74,85.02,245.54,6.9,0.66,0.77,35.78,65.73,3
Silty,117.15,51.67,97.14,6.37,0.97,1.43,33.53,70.37,5
Alluvial,116.05,42.88,118.78,6.77,0.56,1.45,26.14,62.51,0
Silty,104.45,62.76,130.45,7.4,0.54,0.28,36.18,75.09,5
Alluvial,89.46,12.42,222.66,6.4,0.68,0.28,30.44,73.07,0
Loamy,91.35,89.34,86.72,7.01,0.53,0.35,24.22,94.13,3
Silty,63.77,50.45,133.3,6.81,0.56,1.26,35.54,46.93,5
Loamy,134.78,15.15,130.59,7.36,1.03,0.92,18.47,58.12,3
Alluvial,11.85,51.67,33.93,6.68,0.63,1.25,23.12,46.62,0
Loamy,51.33,77.28,158.37,6.62,0.67,0.28,20.78,53.03,3
Silty,7.9,36.18,90.55,6.46,0.91,0.45,21.38,82.62,5
Loamy,12.54,27.57,199.37,7.44,1.03,0.89,33.17,52.37,3
Silty,123.42,84.78,240.23,7.24,1.11,0.82,30.87,73.51,5
Loamy,122.13,85.47,54.62,7.31,1.16,1.36,23.3,67.23,3
Silty,81.49,66.67,121.96,6.4,0.53,0.59,29.11,45.5,5
Alluvial,56.69,88.19,240.9,6.69,0.8,1.48,21.57,89.75,0
Sandy,14.98,63.92,165.38,6.03,0.35,0.39,34.87,81.9,4
Alluvial,68.15,16.26,227.03,7.31,0.49,0.59,34.71,48.95,0
Loamy,97.82,8.99,17.4,6.76,0.56,0.5,29.63,82.94,3
Clayey,138.78,67.21,183.66,6.39,0.65,0.56,18.94,88.35,2
Black,75.77,71.14,164.9,8.02,1.66,0.53,20.58,68.96,1
Silty,8.08,6.79,69.34,6.8,0.73,0.43,31.42,81.47,5
Loamy,86.15,85.93,224.3,6.87,1.14,0.87,23.71,86.43,3
Loamy,5.09,28.39,30.23,6.44,0.63,0.52,32.3,49.42,3
Loamy,75.47,45.04,118.75,7.33,0.52,1.21,19.45,77.03,3
Alluvial,73.28,67.25,15.06,6.69,0.76,0.73,23.65,85.94,0
Sandy,59.54,18.98,15.59,5.98,0.49,0.36,30.28,84.24,4
Clayey,101.47,9.6,82.44,7.83,1.24,0.84,19.48,65.56,2
Clayey,102.88,14.93,269.64,6.09,0.76,0.55,20.84,56.76,2
Loamy,124.9,32.77,120.84,7.45,0.6,0.79,27.29,93.84,3
Silty,104.37,63.66,180.63,6.03,0.58,0.42,19.43,43.81,5
Alluvial,135.9,19.25,25.14,6.71,0.52,0.15,32.67,75.06,0
Alluvial,98.06,40.33,115.07,7.04,1.07,0.2,30.42,89.0,0
Black,64.19,3.23,69.16,8.13,1.62,0.89,37.06,62.3,1
Sandy,16.39,69.12,129.22,6.37,0.24,0.33,23.26,60.65,4
Silty,124.5,11.81,90.96,6.54,0.58,0.79,21.05,87.26,5
Alluvial,67.14,45.37,47.88,7.08,0.95,1.41,25.79,80.79,0
Sandy,7.69,5.87,101.55,6.68,0.25,0.11,21.98,91.5,4
Silty,97.77,57.19,80.15,7.17,0.7,1.04,23.75,48.9,5
Alluvial,100.42,3.75,95.64,7.23,0.56,1.0,18.79,56.8,0
Black,88.25,21.26,37.43,7.75,1.62,1.31,29.74,66.21,1
Clayey,74.73,18.75,194.96,6.02,0.97,1.01,24.38,82.19,2
Black,110.47,82.93,16.54,7.86,1.05,0.68,37.32,91.79,1
Alluvial,116.05,15.89,187.28,6.03,0.52,0.77,33.86,47.3,0
Alluvial,91.18,31.46,240.51,6.2,0.84,0.91,24.27,86.13,0
Silty,96.59,76.55,194.84,6.69,1.01,0.7,24.98,76.87,5
Alluvial,11.44,16.37,47.47,7.48,1.02,0.91,30.8,91.66,0
Sandy,124.04,31.71,22.31,6.31,0.4,0.14,31.63,69.34,4
Black,11.92,62.71,24.64,7.27,0.85,1.0,18.66,40.06,1
Alluvial,71.32,72.09,272.87,6.2,1.15,0.56,27.33,56.79,0
Alluvial,119.96,86.57,204.2,6.38,0.49,1.26,29.92,65.32,0
Alluvial,92.81,52.93,222.78,7.19,0.56,0.79,31.23,62.51,0
Alluvial,139.68,72.98,28.69,6.18,1.03,0.6,34.47,77.43,0
Loamy,125.47,85.97,247.34,7.1,1.12,0.84,27.67,58.48,3
Loamy,67.77,82.86,73.65,6.64,0.95,0.11,23.72,68.43,3
Loamy,124.0,55.01,271.1,6.86,1.02,1.13,22.34,79.28,3
Black,2.3,18.02,26.75,8.13,0.9,1.54,31.6,85.7,1
Loamy,5.43,11.47,61.91,6.87,1.13,0.98,33.08,65.93,3
Alluvial,97.87,17.35,16.82,6.92,1.1,0.95,37.99,85.94,0
Black,128.71,69.94,264.65,8.08,0.93,1.06,19.08,40.67,1
Alluvial,97.72,38.29,229.29,7.39,0.78,0.9,26.86,57.52,0
Loamy,82.62,69.01,179.93,6.0,1.02,1.3,21.55,56.71,3
Loamy,135.56,60.74,118.48,7.25,0.55,0.78,30.07,57.16,3
Loamy,125.15,21.79,207.04,7.36,1.16,0.78,26.71,53.76,3
Black,118.67,66.28,179.48,7.27,1.885,0.92,27.8,41.77,1
Black,103.24,10.97,38.57,8.42,1.52,1.45,32.05,55.35,1
Silty,4.92,33.32,170.68,6.52,1.12,1.02,19.99,90.71,5
Sandy,91.42,82.3,132.46,6.88,0.4,0.39,28.5,66.24,4
Clayey,63.33,62.31,200.3,6.51,0.63,1.67,33.04,67.7,2
Loamy,89.79,14.55,28.37,6.3,1.19,0.48,29.77,70.63,3
Alluvial,81.32,48.94,274.64,6.47,0.49,1.01,37.31,62.89,0
Alluvial,93.43,37.29,165.4,6.32,0.79,0.67,31.5,74.83,0
Loamy,13.2,8.7,29.38,7.37,0.94,1.15,31.66,75.39,3
Black,8.1,19.54,192.27,7.25,1.55,1.04,29.34,70.44,1
Alluvial,93.22,24.19,149.37,7.27,1.11,1.3,27.89,66.95,0
Loamy,87.04,51.5,38.41,7.24,0.76,1.23,31.49,62.25,3
Loamy,118.64,44.2,186.66,6.1,0.59,0.36,32.55,77.36,3
Sandy,62.26,60.43,105.31,5.79,0.44,0.36,18.37,88.88,4
Clayey,77.49,7.03,69.91,6.38,0.81,1.54,22.1,83.37,2
Sandy,41.13,35.2,165.47,6.83,0.33,0.37,19.82,77.34,4
Sandy,23.09,51.01,112.65,5.83,0.38,0.33,35.21,66.06,4
Alluvial,92.8,35.45,30.97,6.32,0.62,0.86,37.34,48.8,0
Clayey,130.51,24.74,83.27,6.52,1.43,1.83,23.42,56.73,2
Black,9.6,6.83,224.77,7.67,1.885,0.48,32.38,67.32,1
Silty,59.73,4.53,54.66,6.16,1.14,1.26,30.38,47.9,5
Loamy,126.11,82.9,235.16,6.07,1.1,0.6,20.56,94.89,3
Silty,113.83,52.57,149.47,6.08,0.63,1.43,22.47,78.81,5
Alluvial,94.22,79.8,208.02,6.35,0.59,0.68,29.6,44.9,0
Alluvial,100.91,21.36,206.2,6.19,0.68,1.3,36.1,63.9,0
Alluvial,89.2,15.79,226.55,7.23,0.95,0.25,25.54,45.52,0
Loamy,82.96,58.12,181.58,7.23,0.4,0.63,25.3,89.75,3
Clayey,126.96,4.48,138.61,6.11,0.82,2.09,24.93,41.06,2
Loamy,126.28,36.64,129.99,7.42,1.05,0.76,26.47,74.44,3
Black,5.84,24.14,246.25,7.94,1.27,1.54,29.26,92.27,1
Alluvial,104.09,8.7,225.24,6.67,0.85,0.36,34.81,57.8,0
Loamy,95.07,46.48,116.11,6.43,1.13,0.61,31.87,81.78,3
Loamy,104.02,6.65,250.14,6.0,1.16,0.17,24.55,55.94,3
Alluvial,134.79,24.33,55.81,7.04,0.41,0.83,19.04,63.98,0
Clayey,13.03,9.5,203.67,7.07,0.87,0.6,33.39,53.46,2
Silty,2.48,7.91,162.16,6.21,0.41,0.43,29.8,56.39,5
Sandy,16.08,54.48,111.74,5.96,0.31,0.3,26.85,75.58,4
Silty,11.73,71.14,175.64,6.65,0.94,1.32,19.42,89.07,5
Black,100.64,48.32,56.14,7.32,1.31,0.86,30.25,80.59,1
Clayey,92.12,6.56,192.38,7.2,0.79,1.26,19.46,60.8,2
Sandy,97.23,53.51,127.96,7.2,0.48,0.23,24.2,53.84,4
Black,75.84,24.7,124.71,8.31,1.34,1.31,35.89,40.54,1
Alluvial,103.43,61.17,26.91,6.84,1.1,0.77,18.36,58.41,0
Silty,87.56,87.03,36.04,7.39,0.67,0.56,24.13,76.64,5
Clayey,7.16,49.81,31.62,8.0,0.96,0.92,20.2,71.52,2
Loamy,77.39,64.6,241.89,6.61,0.86,0.96,31.87,91.27,3
Loamy,111.88,47.62,144.7,6.44,0.61,0.84,37.67,61.58,3
Clayey,100.83,2.03,41.99,6.98,0.99,1.58,35.64,64.44,2
Loamy,66.34,11.12,222.95,6.31,1.13,0.4,35.5,73.78,3
Black,56.41,73.89,90.83,7.79,1.33,0.82,32.51,43.76,1
Clayey,64.92,88.56,26.65,6.97,0.93,0.87,29.78,74.46,2
Loamy,14.96,56.28,121.44,6.53,1.12,0.44,36.99,58.1,3
Sandy,47.83,58.84,121.05,6.95,0.35,0.18,22.2,82.69,4
Black,128.94,79.42,142.77,7.95,1.43,1.03,18.31,63.45,1
Clayey,113.89,13.83,131.97,6.75,0.76,2.0,32.1,52.48,2
Loamy,89.03,26.18,83.48,7.05,0.88,0.76,18.12,56.55,3
Alluvial,106.93,28.58,254.37,7.0,0.65,0.61,35.26,68.0,0
Clayey,112.93,61.58,14.98,6.04,1.2,1.0,28.51,92.09,2
Sandy,51.66,66.45,174.34,5.7,0.36,0.32,35.79,78.52,4
Loamy,6.72,83.98,242.96,6.76,0.5,1.08,28.49,52.59,3
Silty,10.8,73.93,160.67,6.06,0.72,1.18,29.0,45.34,5
Loamy,100.11,66.7,25.2,6.42,0.9,1.21,34.28,73.34,3
Loamy,55.93,59.77,176.31,6.55,1.0,0.84,23.62,90.06,3
Loamy,104.02,8.84,35.03,6.58,0.7,0.21,19.11,55.65,3
Loamy,61.51,34.99,158.6,6.32,0.52,0.19,29.78,83.44,3
Black,3.06,33.51,93.48,7.76,0.98,0.65,30.4,69.46,1
Alluvial,5.86,83.86,231.25,6.62,0.41,0.77,22.6,54.08,0
Black,106.01,9.43,107.76,7.23,1.04,0.44,24.4,58.67,1
Sandy,100.14,78.24,108.76,6.69,0.44,0.19,28.47,66.7,4
Silty,135.19,29.73,197.09,6.59,0.93,0.37,32.8,64.65,5
Silty,76.99,27.11,39.45,6.54,0.87,1.33,18.86,87.85,5
Silty,112.88,30.57,38.46,7.39,1.1,0.6,28.66,47.58,5
Loamy,128.94,41.62,36.86,6.36,1.19,0.23,35.21,68.7,3
Loamy,125.82,5.34,12.83,6.05,0.46,1.09,32.14,66.91,3
Loamy,7.02,83.95,208.1,6.86,1.14,1.19,25.37,79.22,3
Loamy,81.17,8.89,264.29,7.48,0.92,1.22,21.34,79.47,3
Clayey,97.91,31.41,257.9,7.12,0.64,1.17,25.37,42.51,2
Silty,84.35,59.44,209.61,6.49,1.06,1.49,25.84,89.77,5
Loamy,2.6,57.08,32.76,6.8,0.78,0.4,19.19,94.61,3
Black,96.75,47.34,245.18,8.37,1.56,0.43,37.06,63.29,1
Black,115.02,76.84,129.79,7.22,1.25,1.29,26.96,86.82,1
Loamy,10.06,3.28,33.46,6.99,0.76,0.46,20.33,51.25,3
Sandy,9.53,24.28,24.96,5.91,0.4,0.2,18.95,92.75,4
Loamy,87.52,59.8,82.63,6.94,0.58,0.19,24.77,70.89,3
Silty,84.43,36.07,89.4,6.85,0.56,0.99,28.71,90.54,5
Black,120.53,34.15,23.12,8.16,1.03,1.2,30.42,85.07,1
Sandy,7.56,32.0,238.72,5.81,0.46,0.4,23.88,43.13,4
Alluvial,113.24,7.02,96.77,6.64,1.13,0.68,26.8,83.78,0
Clayey,95.18,57.06,115.84,6.04,1.09,1.84,31.37,52.55,2
Loamy,79.57,86.2,36.22,7.35,0.97,1.36,25.54,89.27,3
Black,3.8,31.16,67.47,7.47,1.87,1.34,19.8,70.99,1
Black,50.74,80.38,79.93,8.46,1.11,0.74,36.95,58.83,1
Alluvial,91.23,20.55,10.69,6.02,0.98,0.16,22.28,63.81,0
Black,59.73,50.71,146.22,7.29,0.97,1.39,37.03,91.97,1
Clayey,54.2,8.67,36.6,6.51,1.14,1.66,26.85,46.31,2
Clayey,116.87,83.35,23.14,7.3,1.02,0.82,28.2,79.55,2
Sandy,30.2,62.29,20.83,7.14,0.39,0.11,20.55,83.01,4
Black,7.64,4.18,64.76,7.31,1.7,1.71,22.38,71.78,1
Loamy,84.25,11.48,211.18,6.47,1.09,0.64,25.0,57.23,3
Loamy,107.07,20.14,213.26,6.67,0.65,1.49,23.38,64.67,3
Loamy,130.1,77.63,30.49,6.73,1.08,0.98,33.83,45.47,3
Silty,73.11,45.7,203.7,7.14,0.63,0.47,19.59,72.7,5
Black,94.63,84.43,252.49,7.86,1.36,1.54,33.72,56.29,1
Loamy,124.37,31.38,99.39,6.59,0.73,1.16,28.45,63.69,3
Loamy,80.27,63.77,16.46,6.94,0.59,0.21,20.67,77.75,3
Silty,9.05,56.01,58.79,7.48,0.58,0.67,26.36,54.47,5
Silty,87.41,72.96,166.51,6.44,0.79,1.42,28.94,42.93,5
Clayey,9.78,80.67,70.1,7.2,1.21,1.18,24.79,58.44,2
Alluvial,126.91,64.87,35.15,7.06,0.7,0.3,22.32,43.82,0
Clayey,85.37,78.12,34.3,6.28,0.68,2.3,28.13,72.68,2
Alluvial,100.97,66.96,240.49,7.3,0.43,0.27,27.28,81.86,0
Alluvial,57.62,13.72,57.74,6.18,0.67,0.57,24.87,72.66,0
Loamy,108.24,83.39,199.96,6.23,0.63,1.19,34.22,45.99,3
Clayey,111.08,47.82,254.94,7.73,0.97,0.59,24.72,56.19,2
Alluvial,135.5,5.09,124.39,7.25,0.92,0.64,33.77,59.33,0
Alluvial,12.29,41.87,204.89,7.39,0.69,0.4,23.87,85.05,0
Alluvial,75.34,16.21,66.27,6.88,0.77,0.73,31.98,41.24,0
Alluvial,129.79,11.93,125.72,7.33,1.06,0.81,28.53,77.31,0
Loamy,83.47,33.9,244.59,7.5,0.89,1.43,37.97,74.63,3
Loamy,70.97,82.44,39.22,6.22,0.42,0.57,22.4,57.03,3
Alluvial,91.75,14.7,212.32,7.42,0.8,0.48,24.58,75.94,0
Silty,131.12,7.09,62.98,7.39,0.67,0.75,27.91,45.86,5
Alluvial,112.06,42.71,81.54,6.18,0.88,1.3,26.06,44.18,0
Silty,86.94,25.4,216.28,6.85,0.79,0.9,20.54,45.71,5
Alluvial,114.26,33.41,110.58,6.97,0.97,0.97,26.76,56.91,0
Sandy,52.9,68.94,83.9,6.41,0.2,0.09,25.99,67.93,4
Sandy,90.28,62.97,206.67,6.59,0.43,0.35,35.86,92.57,4
Alluvial,64.41,40.73,31.96,6.06,1.1,0.37,24.11,93.64,0
Alluvial,10.75,68.62,176.84,7.27,0.58,0.69,26.99,81.75,0
Sandy,64.43,67.24,205.57,6.4,0.46,0.25,37.34,56.51,4
Black,58.32,3.94,176.66,7.94,1.21,1.48,36.19,50.37,1
Sandy,125.52,6.93,247.68,7.2,0.41,0.21,30.68,86.4,4
Silty,137.62,6.26,252.33,6.47,1.12,1.24,35.61,81.67,5
Loamy,134.46,73.14,62.55,7.21,1.13,0.12,19.63,41.15,3
Loamy,122.28,44.13,31.55,7.41,0.9,1.26,35.13,66.98,3
Loamy,110.72,9.17,60.98,6.6,0.64,0.88,27.98,58.53,3
Alluvial,14.05,70.51,224.99,6.63,1.18,1.05,27.56,63.64,0
Silty,125.8,75.84,10.63,6.37,1.1,1.5,19.97,93.87,5
Sandy,8.3,3.03,76.4,5.63,0.38,0.25,33.84,62.88,4
Alluvial,99.42,67.75,278.34,6.41,1.06,0.57,20.63,42.71,0
Alluvial,126.24,4.06,79.05,7.45,0.81,1.38,28.96,64.92,0
Alluvial,2.05,45.8,21.75,6.24,0.71,0.97,27.36,55.13,0
Black,111.63,77.02,206.93,7.24,1.29,0.43,26.12,41.71,1
Sandy,57.65,9.42,61.84,6.72,0.46,0.29,36.09,68.92,4
Silty,131.9,83.25,112.25,6.4,0.61,0.39,32.11,77.17,5
Alluvial,52.71,86.65,84.19,7.44,0.96,0.45,18.98,56.09,0
Black,10.33,68.45,278.35,7.23,1.35,1.51,31.58,52.75,1
Black,51.56,7.39,83.1,7.49,1.28,0.97,22.17,46.9,1
Loamy,72.13,48.14,27.59,6.63,1.18,0.2,32.48,76.41,3
Silty,56.27,45.24,93.14,6.08,0.56,1.23,32.91,74.88,5
Clayey,81.52,19.49,37.25,6.11,0.91,2.3,20.26,63.72,2
Loamy,113.64,81.65,89.12,7.4,1.16,1.18,24.91,81.41,3
Sandy,74.24,89.13,13.42,7.07,0.49,0.16,27.27,73.74,4
Alluvial,3.68,24.01,148.45,7.44,1.08,0.94,30.97,41.55,0
Clayey,51.23,16.21,127.92,6.65,1.21,1.69,21.08,60.73,2
Black,59.39,16.01,116.89,7.56,0.8,1.03,30.3,86.06,1
Loamy,104.35,9.25,235.77,6.78,0.84,1.29,36.48,75.15,3
Sandy,126.25,48.36,261.02,7.05,0.49,0.35,37.39,67.64,4
Silty,114.64,2.04,185.34,7.16,1.15,1.35,28.43,87.41,5
Loamy,120.63,48.84,113.87,6.73,0.46,0.37,19.65,70.27,3
Black,130.84,36.7,13.4,8.2,1.37,1.76,20.06,42.91,1
Sandy,48.93,72.09,163.77,6.64,0.18,0.39,33.95,72.77,4
Sandy,83.43,9.44,120.81,6.82,0.41,0.08,30.21,46.56,4
Loamy,108.18,27.28,212.16,7.42,1.05,0.97,30.91,94.22,3
Loamy,6.98,30.51,252.81,7.48,0.74,0.67,27.82,72.95,3
Sandy,110.25,11.37,21.98,6.22,0.46,0.16,35.6,87.15,4
Alluvial,50.74,61.32,13.11,7.33,1.12,1.45,23.45,71.81,0
Alluvial,95.04,73.46,67.54,6.28,0.67,0.25,31.19,57.8,0
Sandy,109.05,78.39,93.17,5.83,0.42,0.07,24.54,69.54,4
Loamy,104.78,5.17,237.65,6.08,0.67,0.99,25.11,55.49,3
Clayey,131.08,35.04,173.54,7.16,0.66,1.93,28.02,66.93,2
Alluvial,5.39,20.27,125.46,6.18,0.83,1.45,29.71,80.54,0
Loamy,101.89,64.84,60.1,6.28,0.83,0.37,20.46,71.09,3
Silty,99.19,66.08,263.92,7.04,1.08,1.1,31.31,54.58,5
Black,88.19,11.25,109.57,7.28,1.58,0.66,25.36,60.66,1
Silty,95.71,8.53,203.74,6.01,0.59,0.27,24.17,88.23,5
Alluvial,65.5,70.98,26.54,6.43,0.77,0.69,33.56,56.28,0
Black,12.79,37.96,83.16,7.63,1.62,0.81,25.49,54.96,1
Alluvial,2.96,73.43,231.1,6.1,0.57,0.65,22.14,58.48,0
Alluvial,66.81,62.39,123.94,6.02,1.07,1.23,37.65,76.6,0
Sandy,12.95,47.45,276.59,6.85,0.16,0.23,26.51,73.22,4
Alluvial,67.27,62.26,43.42,6.28,0.4,0.96,24.27,48.22,0
Alluvial,11.54,43.21,229.82,6.94,0.93,0.96,24.13,65.85,0
Black,76.45,70.47,125.63,8.22,1.56,1.21,26.22,77.0,1
Sandy,9.43,3.28,21.44,6.43,0.15,0.28,21.24,60.31,4
Alluvial,135.31,2.25,250.37,7.15,0.61,0.39,30.77,61.32,0
Black,84.96,75.65,142.79,7.81,1.13,1.07,30.07,89.25,1
Loamy,57.35,20.83,68.92,6.97,0.62,1.37,30.61,80.45,3
Silty,116.44,49.21,37.21,6.86,0.69,1.38,19.28,69.59,5
Sandy,17.92,14.16,90.24,5.96,0.33,0.39,31.68,44.69,4
Silty,116.24,10.63,164.81,6.35,0.76,0.51,33.88,54.64,5
Loamy,69.66,58.24,169.64,6.73,1.09,0.32,25.6,87.48,3
Sandy,54.39,30.2,123.44,6.25,0.19,0.09,34.92,73.98,4
Loamy,11.78,3.62,127.54,6.18,0.85,1.07,23.68,80.31,3
Loamy,11.67,62.95,26.81,6.24,0.77,0.56,20.44,46.2,3
Sandy,123.03,76.28,172.43,7.07,0.46,0.29,24.12,51.98,4
Clayey,117.33,63.31,32.5,8.03,0.81,1.68,27.76,50.26,2
Loamy,54.9,62.53,239.25,6.26,0.42,0.29,25.47,88.1,3
Loamy,106.49,84.82,104.77,6.82,0.89,1.17,25.18,79.47,3
Alluvial,111.21,9.87,64.04,6.72,1.14,1.17,23.01,69.85,0
Alluvial,67.5,70.0,98.88,6.74,0.53,0.94,25.63,60.62,0
Alluvial,2.03,8.34,101.84,6.49,1.06,0.43,29.85,56.38,0
Alluvial,105.01,4.82,78.92,6.22,0.52,0.87,33.29,41.29,0
Sandy,30.03,5.6,97.68,7.06,0.22,0.28,35.08,71.44,4
Silty,86.97,80.15,161.88,6.34,0.47,0.82,24.68,51.43,5
Black,96.93,72.32,115.03,7.72,1.885,1.13,21.57,72.17,1
Clayey,109.97,53.72,12.52,7.37,1.46,1.37,33.1,84.21,2
Alluvial,96.59,23.39,274.61,6.99,1.16,1.2,25.5,45.88,0
Alluvial,127.75,57.7,173.61,7.27,0.62,0.15,34.26,83.25,0
Silty,105.18,14.48,156.62,6.58,1.08,0.8,35.42,51.74,5
Alluvial,90.69,75.4,15.1,7.2,0.82,0.98,24.77,76.19,0
Loamy,59.94,2.95,203.88,6.31,1.04,1.05,29.5,50.41,3
Silty,98.04,6.72,274.14,6.85,0.5,1.12,19.0,49.93,5
Loamy,106.96,67.61,70.21,6.19,0.49,1.32,30.65,42.89,3
Black,130.98,9.36,107.67,7.66,1.82,0.51,33.57,69.88,1
Clayey,51.55,85.81,122.17,8.14,0.93,0.59,18.2,77.9,2
Sandy,57.95,61.1,241.76,5.81,0.35,0.31,28.8,62.79,4
Black,129.6,19.0,199.94,7.53,1.09,1.01,23.21,66.16,1
Loamy,107.7,86.29,239.91,6.64,0.91,1.26,26.52,75.46,3
Alluvial,83.41,66.4,126.24,6.21,0.85,0.56,22.92,71.76,0
Loamy,84.34,4.17,97.19,6.13,0.59,1.18,28.59,88.54,3
Alluvial,11.85,80.61,104.23,6.29,0.6,0.6,34.47,59.7,0
Black,69.31,88.19,43.02,8.18,1.77,0.58,25.04,63.58,1
Alluvial,70.07,52.05,52.81,6.26,1.13,1.46,26.73,72.0,0
Sandy,37.59,18.4,35.59,5.61,0.36,0.07,21.43,71.07,4
Silty,134.4,10.34,13.37,7.49,0.73,1.02,19.33,92.42,5
Alluvial,123.48,34.03,138.49,7.39,0.7,1.04,19.66,45.62,0
Black,78.69,14.1,128.92,7.33,1.51,1.16,21.77,70.89,1
Loamy,4.43,33.78,147.64,7.14,0.58,1.13,19.86,42.53,3
Sandy,82.74,15.81,172.2,6.92,0.48,0.39,29.17,86.75,4
Black,95.41,83.32,187.02,8.27,1.41,1.18,34.81,48.16,1
Loamy,125.57,38.83,136.73,7.0,0.77,0.54,37.64,83.12,3
Alluvial,88.91,76.2,36.17,6.07,0.49,0.48,31.51,91.29,0
Clayey,80.53,44.9,188.17,6.88,0.61,1.18,20.42,54.99,2
Alluvial,61.59,12.75,133.59,7.42,1.07,0.17,21.89,50.13,0
Silty,13.72,43.49,242.55,7.45,0.75,1.0,36.65,73.07,5
Loamy,51.99,55.19,29.57,7.08,1.03,1.22,26.89,91.97,3
Sandy,108.36,64.24,250.64,6.47,0.44,0.16,22.69,54.43,4
Black,95.01,18.26,79.41,8.03,1.35,0.66,27.59,88.82,1
Loamy,76.64,36.09,270.23,6.74,0.93,0.17,21.65,57.12,3
Alluvial,124.96,13.55,107.11,6.53,0.65,0.65,31.59,71.1,0
Alluvial,59.22,20.52,199.06,7.28,0.76,1.41,22.62,83.51,0
Alluvial,50.23,60.26,177.12,7.11,1.12,1.01,28.74,83.22,0
Sandy,97.69,62.67,49.87,6.07,0.43,0.38,27.88,59.83,4
Alluvial,14.84,24.13,167.18,7.33,0.66,0.42,27.62,42.52,0
Loamy,13.92,77.23,38.79,7.32,0.68,1.01,22.3,42.04,3
Alluvial,112.1,79.58,38.05,7.25,1.15,0.41,24.93,82.59,0
Sandy,24.76,8.07,128.48,6.34,0.18,0.19,32.59,51.39,4
Alluvial,72.83,49.51,184.67,6.01,1.04,1.01,19.31,78.78,0
Sandy,27.35,26.67,141.41,6.05,0.13,0.31,19.04,56.52,4
Silty,101.5,25.37,16.46,7.31,0.8,0.37,18.69,94.04,5
Clayey,111.97,79.73,38.46,7.46,1.45,1.39,26.09,83.16,2
Sandy,43.34,84.41,201.82,6.44,0.11,0.28,24.41,50.93,4
Black,137.64,13.13,36.23,8.46,0.95,1.71,37.95,91.83,1
Clayey,91.46,30.14,123.71,6.67,0.96,1.29,34.0,85.88,2
Loamy,99.76,78.75,55.39,6.87,0.58,1.05,24.94,69.6,3
Loamy,55.75,38.51,180.27,6.77,1.01,0.23,29.12,62.26,3
Alluvial,97.41,53.03,225.18,7.4,0.52,0.14,24.29,66.5,0
Alluvial,65.27,10.76,89.28,7.42,0.64,0.13,22.7,63.21,0
Loamy,6.92,25.87,148.12,7.41,0.59,0.17,27.83,41.01,3
Silty,8.28,69.74,57.46,6.2,1.11,0.56,26.49,40.98,5
Loamy,130.35,89.86,75.37,6.06,0.73,0.8,20.41,47.9,3
Alluvial,108.06,54.6,190.99,6.71,0.95,0.82,30.26,79.56,0
Alluvial,115.1,3.68,109.77,6.84,0.87,0.87,35.06,52.11,0
Alluvial,52.34,17.2,101.64,6.25,1.12,1.31,37.45,70.72,0
Silty,121.05,24.35,32.89,6.77,1.08,1.28,37.68,56.0,5
Silty,61.62,6.48,207.98,6.34,1.16,0.51,32.83,67.47,5
Silty,60.98,5.72,82.88,7.18,0.73,0.31,29.14,83.29,5
Loamy,66.94,26.96,115.06,7.21,1.16,1.49,24.36,92.61,3
Black,57.28,62.55,193.45,7.55,1.0,1.62,19.9,57.54,1
Alluvial,8.26,9.82,235.09,6.29,0.6,0.43,21.68,65.55,0
Sandy,38.41,75.14,222.06,5.82,0.34,0.32,34.06,88.36,4
Loamy,75.29,30.99,85.63,6.53,1.2,0.12,32.18,44.66,3
Sandy,102.32,82.69,232.13,7.14,0.45,0.35,35.89,40.64,4
Alluvial,122.52,10.74,108.13,6.18,0.62,0.51,21.49,72.4,0
Loamy,69.07,8.53,164.37,7.41,0.71,0.99,20.85,50.3,3
Sandy,47.72,7.82,37.03,5.67,0.27,0.09,37.59,93.92,4
Sandy,68.07,42.92,180.21,6.84,0.43,0.37,21.21,51.58,4
Black,79.82,50.03,33.57,7.53,1.885,1.57,36.08,42.44,1
Loamy,73.76,32.48,133.24,7.36,0.58,0.38,20.79,67.9,3
Alluvial,111.5,67.94,253.85,6.38,0.41,0.72,33.21,42.65,0
Sandy,28.85,6.64,39.06,6.38,0.35,0.34,35.12,52.69,4
Loamy,90.22,23.85,11.08,7.39,1.04,1.13,22.93,47.88,3
Loamy,105.47,24.68,199.77,7.47,1.12,0.2,33.27,63.61,3
Clayey,11.3,9.34,242.68,8.11,1.27,0.55,32.06,44.77,2
Sandy,58.74,56.76,36.97,6.83,0.3,0.18,22.46,75.94,4
Loamy,12.88,13.22,220.47,6.59,1.01,1.01,19.99,61.82,3
Loamy,9.19,26.11,96.89,6.86,0.51,1.02,19.45,59.51,3
Loamy,132.46,41.07,179.1,7.19,0.92,0.78,28.01,93.99,3
Sandy,58.27,21.94,234.86,5.53,0.18,0.38,23.52,59.29,4
Black,123.33,81.05,91.2,7.74,0.88,0.54,29.49,82.26,1
Black,10.49,37.03,49.47,7.3,0.98,1.28,21.83,90.12,1
Silty,86.54,88.77,222.62,7.23,1.08,0.79,37.32,68.29,5
Sandy,66.19,4.61,262.84,6.43,0.42,0.12,20.92,74.78,4
Sandy,90.94,69.82,100.4,5.82,0.49,0.13,18.4,69.77,4
Loamy,89.15,42.48,18.68,7.45,0.82,1.08,34.54,48.6,3
Alluvial,59.54,85.06,13.78,6.63,0.64,0.78,32.99,43.93,0
Loamy,91.3,27.3,153.48,6.39,0.51,1.47,33.12,68.66,3
Loamy,115.87,9.78,86.11,7.33,0.61,0.31,28.2,68.65,3
Sandy,26.01,77.24,238.1,6.81,0.2,0.09,31.36,76.62,4
Loamy,81.42,20.57,61.65,6.02,0.67,1.42,34.31,90.51,3
Loamy,138.1,39.21,144.51,6.9,0.43,1.49,33.05,83.6,3
Loamy,9.45,59.31,88.4,6.13,0.77,1.09,28.85,52.22,3
Alluvial,9.35,13.7,250.31,6.06,0.72,1.08,35.89,68.85,0
Sandy,128.69,57.9,202.45,6.6,0.44,0.39,31.76,78.76,4
Alluvial,125.39,80.65,23.22,6.22,1.01,0.92,22.18,92.12,0
Clayey,93.2,76.17,22.95,7.88,1.5,0.69,36.32,56.38,2
Black,135.4,14.86,254.57,7.47,1.8,1.42,24.09,67.51,1
Silty,70.84,85.99,36.92,6.37,0.83,1.14,20.79,71.37,5
Loamy,55.86,72.42,218.97,6.33,1.01,0.12,34.27,40.25,3
Sandy,17.29,24.82,81.11,6.61,0.17,0.22,22.77,52.46,4
Sandy,13.99,21.87,35.53,6.99,0.15,0.07,30.57,72.03,4
Loamy,60.27,29.24,106.67,6.2,0.52,0.29,37.23,71.82,3
Black,63.53,43.88,76.58,7.26,1.885,1.78,25.28,47.1,1
Loamy,8.02,86.16,227.53,7.31,1.19,0.56,31.19,87.11,3
Clayey,123.82,36.82,53.87,6.38,1.44,0.52,33.7,65.0,2
Sandy,56.02,8.09,13.51,7.07,0.24,0.26,33.51,84.49,4
Sandy,3.02,57.48,81.87,6.02,0.2,0.28,23.24,63.79,4
Sandy,41.04,5.04,79.32,6.75,0.35,0.27,37.02,69.61,4
Clayey,51.9,78.69,259.86,7.97,0.68,2.44,25.07,79.57,2
Loamy,86.01,81.52,154.16,6.52,0.52,1.26,28.89,92.61,3
Loamy,14.81,71.6,272.25,6.17,0.7,0.37,33.47,53.38,3
Clayey,7.44,51.2,202.88,6.11,1.29,1.84,19.55,84.29,2
Loamy,125.17,7.73,112.08,6.06,0.46,0.67,35.4,81.04,3
Alluvial,131.2,13.98,161.03,7.12,0.68,0.73,18.66,65.76,0
Sandy,18.51,49.59,147.84,6.17,0.14,0.13,37.13,63.86,4
Sandy,51.32,46.17,160.92,6.11,0.24,0.19,37.65,43.3,4
Loamy,103.84,24.69,101.22,6.49,1.09,0.56,26.33,59.45,3
Sandy,11.38,5.75,154.64,6.95,0.15,0.32,28.67,76.27,4
Loamy,84.81,3.34,250.95,6.64,0.94,0.47,31.99,58.79,3
Alluvial,11.54,38.4,275.64,6.63,0.43,0.75,21.62,72.5,0
Black,139.18,22.47,93.39,7.72,1.885,1.78,19.78,54.95,1
Loamy,110.95,65.82,163.98,7.26,0.97,0.65,35.7,53.86,3
Loamy,79.95,32.13,193.99,6.77,1.11,0.75,20.4,88.36,3
Loamy,107.49,52.58,222.1,7.05,0.62,0.67,33.16,73.98,3
Alluvial,83.4,65.8,148.95,6.81,0.84,0.41,34.72,77.29,0
Alluvial,98.46,21.67,33.75,6.21,0.66,0.85,30.97,61.46,0
Silty,128.53,51.98,35.56,6.61,0.55,1.17,32.33,46.06,5
Black,13.98,74.55,186.2,7.71,1.885,0.62,23.39,55.62,1
Loamy,85.92,74.61,271.62,6.38,0.93,0.64,30.72,83.02,3
Silty,81.91,30.09,258.88,6.14,0.67,0.96,35.05,71.89,5
Alluvial,51.66,14.96,252.02,6.81,0.53,1.05,35.38,59.65,0
Silty,59.5,89.31,91.03,6.83,0.75,0.74,21.97,68.97,5
Alluvial,101.14,41.87,274.46,6.06,0.62,1.05,28.15,70.37,0
Alluvial,124.69,62.72,214.0,7.47,0.73,1.05,36.73,92.79,0
Sandy,98.33,34.71,143.63,6.39,0.48,0.36,32.29,62.13,4
Silty,105.52,4.75,171.69,6.28,1.13,0.42,22.6,42.08,5
Loamy,131.52,33.49,218.3,6.58,0.45,1.49,22.38,67.41,3
Alluvial,122.34,46.16,159.77,6.95,0.81,1.07,34.21,63.52,0
Alluvial,70.73,56.35,229.54,6.54,0.67,0.41,33.73,60.05,0
Silty,108.12,26.77,134.34,6.75,0.68,1.35,35.25,51.71,5
Silty,118.7,11.77,161.63,6.47,1.14,1.14,23.01,46.29,5
Black,75.34,15.9,265.36,7.65,1.68,1.23,27.88,44.7,1
Loamy,4.09,3.64,70.03,6.11,0.47,1.21,18.15,63.27,3
Alluvial,12.15,53.51,214.89,6.1,0.81,0.15,30.1,61.57,0
Loamy,8.53,84.86,144.48,6.77,1.14,0.85,20.55,63.8,3
Clayey,71.7,27.79,268.04,6.78,1.35,1.88,37.17,79.87,2
Alluvial,110.61,43.76,248.1,6.65,0.73,0.15,24.65,47.3,0
Loamy,88.85,36.58,132.83,7.16,0.48,0.64,30.06,94.99,3
Silty,116.7,30.73,116.02,7.04,0.84,0.39,37.81,60.58,5
Clayey,67.83,53.75,279.29,7.21,1.13,1.46,29.32,42.44,2
Sandy,99.23,30.53,197.77,6.76,0.47,0.2,37.16,82.33,4
Alluvial,13.46,31.79,238.02,6.29,0.81,1.09,19.67,82.52,0
Alluvial,111.46,82.27,87.78,7.09,0.72,1.05,19.72,43.05,0
Loamy,92.17,7.94,221.49,6.1,0.55,1.06,27.08,74.67,3
Black,59.9,39.09,175.04,7.22,1.84,0.61,21.86,84.11,1
Clayey,81.64,27.98,99.58,7.5,1.05,0.65,21.61,89.59,2
Loamy,10.52,45.78,38.08,6.83,1.14,0.4,30.11,60.1,3
Clayey,100.45,8.12,250.7,6.41,1.02,0.62,19.4,63.05,2
Clayey,59.87,35.51,74.08,7.9,1.43,1.34,26.17,46.14,2
Alluvial,94.83,81.81,271.6,7.11,0.57,1.1,25.24,75.81,0
Alluvial,9.76,28.14,38.8,6.12,0.5,1.39,19.19,60.54,0
Loamy,80.01,45.32,15.88,6.39,0.6,0.94,26.99,67.13,3
Loamy,77.46,2.94,208.58,7.12,0.54,0.25,24.54,55.92,3
Black,95.98,27.13,167.95,7.75,0.81,1.34,37.58,44.04,1
Silty,107.32,51.75,138.52,6.81,1.13,0.38,21.84,66.85,5
Loamy,55.23,52.12,164.86,7.29,1.13,0.85,35.21,45.37,3
Silty,131.42,11.11,166.33,6.29,0.77,1.46,26.46,68.88,5
Loamy,130.31,8.48,226.19,7.48,1.18,1.21,36.24,79.19,3
Alluvial,8.49,63.66,120.66,6.92,0.87,0.54,36.72,71.11,0
Sandy,10.03,58.67,120.54,5.64,0.35,0.13,33.05,60.63,4
Loamy,90.42,52.91,215.52,7.38,1.15,1.29,31.92,88.99,3
Loamy,131.03,27.48,186.37,7.18,0.95,0.56,25.84,94.43,3
Sandy,26.8,53.4,21.43,6.07,0.24,0.2,28.75,55.34,4
Silty,138.29,11.6,166.62,7.33,0.7,0.4,24.83,55.23,5
Loamy,88.87,9.91,15.01,6.02,0.66,1.17,24.74,41.72,3
Alluvial,62.4,63.69,274.79,7.0,0.76,0.21,28.64,51.77,0
Black,73.82,68.06,83.58,8.27,1.49,1.78,33.65,48.12,1
Clayey,69.6,65.47,206.82,8.04,0.96,1.35,36.45,79.22,2
Loamy,63.0,54.24,101.48,6.48,0.91,0.83,22.66,61.94,3
Loamy,2.65,78.42,13.1,6.35,1.04,1.01,28.64,59.59,3
Black,121.2,7.31,141.35,7.65,1.28,0.58,19.84,74.05,1
Clayey,55.43,73.81,38.75,6.98,1.14,1.95,32.01,41.26,2
Black,89.43,38.71,171.55,7.6,1.21,1.05,22.76,94.38,1
Sandy,83.93,82.73,227.35,6.81,0.47,0.3,33.01,93.4,4
Black,57.42,68.88,166.63,7.86,1.54,0.5,37.07,50.07,1
Loamy,80.89,64.97,154.65,6.12,1.05,1.29,21.81,70.4,3
Black,134.47,63.02,241.08,7.67,1.885,1.36,33.32,60.85,1
Silty,55.13,39.95,145.96,6.13,0.98,0.75,30.18,40.36,5
Loamy,96.31,17.0,193.96,6.79,1.04,1.09,36.22,45.13,3
Black,94.0,63.26,122.84,7.98,1.14,1.38,36.89,78.8,1
Loamy,92.34,33.62,214.82,7.16,1.15,0.7,33.96,51.16,3
Loamy,116.44,68.75,24.47,7.43,0.5,0.36,35.91,64.41,3
Alluvial,138.53,5.04,28.46,7.29,0.72,0.99,19.51,40.7,0
Black,80.72,87.33,178.54,7.46,1.81,1.45,34.02,54.55,1
Silty,81.75,79.73,107.22,6.41,0.85,1.13,28.93,78.65,5
Alluvial,104.79,80.1,250.94,6.49,0.98,0.75,20.17,63.56,0
Alluvial,88.63,81.79,102.11,6.69,1.07,1.15,22.98,91.66,0
Silty,68.13,13.36,272.6,6.3,1.02,1.27,34.14,59.84,5
Loamy,106.01,46.98,263.92,6.22,1.1,0.82,25.84,62.16,3
Loamy,68.11,57.24,70.61,6.01,0.62,1.31,37.72,65.53,3
Sandy,8.52,56.94,38.16,6.61,0.41,0.14,20.44,70.17,4
Loamy,13.47,8.06,265.79,6.88,0.73,0.16,19.99,87.02,3
Loamy,132.99,14.08,149.83,6.11,0.46,1.17,32.46,61.63,3
Sandy,47.55,37.17,137.04,5.94,0.3,0.18,26.07,79.2,4
Black,124.33,35.05,10.48,7.79,0.91,0.45,36.19,86.03,1
Sandy,19.05,3.81,183.95,5.73,0.32,0.07,29.02,53.78,4
Sandy,139.71,17.92,200.66,5.56,0.47,0.27,23.06,61.56,4
Loamy,67.98,2.98,69.3,6.69,1.17,1.22,22.21,60.13,3
Alluvial,9.91,75.69,251.47,6.17,0.76,0.71,22.69,46.24,0
Sandy,56.17,79.44,228.15,5.83,0.47,0.07,29.49,44.6,4
Black,61.49,74.2,171.38,7.79,1.68,0.82,36.03,67.25,1
Black,114.97,71.88,67.45,7.97,1.24,0.46,26.88,49.73,1
Alluvial,94.51,8.4,276.34,6.04,1.08,0.74,29.76,54.11,0
Silty,4.9,6.02,256.91,6.98,0.66,0.15,21.36,40.53,5
Black,64.71,37.43,170.52,7.37,1.39,0.98,29.85,66.74,1
Loamy,69.91,25.67,62.66,6.4,0.66,0.43,36.68,47.93,3
Black,73.65,56.06,235.55,7.73,0.93,1.57,33.57,88.95,1
Black,6.82,36.15,252.09,7.68,1.83,0.86,18.51,62.35,1
Black,99.16,4.68,199.78,7.54,1.51,0.6,27.83,82.46,1
Silty,55.36,54.44,227.84,6.81,1.01,0.78,29.48,54.59,5
Loamy,10.0,42.22,259.88,6.58,0.59,0.92,23.86,57.76,3
Loamy,69.87,67.26,160.45,6.46,1.0,0.89,28.41,44.05,3
Silty,136.87,86.8,33.87,7.13,0.85,1.35,32.51,69.18,5
Silty,12.66,5.23,88.92,6.44,0.89,1.04,34.65,74.21,5
Sandy,22.79,29.79,270.02,5.78,0.36,0.28,19.35,63.58,4
Black,100.58,22.61,214.08,7.4,1.17,0.44,18.74,54.27,1
Alluvial,115.25,11.87,73.64,6.08,0.67,1.36,37.75,59.85,0
Silty,73.11,58.9,111.18,7.4,0.85,0.98,22.34,44.67,5
Loamy,62.96,81.27,277.0,6.19,1.12,0.61,23.78,47.9,3
Alluvial,138.18,6.34,33.36,7.32,0.95,0.65,27.44,86.9,0
Loamy,70.69,37.03,279.54,6.6,0.44,0.32,34.51,88.61,3
Sandy,99.78,52.94,209.48,6.7,0.46,0.13,22.14,48.75,4
Silty,3.73,87.14,132.86,6.22,0.95,0.53,24.95,64.45,5
Silty,76.78,56.76,139.91,6.85,1.18,0.88,24.04,43.7,5
Black,92.86,89.02,139.9,8.28,1.27,0.99,30.99,42.77,1
Loamy,66.28,46.96,21.46,6.37,1.09,1.48,33.83,88.61,3
Loamy,139.47,52.99,207.53,6.94,0.44,1.4,19.12,74.75,3
Loamy,70.79,2.32,178.3,6.4,0.54,0.95,28.91,53.46,3
Alluvial,79.24,8.58,41.43,6.54,1.04,1.3,36.91,47.91,0
Black,59.79,84.57,143.08,7.92,1.14,1.4,32.69,67.56,1
Loamy,14.95,37.1,10.61,7.04,0.71,1.04,19.94,52.97,3
Black,66.84,72.58,268.95,7.98,1.74,1.69,29.6,77.51,1
Silty,97.88,24.12,188.75,6.32,1.03,0.34,23.83,83.53,5
Alluvial,78.83,25.66,233.26,6.03,0.9,0.15,34.9,54.22,0
Loamy,64.63,80.61,85.67,6.0,0.96,0.64,20.26,77.52,3
Loamy,94.61,11.03,267.66,6.06,0.92,0.55,33.93,50.56,3
Sandy,76.5,54.64,261.54,5.54,0.45,0.3,20.04,73.06,4
Loamy,3.04,51.78,38.77,7.12,0.99,1.15,18.32,70.93,3
Loamy,7.07,38.9,95.12,6.52,0.45,0.92,35.15,60.61,3
Sandy,31.01,17.06,28.0,6.2,0.34,0.31,21.09,66.49,4
Clayey,81.84,61.09,38.97,6.54,1.26,1.61,20.74,86.47,2
Clayey,90.85,80.35,253.98,6.95,1.12,2.09,22.77,50.96,2
Silty,136.06,71.19,36.77,6.98,0.7,0.81,32.97,92.23,5
Loamy,114.39,74.47,94.98,6.44,0.76,0.94,24.01,76.36,3
Clayey,134.4,76.13,33.55,6.21,0.74,1.89,36.13,62.47,2
Alluvial,8.26,77.03,72.41,7.01,1.0,0.44,31.95,52.35,0
Black,125.9,56.26,252.92,7.22,1.72,0.64,27.69,90.96,1
Alluvial,69.11,15.97,184.36,6.76,0.99,0.31,37.04,57.09,0
Black,122.07,46.86,26.59,7.81,1.39,0.91,36.11,69.96,1
Loamy,6.17,56.54,90.24,6.93,0.78,0.74,26.93,46.75,3
Loamy,14.66,60.74,232.02,7.33,1.15,1.39,34.71,71.78,3
Sandy,96.5,89.35,43.66,6.61,0.4,0.24,27.82,45.03,4
Clayey,123.4,60.2,30.06,7.17,0.9,1.78,33.26,81.08,2
Sandy,66.45,81.67,25.15,6.05,0.5,0.15,20.11,94.0,4
Loamy,126.38,23.03,97.72,6.56,0.93,1.25,18.87,60.04,3
Silty,119.67,42.24,210.64,6.96,0.54,0.98,31.68,92.99,5
Alluvial,73.15,38.27,83.46,6.87,0.77,0.68,29.44,78.36,0
Loamy,108.33,9.63,103.29,6.21,0.68,0.94,27.0,52.56,3
Sandy,131.29,23.38,149.12,6.72,0.42,0.35,30.4,72.79,4
Silty,11.94,23.62,201.6,6.91,0.86,0.8,27.05,68.46,5
Sandy,33.41,64.42,185.36,6.85,0.35,0.19,32.05,83.19,4
Alluvial,138.6,67.51,51.1,6.83,0.54,1.26,25.9,68.45,0
Alluvial,67.59,22.01,44.55,6.51,0.5,0.43,35.46,55.89,0
Loamy,102.69,50.18,78.89,6.56,0.89,1.11,32.6,84.08,3
Black,82.09,28.61,186.62,8.3,1.29,1.37,36.42,50.08,1
Sandy,52.96,83.36,155.1,6.59,0.12,0.14,28.91,85.82,4
Black,128.73,80.15,231.6,7.2,1.8,1.01,22.97,60.5,1
Sandy,47.43,62.89,139.79,6.31,0.16,0.3,25.08,81.49,4
Alluvial,137.35,88.3,62.56,6.14,0.56,1.09,20.08,62.7,0
Silty,7.84,6.8,244.39,6.9,0.69,0.51,28.28,77.59,5
Loamy,124.53,73.32,30.45,7.05,1.12,0.86,37.35,64.15,3
Silty,97.76,50.58,207.28,6.61,0.81,1.01,26.2,45.49,5
Alluvial,101.6,8.84,210.58,6.04,0.84,0.93,20.62,72.59,0
Alluvial,109.62,36.22,123.99,7.21,0.91,1.05,35.94,40.94,0
Loamy,84.8,80.42,26.72,6.15,0.97,0.59,25.86,88.75,3
Loamy,134.26,74.83,69.06,6.84,0.85,1.23,25.78,76.77,3
Silty,137.28,37.31,229.14,7.31,0.63,1.02,35.03,74.27,5
Loamy,102.74,8.57,274.54,6.55,1.08,0.34,23.26,65.83,3
Alluvial,56.41,80.98,221.46,6.07,0.43,0.82,21.94,74.13,0
Alluvial,65.17,37.36,71.1,6.35,0.95,1.47,23.68,80.86,0
Alluvial,89.9,85.84,63.66,7.46,0.9,0.29,33.34,73.97,0
Loamy,74.55,78.36,150.14,6.79,1.1,1.1,30.41,44.36,3
Loamy,105.96,57.18,34.78,6.34,0.65,1.08,19.22,45.95,3
Black,135.87,78.06,103.65,7.66,1.59,1.51,18.15,56.32,1
Loamy,78.54,52.88,195.3,6.57,0.84,0.23,32.07,47.52,3
Loamy,77.04,75.24,136.37,7.23,0.93,0.83,19.93,93.79,3
Loamy,118.14,25.21,113.15,6.99,1.1,0.64,20.18,73.12,3
Loamy,51.96,29.16,165.74,7.18,0.64,1.27,32.35,88.43,3
Alluvial,8.67,5.76,173.19,7.37,0.86,0.9,19.83,51.21,0
Sandy,11.65,75.0,170.45,7.02,0.19,0.29,28.92,92.68,4
Black,62.9,9.24,214.82,7.51,1.19,1.2,36.32,65.17,1
Loamy,88.17,33.19,162.96,7.43,1.06,0.16,34.02,66.11,3
Clayey,117.78,68.12,258.15,6.17,1.17,1.21,32.61,85.58,2
Silty,74.81,27.7,19.74,6.82,0.47,0.51,21.4,84.02,5
Alluvial,71.91,89.06,268.03,6.92,1.02,0.41,29.27,78.44,0
Clayey,115.96,28.73,122.82,7.47,1.17,2.2,20.95,67.82,2
Loamy,76.5,53.89,188.51,7.05,1.07,0.96,29.78,90.34,3
Black,85.17,42.05,196.44,8.45,1.45,1.01,34.19,74.44,1
Clayey,2.68,25.73,97.04,8.05,0.8,0.5,24.61,66.1,2
Loamy,115.16,43.48,125.37,6.85,0.48,1.21,19.96,68.81,3
Alluvial,112.52,6.3,63.12,6.12,0.52,0.97,35.24,73.77,0
Alluvial,97.3,17.29,175.72,7.2,0.51,0.9,30.23,80.08,0
Black,12.14,35.0,86.35,7.3,1.73,1.73,28.12,73.33,1
Silty,67.83,27.45,187.89,7.1,0.67,0.81,25.65,66.52,5
Loamy,139.04,4.89,176.68,6.51,0.91,0.19,34.86,72.26,3
Loamy,74.0,30.78,151.69,6.16,1.0,0.71,27.22,63.84,3
Silty,128.76,2.72,180.39,6.91,1.11,0.89,33.06,63.83,5
Clayey,103.59,72.17,156.48,7.28,0.6,1.06,28.19,79.89,2
Loamy,95.37,74.34,167.48,6.04,0.4,0.96,23.39,83.24,3
Clayey,51.26,68.59,203.36,6.44,0.61,1.03,33.85,54.12,2
Silty,109.03,22.41,97.0,7.08,0.49,1.19,25.86,55.4,5
Loamy,137.0,68.17,30.45,7.19,1.13,0.37,31.02,51.96,3
Alluvial,62.63,31.42,43.24,6.5,0.49,0.23,29.9,47.99,0
Black,4.86,21.9,151.58,7.25,1.2,1.22,20.83,64.04,1
Loamy,62.99,80.64,132.54,6.1,0.83,0.8,30.29,69.05,3
Sandy,3.92,9.92,103.89,6.57,0.26,0.24,37.52,60.42,4
Loamy,93.34,42.49,181.54,6.12,0.88,0.15,26.78,91.37,3
Silty,6.14,43.85,275.62,6.77,0.49,0.3,21.13,69.74,5
Black,62.54,20.79,207.88,7.67,1.57,1.1,25.55,92.87,1
Loamy,68.22,34.9,177.54,6.2,1.11,0.83,24.65,81.09,3
Loamy,6.94,40.92,51.43,7.21,0.68,0.7,20.79,40.26,3
Loamy,123.09,2.82,178.47,7.27,1.06,1.33,29.64,69.04,3
Black,55.46,21.1,128.34,7.77,1.53,0.97,31.99,42.64,1
Silty,13.05,47.45,256.57,6.96,1.11,0.81,36.61,89.25,5
Sandy,20.35,36.83,33.12,5.62,0.3,0.27,31.52,69.1,4
Alluvial,12.5,85.41,165.84,7.06,0.83,0.84,21.01,88.32,0
Loamy,90.34,17.81,211.98,6.12,0.89,0.27,37.38,71.33,3
Black,128.48,4.9,244.54,8.43,1.0,1.7,27.95,72.72,1
Alluvial,120.66,29.61,214.45,6.22,0.54,1.09,27.1,94.24,0
Loamy,71.31,27.69,182.22,7.25,0.41,0.95,34.36,53.73,3
Loamy,2.64,36.48,157.56,6.69,0.76,0.34,20.6,64.87,3
Clayey,54.14,80.17,17.12,6.32,0.84,1.22,19.23,84.28,2
Alluvial,8.58,45.85,273.33,7.37,1.14,0.21,37.81,75.76,0
Alluvial,101.32,55.47,200.61,6.17,0.97,1.1,19.71,74.46,0
Alluvial,126.76,66.2,28.02,6.24,0.87,1.46,23.64,55.83,0
Black,60.09,9.04,14.22,8.22,1.57,1.62,26.35,93.48,1
Silty,79.4,29.43,182.22,6.51,0.63,0.59,36.01,56.89,5
Loamy,93.22,57.92,75.09,6.92,0.52,0.86,27.59,76.2,3
Alluvial,6.81,38.37,41.51,7.0,0.73,0.13,37.74,54.5,0
Alluvial,105.08,19.58,70.83,7.09,0.49,0.56,30.81,84.74,0
Clayey,59.25,45.13,183.73,6.57,0.77,2.33,22.62,70.57,2
Black,100.74,75.96,211.28,8.49,1.6,0.89,35.06,49.56,1
Sandy,39.3,5.93,93.78,5.78,0.15,0.11,29.06,49.67,4
Silty,7.85,75.09,273.48,7.21,0.53,1.04,26.17,58.21,5
Sandy,49.81,23.87,256.24,5.97,0.36,0.24,37.05,60.11,4
Silty,120.94,67.22,245.2,6.64,0.59,0.18,18.19,93.15,5
Black,105.22,47.06,52.52,8.49,1.81,1.44,37.93,70.33,1
Black,129.83,56.08,10.23,8.1,1.885,0.66,26.15,77.11,1
Clayey,76.21,74.6,150.37,6.92,0.84,1.48,31.1,50.41,2
Alluvial,106.31,21.87,21.42,7.41,0.68,1.07,20.1,87.97,0
Sandy,57.8,4.2,59.78,7.05,0.23,0.19,36.7,56.27,4
Alluvial,126.67,5.92,34.59,6.11,1.13,0.26,24.48,57.07,0
Silty,91.96,87.16,249.76,6.98,1.07,1.2,30.89,60.45,5
Black,118.49,52.52,46.92,7.54,1.49,1.0,25.37,88.67,1
Loamy,82.31,2.38,229.19,6.65,0.6,0.11,34.85,62.07,3
Sandy,19.15,45.1,229.89,6.42,0.32,0.12,27.24,48.18,4
Sandy,76.66,79.67,34.58,5.56,0.44,0.3,28.91,80.03,4
Alluvial,128.87,31.78,115.52,7.08,0.72,0.76,36.61,71.82,0
Loamy,130.04,36.39,45.51,6.79,0.57,1.33,27.52,54.84,3
Black,109.96,31.18,132.03,8.01,1.49,1.35,29.85,41.98,1
Silty,126.01,8.48,242.31,6.09,1.11,0.73,20.77,41.69,5
Black,87.22,45.43,50.57,7.75,1.6,1.64,35.84,87.81,1
Clayey,128.2,7.42,45.93,8.06,1.41,2.16,34.92,73.41,2
Loamy,119.13,41.14,231.23,6.52,0.74,1.38,37.62,61.33,3
Clayey,68.05,66.89,164.08,7.08,0.87,1.13,35.96,84.58,2
Black,132.22,6.66,231.7,8.36,1.82,0.59,25.26,87.2,1
Loamy,92.06,67.89,153.77,7.49,0.55,1.06,26.64,62.57,3
Alluvial,77.84,68.14,106.17,6.51,0.58,1.35,19.06,60.55,0
Clayey,78.7,44.57,208.47,6.37,1.41,1.37,18.26,57.37,2
Loamy,84.0,57.19,65.34,7.45,0.91,1.45,19.33,63.8,3
Silty,132.75,14.76,130.42,7.19,0.99,0.21,37.77,72.96,5
Loamy,101.72,54.85,222.18,6.36,0.94,0.42,33.16,76.89,3
Silty,9.45,54.03,226.53,6.86,0.44,0.55,23.65,50.12,5
Loamy,110.42,76.54,243.16,6.55,0.48,1.08,21.44,66.75,3
Black,59.42,67.34,104.92,7.61,1.51,1.44,21.33,48.12,1
Loamy,100.46,19.59,82.9,6.15,0.63,1.02,21.44,43.7,3
Alluvial,86.76,34.13,50.06,6.46,0.65,1.17,36.79,70.17,0
Silty,69.72,14.88,25.33,7.16,0.54,0.82,31.83,53.44,5
Alluvial,70.03,13.21,30.06,6.87,0.72,1.25,20.66,58.85,0
Loamy,81.74,29.42,51.31,6.8,0.84,1.24,28.69,88.86,3
Loamy,85.55,62.01,219.65,7.15,0.49,0.68,24.45,83.86,3
Silty,109.21,39.48,167.29,6.47,0.58,0.22,32.89,62.47,5
Loamy,80.92,84.46,59.87,7.22,1.0,1.08,18.61,56.53,3
Loamy,108.14,85.79,55.1,7.03,0.67,0.74,24.73,66.49,3
Sandy,55.3,56.3,188.93,5.76,0.4,0.3,20.71,66.05,4
Silty,109.32,55.24,32.61,6.15,0.41,0.82,22.09,82.69,5
Clayey,73.33,34.73,35.64,6.09,1.23,0.67,29.38,60.6,2
Loamy,127.13,2.23,50.91,6.12,0.65,0.62,34.09,64.43,3
Sandy,14.23,41.53,32.97,6.67,0.13,0.26,25.48,60.62,4
Loamy,120.02,4.63,68.47,6.68,0.7,0.95,37.53,53.31,3
Black,117.64,16.36,267.56,8.24,0.83,1.24,32.06,92.2,1
Alluvial,137.27,32.82,64.1,7.38,0.61,0.54,33.18,91.13,0
Loamy,12.54,66.22,13.4,6.7,0.69,0.98,31.18,83.67,3
Black,130.03,89.17,58.96,7.87,1.41,1.31,20.6,47.17,1
Black,57.94,42.86,166.44,7.9,1.72,1.17,27.24,89.54,1
Sandy,26.59,46.86,268.87,5.62,0.19,0.17,24.27,89.63,4
Alluvial,96.0,22.83,253.62,7.07,0.76,0.56,23.86,80.21,0
Alluvial,62.22,25.26,91.24,6.07,1.15,1.03,32.61,44.89,0
Loamy,60.51,39.9,64.71,6.97,1.15,1.19,35.62,81.23,3
Clayey,95.19,56.99,187.61,6.61,1.13,0.56,32.32,76.09,2
Alluvial,55.44,47.33,16.48,6.53,0.61,0.63,23.98,80.49,0
Loamy,113.31,40.99,154.54,6.88,0.52,0.56,27.1,40.5,3
Loamy,94.51,83.04,124.28,6.91,0.72,1.18,22.4,73.45,3
Silty,59.04,77.89,110.83,6.55,1.04,0.31,26.79,57.81,5
Silty,132.19,12.38,122.01,7.12,0.45,0.64,22.48,84.84,5
Loamy,2.39,22.4,165.47,6.04,0.75,0.97,34.86,68.86,3
Alluvial,77.37,62.86,99.76,7.33,1.02,1.31,33.26,46.63,0
Black,59.76,67.95,65.43,7.35,1.54,0.53,27.35,59.63,1
Loamy,71.42,69.65,141.59,6.83,0.67,0.1,31.57,86.88,3
Sandy,5.27,74.89,49.37,6.69,0.28,0.34,32.27,69.45,4
Sandy,18.09,70.05,91.2,5.83,0.33,0.34,18.06,90.16,4
Alluvial,92.22,70.4,261.73,7.17,0.45,1.0,32.88,57.02,0
Silty,13.79,18.31,244.36,7.43,0.5,0.18,28.45,82.46,5
Alluvial,80.42,66.05,240.91,6.94,1.11,1.2,29.9,83.15,0
Sandy,14.15,17.98,215.84,6.3,0.42,0.34,35.73,75.8,4
Alluvial,102.27,65.35,252.52,6.17,0.99,1.45,35.48,93.79,0
Sandy,123.4,4.09,16.72,5.6,0.49,0.14,23.04,43.91,4
Silty,110.96,59.44,206.39,7.35,0.62,0.72,34.58,88.27,5
Loamy,85.78,85.82,92.41,6.06,0.83,1.37,36.83,92.46,3
Loamy,137.79,14.59,64.74,7.03,0.9,1.48,27.03,61.17,3
Loamy,7.69,4.77,76.63,6.09,0.62,0.91,22.71,83.61,3
Loamy,57.57,10.41,132.13,6.45,0.48,1.49,30.6,58.27,3
Sandy,35.68,57.05,122.82,6.98,0.26,0.07,31.4,63.75,4
Loamy,135.37,27.09,233.98,6.17,0.8,0.26,22.93,63.69,3
Sandy,14.33,34.63,255.08,6.24,0.33,0.09,29.49,80.85,4
Silty,96.78,41.65,104.11,6.01,1.05,0.88,33.43,89.47,5
Clayey,133.18,25.93,189.95,7.11,1.01,0.5,30.89,48.82,2
Loamy,126.58,60.93,16.36,6.58,0.74,1.24,30.99,50.52,3
Black,13.25,80.49,21.22,8.12,1.1,1.36,32.26,55.25,1
Black,93.22,16.8,35.67,7.36,1.07,1.75,36.45,84.57,1
Clayey,13.52,22.55,246.14,6.19,1.1,2.05,24.23,57.97,2
Black,4.52,29.64,25.25,7.99,1.885,0.49,32.74,90.4,1
Clayey,117.45,61.69,148.24,6.99,1.2,2.39,19.0,80.8,2
Clayey,14.61,42.65,132.2,6.3,1.06,1.51,24.35,48.17,2
Black,106.7,3.51,254.57,8.39,0.88,0.56,26.96,42.67,1
Black,88.63,61.56,264.3,7.81,1.33,0.88,20.16,45.46,1
Silty,4.89,73.4,217.72,6.16,1.14,0.99,18.73,83.94,5
Alluvial,64.5,9.85,115.47,7.39,0.49,1.02,27.19,55.79,0
Loamy,116.9,69.67,155.04,6.48,1.06,0.87,18.9,44.24,3
Alluvial,91.77,33.81,211.34,6.58,1.12,0.31,36.25,62.69,0
Alluvial,111.44,54.72,61.49,7.07,1.11,1.46,21.78,55.92,0
Alluvial,105.22,14.17,55.53,6.28,0.94,1.27,31.49,43.9,0
Sandy,54.39,73.39,204.77,7.11,0.43,0.27,23.22,80.1,4
Sandy,55.96,72.23,233.09,7.2,0.21,0.37,29.47,50.46,4
Alluvial,79.34,5.43,72.55,6.27,0.95,1.47,18.44,58.53,0
Clayey,112.54,45.96,232.89,6.27,1.1,1.94,28.67,58.49,2
Loamy,87.18,25.73,268.55,6.33,1.08,1.17,29.96,81.49,3
Loamy,121.38,27.66,192.14,7.1,0.71,1.27,18.52,86.65,3
Black,10.45,67.29,137.95,7.39,1.55,1.41,35.78,57.16,1
Loamy,58.94,28.73,77.83,6.32,0.44,0.62,37.46,55.76,3
Sandy,54.1,22.94,75.27,5.99,0.27,0.16,29.43,58.9,4
Sandy,135.63,22.09,154.43,6.91,0.5,0.33,29.61,58.11,4
Black,64.45,81.67,178.86,7.61,1.68,1.17,34.5,69.99,1
Sandy,92.89,6.37,18.59,7.19,0.49,0.39,18.53,52.34,4
Sandy,58.55,50.79,189.68,6.67,0.34,0.37,29.53,66.63,4
Loamy,139.75,12.44,52.81,7.02,0.56,0.92,19.54,61.91,3
Alluvial,128.92,19.51,133.74,6.87,0.45,0.51,23.43,40.82,0
Black,13.72,56.48,101.66,7.9,1.67,1.39,32.68,72.4,1
Sandy,3.13,81.33,232.19,6.96,0.23,0.16,34.38,71.5,4
Loamy,74.44,6.08,102.95,7.17,0.86,1.1,28.15,58.82,3
Alluvial,94.27,52.4,62.71,7.44,1.13,1.41,20.74,82.5,0
Black,103.86,21.04,94.65,8.43,1.35,1.79,25.28,88.03,1
Loamy,122.24,4.81,153.27,6.33,0.71,0.36,25.14,84.43,3
Loamy,80.27,64.57,184.31,7.09,1.09,0.18,28.06,86.91,3
Sandy,78.74,15.97,29.37,6.08,0.49,0.1,18.9,56.08,4
Black,109.04,74.3,138.2,7.38,0.99,1.22,29.21,90.2,1
Alluvial,79.86,84.53,19.3,6.56,1.2,1.01,27.45,59.44,0
Alluvial,50.87,27.62,196.38,7.27,0.94,1.06,35.9,77.69,0
Loamy,121.14,27.14,116.01,6.83,0.63,1.4,35.49,42.76,3
Loamy,67.37,89.91,78.9,6.16,1.14,0.9,30.21,63.11,3
Loamy,109.41,88.28,267.95,6.66,0.92,0.16,25.91,73.88,3
Clayey,127.56,26.34,209.94,8.13,1.04,1.95,23.78,77.59,2
Alluvial,71.5,81.01,113.24,6.13,1.09,0.17,21.84,79.36,0
Alluvial,125.16,55.82,68.88,6.4,0.85,0.85,22.13,65.75,0
Clayey,59.3,31.54,172.36,6.36,1.48,1.45,36.94,56.45,2
Alluvial,76.22,51.0,180.75,7.2,0.53,0.74,27.01,50.54,0
Sandy,28.08,9.02,275.16,6.11,0.28,0.2,35.42,57.42,4
Silty,76.74,48.59,202.79,6.22,1.07,0.92,22.85,69.42,5
Loamy,6.06,80.79,177.53,7.17,0.69,0.62,22.81,71.25,3
Alluvial,78.0,27.79,59.23,6.07,0.67,0.1,21.08,85.95,0
Loamy,135.01,7.29,273.0,7.47,1.06,0.98,36.91,60.55,3
Alluvial,85.33,24.55,180.31,6.81,0.65,1.03,34.58,73.0,0
Black,94.97,62.75,146.49,7.79,1.7,1.0,31.72,58.11,1
Alluvial,115.84,23.96,89.17,7.2,0.59,0.75,29.51,56.23,0
Silty,14.79,19.52,58.18,6.79,0.72,0.21,19.6,86.63,5
Black,78.37,67.18,273.78,8.04,1.05,1.13,35.94,56.04,1
Loamy,52.2,89.08,207.51,7.39,0.69,1.33,28.41,61.42,3
Clayey,8.64,44.13,28.21,7.22,0.85,0.54,35.87,73.63,2
Loamy,135.19,15.74,28.25,6.51,0.56,1.31,29.94,53.62,3
Black,98.7,35.32,223.87,7.58,1.885,1.66,36.61,59.74,1
Sandy,19.39,52.54,88.68,7.09,0.26,0.28,35.08,79.66,4
Sandy,27.49,47.88,226.37,6.86,0.26,0.27,22.51,51.94,4
Sandy,23.67,73.68,32.01,6.4,0.2,0.07,34.85,92.51,4
Black,99.12,62.31,185.09,7.67,1.73,1.42,32.1,44.53,1
Loamy,59.28,22.92,155.43,7.07,0.79,1.43,36.5,53.6,3
Loamy,124.65,81.47,76.52,7.2,0.93,0.16,20.49,67.69,3
Loamy,113.59,79.62,35.27,6.48,0.47,0.7,28.61,45.63,3
Alluvial,81.93,56.37,213.36,6.51,1.1,1.36,19.26,72.63,0
Clayey,131.06,64.73,56.21,7.78,0.71,1.05,28.46,71.49,2
Loamy,96.97,86.22,180.97,6.7,0.53,0.77,30.12,47.04,3
Sandy,55.15,23.1,51.58,6.67,0.31,0.12,32.76,55.03,4
Loamy,51.81,29.48,52.5,7.3,1.1,1.17,26.84,88.95,3
Loamy,101.71,4.43,52.38,7.42,1.03,0.43,27.85,89.56,3
Loamy,93.39,69.09,14.08,6.99,0.55,0.59,20.33,79.03,3
Loamy,103.92,29.34,111.91,7.46,1.12,1.14,24.4,57.96,3
Loamy,115.18,40.85,16.05,6.17,0.49,1.2,34.25,71.88,3
Loamy,73.46,81.26,106.21,6.45,0.81,1.29,31.03,80.72,3
Alluvial,113.88,16.01,109.49,6.29,1.18,1.19,20.32,92.25,0
Alluvial,64.87,43.18,226.57,6.74,0.95,1.22,26.26,78.31,0
Loamy,113.62,69.58,211.95,6.75,0.45,0.8,26.19,74.74,3
Sandy,75.93,60.11,62.81,6.02,0.46,0.07,35.65,85.57,4
Clayey,55.6,9.13,267.18,6.95,1.48,0.73,27.98,62.52,2
Silty,80.02,49.03,256.37,6.29,1.16,1.26,28.42,93.76,5
Sandy,41.74,27.32,59.02,5.64,0.36,0.35,35.86,75.18,4
Sandy,24.09,61.48,128.43,7.0,0.39,0.37,28.51,70.51,4
Alluvial,103.02,56.69,39.07,6.09,0.74,1.47,22.49,89.8,0
Alluvial,62.94,76.0,213.99,6.8,1.09,0.53,28.6,41.42,0
Alluvial,97.58,52.41,255.32,7.35,0.59,1.48,30.72,69.52,0
Black,87.25,2.02,100.58,7.75,0.91,0.83,21.64,72.04,1
Loamy,124.15,24.42,126.63,6.28,0.72,1.01,22.76,86.06,3
Alluvial,66.17,2.03,131.88,6.23,1.14,0.64,21.13,56.07,0
Sandy,127.55,50.83,125.3,5.93,0.44,0.27,30.09,78.53,4
Loamy,13.13,7.23,195.37,6.13,0.66,0.85,21.33,64.09,3
Alluvial,130.44,30.49,135.13,7.29,0.58,0.41,34.69,82.41,0
Loamy,57.3,77.5,103.32,7.28,0.97,0.86,31.1,42.21,3
Silty,75.1,9.88,119.82,6.38,1.07,0.55,18.07,82.99,5
Alluvial,61.02,70.73,178.89,6.43,1.12,0.44,30.18,52.02,0
Loamy,9.78,83.27,10.12,6.85,1.05,0.64,20.92,79.83,3
Silty,127.1,46.83,236.62,7.39,0.62,0.94,26.46,53.88,5
Alluvial,61.37,37.6,198.29,6.5,1.15,0.49,23.44,40.38,0
Alluvial,76.56,38.89,20.28,6.45,1.06,0.89,22.62,90.62,0
Loamy,60.58,43.35,239.71,6.65,1.09,0.15,30.46,80.52,3
Loamy,87.53,27.9,210.89,7.06,1.13,0.91,30.16,67.57,3
Loamy,2.1,84.13,164.01,6.89,0.72,1.23,28.3,42.31,3
Silty,125.05,23.27,43.29,6.44,0.89,0.95,21.83,54.73,5
Clayey,127.36,6.35,192.62,8.03,0.73,1.52,31.52,74.38,2
Sandy,12.97,68.6,39.82,7.04,0.29,0.36,30.09,77.89,4
Alluvial,121.18,35.16,13.31,6.43,0.86,1.28,27.02,46.43,0
Alluvial,136.48,42.4,24.58,7.08,0.45,0.93,30.06,55.93,0
Alluvial,96.92,47.69,106.72,6.04,1.1,0.46,35.48,81.21,0
Black,125.61,4.37,196.52,7.89,1.01,1.79,36.25,69.26,1
Alluvial,106.55,6.64,252.32,6.69,0.48,0.64,23.78,69.07,0
Black,135.8,29.83,91.48,8.06,1.62,0.97,21.72,79.82,1
Alluvial,111.26,6.77,120.49,6.86,1.04,0.95,24.29,79.17,0
Loamy,70.23,36.89,85.93,7.24,0.8,1.11,27.04,88.68,3
Black,57.71,24.29,131.09,8.09,1.83,1.09,27.9,93.12,1
Alluvial,85.23,22.73,229.45,6.38,0.56,0.31,25.14,91.48,0
Sandy,6.93,32.06,81.28,6.89,0.2,0.26,33.97,91.34,4
Black,13.43,5.32,168.92,7.58,1.4,1.46,35.52,85.7,1
Loamy,123.18,71.34,226.51,6.63,0.98,0.83,27.19,41.07,3
Loamy,12.6,88.02,177.36,6.28,0.5,0.29,28.45,77.03,3
Black,53.57,31.8,130.18,7.73,1.24,0.57,27.56,69.9,1
Sandy,59.35,60.16,254.89,6.76,0.23,0.31,19.09,71.14,4
Loamy,89.2,87.28,78.79,6.2,0.47,0.94,18.68,63.5,3
Alluvial,9.86,59.27,279.34,6.77,0.65,0.78,23.84,74.69,0
Silty,51.15,7.84,125.31,7.41,0.84,0.48,28.45,56.03,5
Sandy,50.99,77.71,234.1,6.66,0.46,0.24,18.4,69.86,4
Sandy,57.83,47.57,218.02,6.14,0.44,0.26,25.21,52.95,4
Alluvial,125.84,89.44,15.07,6.17,0.48,0.96,27.07,79.14,0
Black,59.32,82.22,96.13,8.21,0.82,1.11,21.41,72.41,1
Loamy,62.14,66.6,233.41,6.56,0.94,0.86,20.52,67.2,3
Sandy,44.48,8.92,105.44,5.74,0.1,0.18,27.36,51.53,4
Silty,60.51,12.89,182.13,7.27,1.03,0.5,24.83,58.12,5
Alluvial,11.91,60.01,256.05,7.37,0.92,0.38,36.15,47.46,0
Black,133.85,44.46,262.03,7.76,1.07,1.8,24.71,81.83,1
Black,110.81,27.84,100.7,8.22,1.86,0.74,26.55,46.88,1
Loamy,95.12,80.57,40.06,7.14,0.65,0.98,36.44,50.8,3
Black,69.98,50.29,237.62,7.34,1.09,1.54,20.95,70.12,1
Loamy,139.35,68.94,34.18,7.06,0.75,0.26,27.93,73.81,3
Loamy,132.97,81.0,131.29,6.48,0.96,0.43,18.77,42.67,3
Loamy,63.94,16.03,190.24,6.54,0.42,0.25,34.31,81.39,3
Loamy,137.78,89.06,228.72,6.43,0.55,0.4,30.58,68.6,3
Alluvial,95.67,84.11,114.2,7.42,1.08,0.31,32.32,66.56,0
Silty,59.19,8.15,101.53,6.56,1.13,0.51,23.18,90.61,5
Loamy,112.8,12.73,220.68,6.74,0.84,1.04,18.67,65.04,3
Clayey,4.04,25.33,167.88,7.74,1.3,1.46,36.94,44.11,2
Alluvial,111.67,19.94,265.95,6.94,0.56,0.52,24.82,79.22,0
Sandy,14.9,73.77,224.33,6.66,0.15,0.14,24.85,76.37,4
Loamy,63.06,6.97,247.71,6.51,1.18,0.6,18.4,43.06,3
Loamy,57.63,88.03,206.59,6.39,1.18,0.42,18.24,78.74,3
Sandy,22.17,11.56,91.35,5.62,0.2,0.06,31.1,43.36,4
Sandy,3.51,56.03,47.41,5.54,0.43,0.11,29.59,47.98,4
Black,87.67,56.71,46.51,7.28,1.57,1.36,20.7,76.5,1
Loamy,122.21,32.54,186.42,6.63,0.41,0.31,26.22,52.89,3
Alluvial,135.35,11.1,140.09,7.11,1.03,0.4,30.96,78.6,0
Sandy,101.73,58.28,201.72,5.74,0.41,0.08,25.87,82.56,4
Clayey,51.5,24.28,86.68,7.48,0.98,2.12,26.46,72.27,2
Black,119.81,25.22,68.16,8.32,1.39,0.85,24.95,62.67,1
Sandy,52.02,30.35,256.84,6.38,0.38,0.3,30.74,64.13,4
Sandy,53.59,70.6,210.66,5.82,0.32,0.33,19.74,41.19,4
Loamy,58.78,51.97,95.85,7.31,0.73,1.16,25.49,91.34,3
Black,52.56,65.22,178.57,8.25,1.34,0.75,20.89,49.12,1
Sandy,98.06,29.38,73.21,6.29,0.45,0.34,34.46,83.91,4
Alluvial,129.56,37.04,174.04,6.27,0.58,0.75,29.89,68.32,0
Sandy,41.44,7.6,156.24,6.33,0.16,0.38,20.84,81.35,4
Loamy,9.94,10.18,96.66,6.72,0.68,0.17,34.0,40.54,3
Alluvial,80.35,23.25,114.06,6.47,1.11,0.12,29.72,68.62,0
Black,54.16,8.29,56.33,8.18,1.15,0.58,34.51,42.42,1
Alluvial,118.36,37.59,63.77,6.25,1.0,0.42,24.3,59.73,0
Clayey,66.96,29.86,257.44,7.37,1.24,2.41,18.27,70.18,2
Sandy,41.99,76.36,279.52,6.01,0.32,0.26,34.77,70.66,4
Silty,128.75,54.61,112.77,6.09,0.99,0.67,24.88,55.96,5
Loamy,56.14,16.26,169.04,7.26,0.64,0.84,30.78,51.63,3
Black,84.95,8.65,31.09,7.92,0.9,1.19,28.4,51.94,1
Sandy,46.15,52.49,212.65,6.94,0.35,0.06,19.89,69.08,4
Black,122.25,70.75,16.69,7.94,1.17,0.74,25.51,47.68,1
Clayey,68.99,54.66,132.58,6.66,0.74,2.06,36.41,88.4,2
Loamy,56.21,8.96,159.59,6.71,0.65,0.37,27.93,56.52,3
Loamy,82.54,27.62,156.83,7.07,0.61,0.27,19.36,90.79,3
Alluvial,88.44,11.99,46.5,7.09,0.41,0.61,30.97,93.07,0
Silty,100.34,63.22,264.27,6.21,0.54,1.49,34.95,53.52,5
Alluvial,88.53,81.19,34.74,6.35,0.66,1.12,26.29,54.68,0
Alluvial,13.48,2.77,78.02,7.2,0.77,0.3,24.3,45.23,0
Sandy,53.14,59.96,166.68,6.8,0.49,0.1,22.16,75.37,4
Alluvial,53.52,9.28,234.36,6.82,0.49,1.31,32.52,66.88,0
Clayey,124.8,7.68,272.8,6.82,1.3,1.03,37.92,53.24,2
Silty,58.41,5.58,186.05,6.27,0.61,1.04,22.96,56.51,5
Loamy,10.2,60.05,75.99,6.14,0.74,0.9,29.25,47.33,3
Loamy,75.52,79.73,166.3,6.98,1.12,0.91,26.42,69.39,3
Alluvial,80.33,51.89,36.9,6.59,1.14,1.14,18.17,79.08,0
Alluvial,10.16,33.77,59.24,7.14,0.82,0.31,34.62,77.08,0
Sandy,17.92,80.44,89.97,5.51,0.21,0.07,37.4,72.85,4
Sandy,8.36,9.75,191.73,6.73,0.11,0.38,22.38,81.71,4
Black,125.64,85.38,199.16,7.28,0.99,1.47,22.26,59.8,1
Black,55.48,66.43,234.93,8.21,0.9,1.05,31.22,40.71,1
Black,75.61,40.31,79.86,8.16,1.16,1.7,37.42,68.45,1
Alluvial,117.7,82.1,106.81,7.16,1.13,0.61,27.31,87.57,0
Alluvial,134.31,10.7,210.24,7.08,1.1,0.35,27.19,77.41,0
Loamy,78.42,59.55,42.42,7.15,0.75,1.47,23.33,79.51,3
Silty,86.81,11.78,189.08,7.28,0.75,1.36,32.82,56.18,5
Black,11.01,34.86,165.94,8.4,1.02,0.68,35.99,82.98,1
Silty,69.48,60.71,37.05,6.9,0.92,0.61,24.82,81.11,5
Sandy,11.97,52.28,247.62,5.93,0.19,0.3,23.81,84.39,4
Black,2.04,44.38,16.6,7.74,1.885,1.38,35.74,48.86,1
Black,58.73,57.6,18.88,7.94,0.84,1.25,36.89,40.15,1
Black,10.63,14.12,105.25,8.09,1.11,0.98,29.38,74.01,1
Sandy,2.38,43.63,196.95,6.82,0.29,0.15,19.18,69.12,4
Alluvial,51.97,27.88,181.09,6.27,0.91,0.49,36.08,47.34,0
Sandy,51.16,37.3,221.16,6.79,0.2,0.29,30.75,92.69,4
Clayey,13.42,51.28,35.28,7.13,0.98,0.87,25.15,81.94,2
Black,68.97,24.32,90.47,8.44,1.09,1.03,29.04,91.17,1
Black,99.41,77.57,269.01,8.29,1.41,0.58,36.86,45.52,1
Alluvial,82.61,83.07,149.05,6.25,1.18,0.4,36.41,58.39,0
Clayey,83.29,5.34,64.54,7.48,0.8,1.05,25.45,90.85,2
Loamy,138.69,16.02,137.15,7.05,1.13,1.05,22.78,74.67,3
Black,137.3,89.0,15.73,7.99,1.62,0.74,35.74,51.02,1
Black,132.36,41.37,138.57,8.4,1.52,0.81,32.05,76.46,1
Clayey,90.91,82.0,51.77,7.03,1.15,1.38,33.66,85.93,2
Black,53.37,39.96,171.36,7.95,1.885,1.39,33.94,64.1,1
Loamy,96.82,52.3,229.29,6.15,1.04,0.51,37.37,43.04,3
Alluvial,56.41,56.06,274.26,6.59,0.62,1.32,37.49,46.96,0
Loamy,132.44,56.87,82.53,6.7,1.04,0.43,23.68,90.62,3
Silty,121.01,78.36,36.12,6.41,0.95,1.11,21.22,56.72,5
Loamy,105.52,52.18,111.4,7.34,1.08,0.57,22.87,74.32,3
Clayey,87.22,80.23,226.54,6.58,0.83,2.37,35.15,84.01,2
Black,65.43,39.73,262.56,8.05,0.88,1.13,26.85,84.14,1
Silty,135.88,72.25,221.99,6.02,1.05,1.27,19.63,52.79,5
Black,77.69,26.81,73.23,7.65,1.3,0.93,30.81,90.57,1
Loamy,74.85,59.38,192.04,6.83,0.96,0.21,36.21,62.57,3
Clayey,65.58,19.34,122.53,7.37,0.66,2.43,24.15,55.36,2
Clayey,107.7,37.26,41.87,7.71,0.8,0.61,35.31,49.34,2
Alluvial,121.43,44.85,74.47,6.1,0.6,1.4,19.59,61.43,0
Black,51.84,51.53,220.61,7.99,1.33,1.62,19.13,63.24,1
Black,55.28,7.05,211.63,8.43,1.69,1.63,36.94,53.91,1
Loamy,66.48,81.56,67.02,6.54,0.49,0.68,30.71,88.96,3
Alluvial,57.65,6.92,235.29,7.18,1.14,1.09,35.23,41.57,0
Sandy,118.64,77.93,176.85,5.68,0.41,0.18,21.22,40.84,4
Silty,134.01,84.53,173.02,6.92,1.15,0.86,23.95,94.84,5
Clayey,124.19,67.78,13.46,7.85,1.03,2.15,25.74,46.31,2
Black,75.32,73.44,39.24,8.3,1.65,0.69,32.63,60.98,1
Silty,138.66,28.82,210.57,6.77,0.9,0.27,26.7,75.89,5
Clayey,116.94,76.63,33.66,6.83,0.67,0.73,24.58,63.33,2
Loamy,13.93,32.67,177.94,6.58,0.94,0.16,25.15,81.73,3
Black,59.63,45.05,62.85,8.16,1.87,1.67,37.75,58.32,1
Loamy,6.73,84.44,100.64,6.73,0.46,0.78,23.77,52.89,3
Loamy,136.46,76.31,33.93,6.02,0.43,1.46,25.74,50.85,3
Alluvial,55.65,21.73,66.63,6.36,1.09,0.37,22.07,55.74,0
Clayey,117.57,50.46,255.67,6.03,1.21,2.43,29.52,64.57,2
Loamy,101.67,65.49,199.48,7.49,0.57,0.7,34.41,91.93,3
Alluvial,68.18,87.57,136.93,6.88,0.66,1.07,29.32,78.64,0
Clayey,75.61,43.6,126.08,7.65,1.23,2.44,35.04,82.43,2
Loamy,80.36,87.12,35.49,7.22,0.86,1.25,33.37,93.11,3
Black,70.57,44.45,30.04,7.61,1.52,1.54,21.74,77.42,1
Loamy,110.75,33.21,247.44,7.36,0.97,1.21,32.95,63.34,3
Alluvial,129.42,38.87,185.14,6.37,0.74,0.25,31.32,83.0,0
Silty,5.55,72.87,85.92,7.32,1.07,0.77,33.45,65.1,5
Alluvial,102.84,85.29,182.7,6.27,0.92,1.16,30.23,80.5,0
Loamy,75.22,73.78,136.78,6.98,0.65,1.25,20.41,94.64,3
Clayey,91.65,85.75,211.74,6.62,1.07,1.59,18.24,46.41,2
Black,88.74,26.61,267.01,7.69,1.52,1.37,36.93,84.98,1
Alluvial,111.14,18.85,56.3,6.64,0.75,0.48,31.68,82.88,0
Loamy,69.84,46.79,111.81,6.34,0.49,1.46,37.68,44.21,3
Silty,111.78,55.36,129.31,7.15,0.61,0.88,35.41,65.29,5
Sandy,39.6,24.7,87.23,5.6,0.14,0.35,23.47,42.11,4
Alluvial,137.09,28.87,203.14,6.02,1.11,1.49,23.85,68.7,0
Alluvial,7.94,68.59,49.83,6.78,0.45,0.76,22.18,57.15,0
Clayey,132.33,6.64,31.33,6.33,1.34,2.03,32.75,80.56,2
Black,77.34,78.47,218.46,7.7,1.22,1.2,24.91,63.9,1
Sandy,6.92,73.59,41.17,6.45,0.41,0.09,26.21,57.51,4
Sandy,3.04,27.76,167.2,5.83,0.32,0.18,36.12,90.2,4
Sandy,26.93,5.74,236.62,6.42,0.34,0.25,24.93,44.7,4
Sandy,19.12,73.65,22.49,6.38,0.33,0.28,37.39,82.76,4
Sandy,67.4,82.07,65.38,7.11,0.46,0.39,28.15,75.4,4
Loamy,98.36,10.55,32.76,7.42,1.11,1.28,28.89,63.94,3
Loamy,5.83,66.64,112.13,6.67,1.12,0.8,20.05,54.57,3
Sandy,53.34,2.73,77.78,6.68,0.18,0.12,31.41,74.14,4
Sandy,37.15,14.65,119.73,5.78,0.35,0.38,20.96,50.33,4
Sandy,10.84,6.44,103.86,6.46,0.11,0.21,27.05,69.46,4
Sandy,46.78,13.43,77.65,5.66,0.25,0.28,31.28,45.41,4
Clayey,87.2,54.66,208.47,6.43,0.83,2.2,18.6,55.98,2
Black,65.21,36.11,105.76,7.79,0.98,1.28,20.16,70.08,1
Black,87.41,37.55,32.86,7.49,1.55,1.29,24.27,66.73,1
Black,93.68,18.76,250.8,7.35,1.885,1.08,32.16,53.26,1
Black,133.3,87.54,22.21,8.06,1.56,0.56,34.19,59.45,1
Alluvial,137.81,4.42,136.92,6.9,0.73,1.06,32.47,85.62,0
Black,128.84,5.26,184.48,7.29,1.4,1.33,35.63,47.23,1
Loamy,107.05,27.22,114.03,7.29,0.91,0.61,34.95,61.26,3
Loamy,119.44,33.57,52.53,7.23,0.6,0.22,22.13,82.41,3
Loamy,114.53,88.23,231.79,6.9,1.07,0.18,23.52,79.03,3
Sandy,3.43,42.1,35.38,5.93,0.14,0.33,20.53,76.95,4
Alluvial,75.32,51.28,213.75,6.28,0.59,0.83,19.89,56.32,0
Loamy,126.92,26.47,223.5,7.45,0.85,0.94,18.17,47.14,3
Alluvial,6.03,55.78,207.11,7.5,0.67,1.42,33.43,80.65,0
Loamy,106.13,19.62,47.8,6.44,1.0,0.11,34.57,64.9,3
Alluvial,131.5,55.37,84.25,6.54,0.95,0.3,20.46,68.5,0
Loamy,62.79,63.91,127.8,7.32,0.84,0.19,26.0,82.07,3
Loamy,135.42,40.14,174.28,7.18,0.89,0.96,19.73,59.73,3
Sandy,11.58,44.67,206.11,5.88,0.29,0.37,27.09,65.3,4
Loamy,114.95,38.73,26.1,7.19,0.92,1.26,22.34,87.57,3
Loamy,66.15,26.37,32.99,6.54,0.92,1.18,25.01,45.05,3
Black,73.16,5.84,29.59,7.64,1.65,1.7,36.74,51.29,1
Sandy,90.49,52.56,137.24,6.83,0.49,0.26,32.06,86.83,4
Alluvial,121.18,84.94,185.84,7.07,0.65,1.22,35.96,49.22,0
Clayey,10.03,57.8,11.99,7.63,1.21,1.11,21.24,49.79,2
Alluvial,10.29,28.0,118.15,6.35,0.53,0.48,32.57,73.61,0
Silty,94.21,64.31,66.46,7.35,0.98,0.41,23.16,72.24,5
Alluvial,80.75,3.11,27.67,6.63,0.4,1.01,22.48,91.45,0
Alluvial,91.24,67.7,138.34,6.48,0.7,1.23,33.86,76.39,0
Black,13.43,87.41,14.07,8.38,1.01,1.08,36.05,64.49,1
Alluvial,117.05,19.44,26.9,6.27,0.49,0.75,21.93,70.39,0
Silty,103.25,53.25,92.37,7.12,0.46,0.36,24.64,93.12,5
Alluvial,73.08,4.03,240.96,7.3,1.16,0.69,36.41,66.72,0
Black,128.81,78.39,249.51,7.79,1.63,1.51,31.22,56.76,1
Sandy,4.48,59.67,132.54,6.44,0.37,0.28,20.91,77.93,4
Loamy,123.52,73.74,142.17,6.15,1.05,0.28,20.19,68.39,3
Sandy,85.74,15.7,15.47,5.84,0.41,0.28,37.41,75.3,4
Sandy,51.37,2.17,272.96,6.74,0.43,0.4,34.17,71.17,4
Sandy,37.0,16.45,221.69,5.76,0.17,0.3,29.7,44.74,4
Silty,93.88,29.06,222.42,7.48,0.46,0.27,23.29,80.0,5
Silty,95.97,52.54,234.98,6.68,0.79,0.33,28.35,52.69,5
Alluvial,123.93,36.78,23.88,6.25,1.0,0.19,32.0,94.65,0
Alluvial,113.22,69.06,194.41,6.48,1.07,0.43,37.93,87.78,0
Sandy,48.69,41.54,17.87,7.07,0.4,0.06,20.06,84.89,4
Silty,112.8,3.63,91.34,6.49,1.18,1.12,33.42,84.24,5
Sandy,107.51,5.56,161.16,6.27,0.45,0.14,25.47,87.69,4
Black,75.1,45.24,119.23,7.57,1.51,1.7,32.73,75.3,1
Loamy,123.84,14.25,162.44,6.45,0.71,1.5,28.73,74.58,3
Alluvial,130.11,35.83,258.48,7.34,0.79,0.19,33.16,62.04,0
Clayey,14.58,57.05,136.47,6.21,1.43,0.68,24.53,75.25,2
Silty,128.27,63.78,120.68,6.96,1.2,0.11,37.17,89.14,5
Black,64.83,26.73,194.22,7.68,1.82,0.82,28.22,52.71,1
Sandy,43.99,33.67,96.58,6.16,0.37,0.39,29.48,93.86,4
Loamy,139.43,70.21,139.42,6.14,0.91,0.83,30.36,44.82,3
Sandy,50.06,53.67,104.05,5.92,0.16,0.16,27.78,52.04,4
Loamy,73.96,11.65,83.5,7.03,0.76,0.64,21.7,41.87,3
Black,129.13,45.77,263.6,7.47,1.08,1.65,26.16,49.77,1
Loamy,51.79,18.48,238.5,6.9,1.15,1.44,34.59,92.03,3
Silty,92.58,32.9,253.52,6.18,0.94,1.16,21.63,65.23,5
Black,52.65,70.27,29.6,7.72,1.75,1.14,30.41,87.11,1
Clayey,88.45,32.94,149.22,7.12,1.23,2.44,35.46,42.33,2
Alluvial,85.52,9.78,25.35,6.59,0.98,0.81,24.77,74.4,0
Alluvial,11.53,63.07,270.72,6.21,1.13,0.76,26.83,54.73,0
Loamy,108.0,24.46,20.89,6.15,0.58,0.52,35.76,57.97,3
Black,83.85,20.21,221.47,7.91,1.5,1.04,36.56,92.25,1
Black,97.78,7.67,264.55,7.62,1.25,1.68,31.91,57.85,1
Loamy,52.64,3.86,127.63,7.37,0.79,0.9,32.9,92.17,3
Silty,87.6,56.03,213.81,6.84,0.44,1.07,20.07,70.43,5
Loamy,97.99,23.18,137.37,6.24,0.93,0.73,26.17,79.6,3
Clayey,6.03,57.58,113.16,6.85,1.16,1.12,32.51,71.89,2
Silty,77.02,64.81,34.82,6.51,0.55,1.43,25.57,81.08,5
Alluvial,56.05,46.87,41.61,6.65,1.01,1.47,23.89,72.28,0
Silty,78.98,33.9,24.06,7.24,0.46,1.28,34.23,85.74,5
Alluvial,66.16,27.08,34.22,7.46,1.16,1.25,32.49,75.43,0
Clayey,121.33,45.42,211.14,7.87,0.84,1.24,29.37,58.75,2
Black,80.81,20.0,180.01,8.35,1.84,0.63,25.52,84.85,1
Silty,112.2,63.96,31.67,7.4,1.11,1.16,27.49,51.01,5
Alluvial,73.02,24.15,21.87,6.51,1.1,0.27,29.07,52.5,0
Alluvial,6.01,16.93,103.07,6.15,0.6,0.44,18.91,82.98,0
Sandy,53.52,12.93,219.8,6.09,0.42,0.39,29.05,83.1,4
Alluvial,104.92,24.89,193.9,6.75,0.65,0.81,27.13,74.11,0
Sandy,20.73,89.17,163.43,6.65,0.19,0.06,23.78,76.17,4
Alluvial,116.37,62.4,78.56,6.52,1.08,0.2,25.12,54.49,0
Black,123.21,69.5,248.97,7.34,1.37,0.48,20.38,81.82,1
Loamy,56.96,46.49,234.6,6.48,0.89,0.73,18.34,72.02,3
Sandy,46.02,65.95,13.82,6.05,0.18,0.2,26.74,51.43,4
Black,55.22,48.81,269.45,7.3,0.86,1.32,26.54,59.61,1
Clayey,64.45,34.9,30.79,6.6,1.06,1.38,19.17,48.46,2
Sandy,11.38,49.34,209.37,6.2,0.34,0.36,28.33,40.42,4
Silty,106.19,15.27,23.64,6.23,1.12,0.13,37.68,88.33,5
Alluvial,90.64,71.53,220.5,6.4,0.56,0.74,28.32,91.06,0
Sandy,50.41,54.17,30.43,6.77,0.34,0.18,30.73,81.19,4
Sandy,40.43,34.27,189.64,7.11,0.18,0.25,30.5,72.83,4
Sandy,55.99,44.0,37.88,6.4,0.47,0.15,18.96,93.16,4
Loamy,129.96,36.24,161.33,6.64,0.64,1.49,35.08,73.32,3
Black,3.18,29.1,250.74,7.93,1.76,0.9,37.06,42.14,1
Sandy,39.79,78.57,21.33,7.09,0.29,0.27,28.38,59.11,4
Silty,101.28,66.6,137.34,6.97,0.96,1.28,19.83,92.93,5
Sandy,9.08,47.79,182.84,7.17,0.42,0.1,20.13,70.82,4
Alluvial,127.2,84.48,223.75,6.25,0.86,0.95,36.82,56.63,0
Sandy,29.99,23.41,78.51,5.84,0.21,0.06,25.83,92.9,4
Silty,97.51,52.24,220.43,6.58,0.73,0.43,25.18,79.42,5
Alluvial,135.52,18.55,170.81,6.13,0.91,1.02,24.6,63.64,0
Alluvial,89.56,11.96,71.0,6.29,0.72,1.29,36.82,71.79,0
Silty,118.63,34.04,29.06,6.08,0.78,0.17,29.28,60.54,5
Black,97.72,27.17,53.55,7.2,1.56,1.62,28.64,81.08,1
Silty,58.34,62.8,166.57,6.17,0.68,1.0,26.6,48.38,5
Silty,67.63,72.06,192.15,6.47,0.94,0.44,30.24,76.74,5
Clayey,110.32,46.46,33.97,6.97,0.86,2.04,21.59,77.13,2
Black,103.19,52.73,12.07,7.53,1.885,1.4,32.59,85.74,1
Sandy,37.76,76.22,22.91,6.01,0.21,0.37,34.57,79.8,4
Black,114.2,21.81,16.53,7.61,1.11,0.44,18.4,79.7,1
Sandy,15.36,8.42,119.51,7.1,0.3,0.37,26.42,72.23,4
Alluvial,6.17,62.52,43.89,7.15,0.97,0.37,20.3,45.93,0
Loamy,58.97,44.56,48.88,6.29,0.76,0.36,36.2,64.63,3
Loamy,108.19,82.28,23.5,6.71,1.06,0.48,19.84,60.05,3
Alluvial,132.14,56.97,130.18,6.83,0.73,1.13,35.26,42.74,0
Alluvial,74.8,55.34,10.52,6.32,1.05,1.08,32.7,60.83,0
Sandy,135.1,11.04,253.94,7.19,0.42,0.18,31.61,67.61,4
Loamy,137.22,60.89,203.13,6.33,0.55,1.17,22.36,89.1,3
Loamy,82.94,62.21,106.42,6.88,1.04,1.31,22.77,66.85,3
Black,14.55,85.76,200.8,8.26,1.77,0.9,22.23,42.19,1
Silty,81.98,23.15,148.36,6.85,0.61,1.39,32.6,74.3,5
Sandy,74.08,22.22,222.1,6.66,0.49,0.2,26.72,49.74,4
Loamy,130.05,6.25,29.87,7.42,0.51,1.21,26.16,62.59,3
Loamy,84.44,86.55,102.04,6.28,1.04,0.95,19.26,61.17,3
Alluvial,130.61,7.21,13.01,7.24,0.43,1.1,34.79,82.77,0
Sandy,15.76,44.49,83.03,5.77,0.24,0.06,23.87,65.94,4
Alluvial,105.5,50.26,259.67,6.38,0.81,1.37,26.37,87.02,0
Sandy,77.26,3.29,76.29,5.66,0.47,0.18,27.33,86.0,4
Alluvial,106.21,19.04,93.76,6.15,1.08,1.1,21.56,49.52,0
Sandy,53.82,40.91,222.31,6.6,0.37,0.23,21.18,78.57,4
Loamy,125.81,47.7,270.99,7.26,0.49,0.28,31.59,94.06,3
Silty,10.89,7.34,97.99,7.28,0.65,0.73,29.87,55.58,5
Alluvial,119.09,47.4,176.74,7.32,0.77,1.44,34.76,69.92,0
Sandy,10.51,79.55,36.31,6.93,0.2,0.37,27.17,43.71,4
Alluvial,8.67,13.49,154.8,6.27,1.08,1.44,20.51,86.08,0
Alluvial,112.17,58.79,40.21,7.13,0.59,0.28,33.26,75.3,0
Clayey,128.28,24.34,107.02,6.44,0.67,1.03,28.88,74.16,2
Black,87.33,27.04,224.73,8.2,1.1,1.39,31.41,88.19,1
Alluvial,89.6,45.69,223.6,6.4,0.93,0.38,25.35,48.94,0
Alluvial,107.23,78.01,53.86,6.22,1.12,0.22,32.68,80.84,0
Clayey,100.31,80.85,174.77,7.03,1.13,1.06,22.54,44.37,2
Silty,88.8,14.19,278.13,6.48,0.64,1.03,28.15,41.33,5
Loamy,6.59,32.16,10.1,6.86,0.93,1.17,35.39,74.4,3
Alluvial,136.11,8.46,18.71,7.34,1.06,1.13,31.49,61.46,0
Loamy,124.35,6.5,31.38,7.07,0.57,1.48,19.15,60.44,3
Loamy,70.69,6.76,22.04,6.16,0.67,1.18,29.84,79.59,3
Loamy,67.8,48.25,141.37,6.03,0.96,0.95,28.33,79.31,3
Alluvial,5.97,74.82,123.45,6.68,1.16,0.87,32.02,50.87,0
Loamy,113.06,10.96,200.63,6.15,0.58,0.99,34.89,65.81,3
Loamy,99.68,23.75,274.86,7.2,1.09,1.01,21.65,90.12,3
Alluvial,137.73,58.51,210.37,7.0,0.79,0.63,19.76,74.53,0
Loamy,125.31,15.14,251.84,6.07,0.64,0.46,20.51,43.59,3
Black,124.39,68.22,128.4,7.64,1.6,1.1,34.95,90.61,1
Sandy,19.83,24.49,168.21,6.52,0.13,0.12,36.09,83.38,4
Alluvial,110.8,54.11,33.69,6.45,0.46,0.58,36.17,72.63,0
Clayey,131.95,18.28,99.93,6.98,0.86,1.34,28.75,78.41,2
Clayey,136.38,5.21,161.73,7.84,1.01,1.89,18.35,43.97,2
Alluvial,135.77,18.11,226.97,6.09,0.62,1.28,28.35,63.67,0
Silty,87.76,6.26,101.41,6.16,1.2,0.96,24.87,86.92,5
Loamy,113.65,70.37,170.85,7.46,0.91,1.45,33.12,87.29,3
Alluvial,68.73,49.87,255.88,6.68,0.68,0.39,30.35,87.05,0
Loamy,91.98,3.72,187.89,6.16,1.15,0.79,37.79,90.47,3
Black,8.23,80.73,260.22,8.34,1.8,1.71,26.18,55.59,1
Silty,130.25,40.55,208.48,6.07,0.6,1.41,31.03,49.25,5
Loamy,125.96,85.91,164.64,6.79,0.43,0.85,36.6,79.88,3
Loamy,124.17,68.3,22.17,7.08,0.72,0.26,37.13,41.39,3
Silty,115.13,77.49,146.33,6.7,1.19,1.23,33.7,66.55,5
Sandy,67.35,64.13,133.67,5.89,0.46,0.39,18.48,59.08,4
Alluvial,5.28,36.88,13.23,6.02,0.58,0.84,30.77,60.95,0
Silty,116.8,33.39,111.71,6.96,0.65,1.15,25.93,50.37,5
Sandy,105.91,32.43,39.92,6.87,0.41,0.34,18.79,83.9,4
Silty,82.49,55.64,249.72,6.13,0.45,0.66,23.66,74.29,5
Loamy,10.1,66.52,38.29,6.39,0.82,0.51,29.35,49.38,3
Black,116.63,30.58,16.47,7.66,1.36,1.75,29.05,58.1,1
Sandy,58.92,76.24,128.54,5.52,0.18,0.13,36.92,77.24,4
Loamy,72.11,33.58,75.68,6.19,1.08,0.13,30.49,56.17,3
Clayey,134.29,2.73,31.37,6.39,1.27,2.08,20.88,47.89,2
Silty,134.53,48.91,141.58,6.33,0.43,1.14,33.61,79.22,5
Silty,8.72,5.03,116.06,6.45,0.95,0.34,31.33,91.57,5
Sandy,24.18,51.87,124.91,6.26,0.2,0.3,22.6,81.63,4
Loamy,13.24,74.0,247.2,6.08,0.73,0.93,31.89,50.23,3
Alluvial,126.81,25.64,112.36,7.05,0.92,0.78,26.74,92.91,0
Sandy,55.22,65.66,206.8,6.6,0.46,0.23,25.18,52.08,4
Alluvial,68.89,43.32,261.91,6.9,1.05,0.64,29.33,89.61,0
Loamy,81.4,59.66,130.58,6.08,0.51,0.16,18.51,66.21,3
Clayey,60.25,80.65,262.0,6.77,1.41,0.5,23.12,60.2,2
Alluvial,66.65,11.63,168.85,6.26,1.16,0.61,36.58,79.22,0
Alluvial,107.85,55.22,107.6,6.7,0.49,0.95,30.16,60.13,0
Black,89.59,64.04,109.63,7.46,1.52,1.2,20.28,73.84,1
Loamy,6.22,10.96,18.52,6.5,0.76,0.99,29.4,51.87,3
Black,110.78,14.22,260.18,7.7,0.88,1.45,33.35,47.71,1
Alluvial,81.55,11.65,40.27,6.43,0.59,0.64,31.61,77.5,0
Clayey,107.65,37.06,15.47,6.4,1.38,0.56,29.73,61.62,2
Silty,72.69,18.87,254.69,6.83,1.14,1.16,35.85,46.09,5
Loamy,78.74,36.38,155.62,6.48,1.02,0.2,23.66,64.44,3
Silty,73.85,7.36,180.66,6.16,0.66,0.13,37.96,45.54,5
Clayey,3.98,67.19,10.63,6.91,1.09,0.87,31.28,43.12,2
Alluvial,132.85,56.79,18.92,7.16,0.61,1.12,33.06,54.18,0
Alluvial,12.29,53.71,148.69,7.1,0.5,0.75,25.69,50.61,0
Sandy,33.61,34.74,114.7,6.35,0.23,0.38,28.26,56.87,4
Black,93.35,46.27,226.23,8.31,1.885,0.63,19.86,88.54,1
Loamy,123.38,33.75,273.97,6.16,0.53,0.55,32.05,49.54,3
Black,123.38,28.44,42.11,8.23,1.62,1.08,32.06,93.78,1
Loamy,54.59,39.86,243.91,6.41,0.74,1.02,27.97,93.06,3
Black,53.9,5.34,163.18,8.14,1.52,1.46,25.83,69.56,1
Alluvial,68.54,43.3,107.9,7.34,0.53,0.62,33.75,42.76,0
Clayey,94.62,60.5,112.81,7.75,0.75,0.75,29.07,54.17,2
Black,81.4,58.84,169.85,7.3,0.94,1.66,19.93,83.94,1
Loamy,110.67,39.62,77.62,7.32,1.03,0.18,34.33,73.18,3
Loamy,12.77,81.79,84.38,6.52,1.13,0.64,30.73,88.44,3
Silty,51.47,75.93,72.28,7.42,0.6,0.13,25.84,85.24,5
Loamy,77.88,26.06,231.91,7.1,0.67,0.59,34.11,67.37,3
Loamy,92.73,6.08,33.38,7.02,1.03,1.07,24.11,77.35,3
Alluvial,118.9,85.58,274.02,6.46,0.4,1.21,35.88,51.23,0
Sandy,84.38,54.83,243.2,5.85,0.46,0.36,28.64,93.25,4
Sandy,14.23,42.69,235.16,6.97,0.2,0.13,34.26,47.63,4
Loamy,63.71,24.39,230.72,6.37,1.12,0.27,29.59,92.59,3
Sandy,7.95,58.73,182.34,6.09,0.18,0.32,32.53,76.39,4
Loamy,97.83,3.17,33.37,6.43,0.73,1.48,36.01,61.26,3
Clayey,120.07,49.99,83.17,7.81,1.18,0.76,30.69,48.59,2
Loamy,12.87,50.13,61.21,6.7,0.84,0.47,34.77,81.77,3
Silty,93.39,29.67,185.22,7.09,0.51,0.95,28.78,49.42,5
Alluvial,62.1,44.03,180.79,6.7,0.45,1.4,29.46,71.61,0
Silty,87.45,37.68,44.41,7.33,0.99,1.27,36.61,43.62,5
Alluvial,139.82,51.41,264.08,6.89,0.63,0.52,33.72,83.77,0
Alluvial,138.97,4.83,240.89,6.37,1.0,0.51,25.11,63.04,0
Alluvial,57.3,2.27,127.89,6.72,0.75,1.43,32.21,71.88,0
Alluvial,126.31,76.04,252.84,6.32,0.75,1.47,36.3,67.9,0
Loamy,128.85,4.64,52.47,6.92,0.7,1.35,27.27,85.21,3
Loamy,7.61,52.9,167.26,6.58,0.6,1.06,22.97,68.68,3
Alluvial,81.85,46.84,193.27,7.47,0.46,0.59,30.97,92.24,0
Alluvial,11.03,45.15,274.34,7.47,1.11,0.97,25.59,80.68,0
Sandy,57.84,69.3,62.94,5.67,0.27,0.17,28.23,70.56,4
Sandy,34.9,38.34,166.07,6.95,0.19,0.16,20.66,40.29,4
Loamy,55.18,19.98,142.14,6.11,0.73,1.14,22.23,55.78,3
Silty,8.51,37.18,126.78,6.93,0.59,0.18,34.32,52.24,5
Loamy,75.32,17.62,93.36,7.31,0.59,1.16,20.08,57.73,3
Silty,14.01,3.21,249.71,7.34,0.61,0.75,19.35,62.77,5
Black,102.18,5.42,270.89,8.48,0.82,0.99,31.7,58.02,1
Silty,113.58,79.7,217.02,7.42,1.05,1.48,32.07,79.36,5
Loamy,55.06,74.9,263.85,6.98,0.77,1.36,34.59,80.01,3
Black,51.22,73.77,111.98,7.62,1.74,1.03,25.15,58.48,1
Sandy,13.42,55.8,29.3,6.09,0.36,0.09,29.41,81.52,4
Loamy,7.24,7.39,132.67,6.06,0.62,0.95,34.35,78.24,3
Loamy,100.54,42.04,222.08,6.34,0.68,1.47,35.35,58.75,3
Loamy,80.8,19.45,148.93,6.14,1.05,0.2,25.99,79.7,3
Alluvial,130.55,36.58,174.65,6.42,0.78,0.69,22.8,83.86,0
Sandy,43.51,2.28,139.61,5.64,0.34,0.25,35.2,41.28,4
Loamy,76.27,77.85,279.39,7.48,0.49,0.94,29.77,57.02,3
Loamy,80.52,58.28,25.62,6.63,0.63,1.31,22.6,68.62,3
Alluvial,86.79,84.57,255.74,7.28,0.59,0.94,22.16,54.24,0
Alluvial,135.26,23.62,60.1,6.95,0.85,0.65,18.67,60.01,0
Clayey,70.95,35.17,236.28,7.87,0.9,2.15,19.59,57.92,2
Loamy,69.5,70.53,165.15,6.11,1.07,1.47,24.55,51.31,3
Sandy,36.94,36.1,164.81,6.69,0.11,0.07,29.83,71.09,4
Black,104.9,13.71,211.92,7.64,0.98,0.55,25.95,92.99,1
Alluvial,73.08,30.1,24.6,6.41,0.74,1.22,34.3,64.87,0
Silty,104.71,4.65,160.39,7.32,0.61,0.14,29.99,78.55,5
Loamy,135.14,44.71,20.16,6.18,0.91,0.37,36.68,45.75,3
Alluvial,81.46,30.66,85.61,7.46,0.78,0.11,21.18,94.95,0
Alluvial,117.63,21.72,265.17,6.42,0.44,0.57,21.41,60.35,0
Loamy,126.08,45.21,150.5,7.42,0.44,0.42,35.99,72.52,3
Loamy,84.4,36.56,197.87,6.97,0.93,0.32,29.84,75.7,3
Alluvial,63.3,3.97,188.64,6.44,0.7,1.08,24.56,55.13,0
Silty,52.99,86.14,155.37,6.44,1.08,0.57,28.05,90.79,5
Alluvial,5.28,53.34,208.24,6.83,0.86,1.31,31.07,53.37,0
Loamy,88.03,59.98,248.18,6.29,0.42,1.06,27.12,84.47,3
Alluvial,138.31,24.35,258.52,6.37,1.11,1.18,24.49,81.97,0
Loamy,105.65,63.17,107.52,6.99,0.87,1.0,26.92,76.78,3
Silty,76.21,7.6,12.98,6.57,0.78,0.34,30.81,77.07,5
Sandy,11.06,29.49,182.45,6.16,0.44,0.29,34.94,84.11,4
Black,62.9,4.87,195.95,7.58,0.83,0.41,36.84,92.36,1
Clayey,73.94,76.65,236.08,6.24,1.46,2.27,23.51,80.18,2
Black,129.82,27.83,277.19,8.16,1.0,1.39,21.07,73.04,1
Alluvial,61.25,8.26,221.02,6.01,0.8,0.28,37.34,41.96,0
Black,113.45,8.74,15.12,8.06,1.14,1.32,27.31,84.25,1
Loamy,61.39,62.7,86.53,6.38,0.44,0.72,18.38,63.01,3
Black,69.21,70.43,65.19,7.81,1.885,1.12,27.82,63.17,1
Silty,4.53,7.86,260.52,6.71,0.89,0.36,18.79,55.39,5
Clayey,113.17,60.65,171.51,6.97,1.47,0.85,24.54,80.05,2
Alluvial,95.59,72.45,205.0,6.11,1.08,1.0,37.42,41.37,0
Loamy,85.24,86.6,29.62,7.43,0.53,0.1,19.27,82.49,3
Silty,100.72,19.73,108.8,6.06,0.82,1.11,31.23,48.66,5
Loamy,59.84,89.49,71.34,6.69,0.52,0.45,33.63,85.64,3
Loamy,87.66,22.21,145.93,6.91,0.88,1.17,23.9,78.28,3
Alluvial,62.77,37.99,262.25,6.34,0.87,0.51,18.62,86.87,0
Alluvial,11.55,8.7,87.63,6.65,0.71,0.33,21.5,90.63,0
Loamy,8.42,75.62,196.55,6.53,0.68,1.06,27.3,56.25,3
Silty,105.47,8.6,25.59,6.33,0.45,1.18,29.97,77.92,5
Black,130.0,23.08,251.5,7.25,1.0,1.0,35.27,64.84,1
Loamy,128.01,20.47,189.21,6.67,0.73,1.34,31.57,76.09,3
Black,65.43,47.69,252.93,7.31,1.18,1.49,29.5,86.31,1
Loamy,113.13,78.71,81.97,7.38,0.85,0.35,19.35,58.55,3
Loamy,117.78,57.13,35.2,6.26,0.67,1.47,33.07,64.61,3
Loamy,131.13,85.04,10.29,6.49,0.76,0.37,23.98,80.17,3
Clayey,65.92,60.18,34.7,7.82,1.32,1.57,24.81,68.44,2
Loamy,113.53,58.18,126.28,6.78,0.99,0.41,36.8,68.27,3
Alluvial,104.1,28.88,110.05,7.37,0.46,0.91,30.46,72.84,0
Loamy,11.86,15.32,98.69,6.51,0.83,0.56,21.06,91.96,3
Loamy,133.68,83.92,205.74,6.9,0.72,0.5,36.12,92.99,3
Silty,110.27,18.51,152.23,6.58,1.08,0.19,26.85,51.88,5
Loamy,7.16,7.99,15.57,7.13,0.94,1.12,36.1,73.12,3
Loamy,83.23,53.82,105.84,7.07,0.73,0.75,25.07,73.76,3
Silty,84.73,59.99,37.22,6.33,0.79,1.04,26.74,72.94,5
Loamy,73.19,6.13,235.96,6.18,0.59,1.18,33.64,87.55,3
Loamy,108.27,54.83,156.66,7.33,0.62,0.42,31.0,81.52,3
Loamy,131.83,82.33,237.71,7.29,1.15,0.67,26.13,48.74,3
Loamy,120.77,56.55,238.4,6.99,0.88,1.41,23.27,51.54,3
Alluvial,90.98,53.07,188.67,6.68,0.84,0.27,37.15,75.87,0
Loamy,98.89,80.58,273.08,7.2,0.86,0.65,20.95,61.72,3
Loamy,95.26,26.28,34.78,6.69,0.75,0.86,33.09,77.45,3
Black,74.98,83.2,142.83,7.9,1.74,0.5,35.97,56.45,1
Sandy,9.96,42.56,27.72,6.24,0.41,0.1,32.1,67.68,4
Alluvial,125.3,62.53,113.04,6.24,0.77,1.21,28.32,93.11,0
Clayey,6.2,89.79,45.33,6.16,0.61,1.15,26.65,41.42,2
Clayey,53.01,63.64,123.63,7.09,1.25,2.18,26.05,64.27,2
Alluvial,84.86,5.61,17.35,7.26,1.04,0.27,27.51,55.7,0
Silty,111.42,89.13,33.34,6.32,0.65,0.14,24.12,43.41,5
Silty,135.16,16.62,179.42,6.06,1.05,0.82,35.55,44.39,5
Loamy,57.86,18.67,190.15,7.28,0.96,1.08,37.08,65.62,3
Alluvial,84.56,47.8,82.85,6.99,1.07,0.49,30.99,52.42,0
Sandy,30.77,29.12,268.46,5.68,0.15,0.4,30.72,72.84,4
Black,66.92,48.96,260.32,7.93,1.38,1.51,30.34,79.68,1
Black,89.34,54.13,217.16,8.44,1.31,0.94,32.5,72.06,1
Alluvial,116.36,36.14,156.29,6.98,1.06,0.64,35.9,88.39,0
Sandy,14.43,6.88,18.52,5.7,0.27,0.08,30.86,63.02,4
Loamy,79.65,42.33,256.95,7.41,0.71,0.13,28.53,71.14,3
Silty,104.88,51.87,225.86,6.06,0.67,0.9,18.58,82.95,5
Black,58.05,62.89,30.33,7.92,1.19,1.14,33.39,44.99,1
Alluvial,128.34,66.74,159.84,6.97,1.08,1.18,37.59,78.22,0
Loamy,124.33,62.12,72.25,6.48,0.56,0.25,33.78,67.73,3
Sandy,19.4,18.94,195.22,6.62,0.22,0.3,31.53,60.14,4
Black,117.7,74.85,57.79,7.45,1.66,0.98,18.82,58.37,1
Silty,129.24,28.84,96.0,6.77,0.82,0.96,20.56,85.07,5
Black,51.14,41.3,157.3,7.63,0.97,1.65,20.16,69.57,1
Loamy,130.44,17.68,38.62,6.4,0.44,0.72,26.14,88.86,3
Alluvial,104.36,86.36,119.95,6.32,0.75,0.58,35.66,48.18,0
Black,132.89,6.45,175.0,7.83,1.06,1.16,24.39,92.73,1
Black,107.58,63.68,126.9,8.03,1.73,1.11,25.4,40.25,1
Silty,51.99,59.58,14.76,6.8,1.15,0.45,35.69,67.61,5
Loamy,112.1,60.37,161.1,7.47,0.71,0.81,32.01,76.52,3
Black,51.74,28.98,204.98,7.49,1.885,0.97,36.23,45.14,1
Loamy,69.17,24.99,18.62,6.45,0.76,1.15,18.72,55.56,3
Clayey,96.93,17.29,175.65,7.75,1.44,1.13,36.24,48.65,2
Sandy,18.79,44.78,11.9,5.87,0.36,0.13,18.21,85.81,4
Sandy,19.75,3.9,175.34,6.13,0.12,0.07,23.75,78.76,4
Black,77.97,64.84,115.79,8.11,1.09,1.21,30.7,74.82,1
Silty,3.43,82.05,117.61,6.37,0.68,1.2,18.59,41.35,5
Loamy,90.24,87.8,234.77,6.99,0.91,0.14,21.43,79.61,3
Loamy,3.51,56.87,64.7,6.22,0.92,0.99,35.05,41.51,3
Alluvial,82.11,53.59,113.5,6.17,0.87,1.19,24.18,55.49,0
Loamy,129.22,75.91,49.94,6.85,0.5,1.37,22.15,47.99,3
Loamy,79.79,12.44,236.99,6.02,1.14,0.38,27.83,75.3,3
Alluvial,55.72,59.86,158.65,6.0,0.69,0.55,26.7,85.51,0
Loamy,132.7,58.04,212.9,7.22,0.92,0.7,19.13,70.81,3
Loamy,126.54,61.33,238.3,7.23,0.48,1.07,32.01,44.81,3
Loamy,122.98,29.79,247.83,6.23,1.02,0.48,21.4,86.84,3
Loamy,106.45,3.95,223.53,7.28,0.89,0.32,23.96,44.1,3
Silty,111.41,7.53,14.52,6.51,0.97,0.13,36.29,59.48,5
Silty,56.38,44.37,95.51,6.91,0.93,1.19,27.73,62.24,5
Alluvial,87.86,48.87,262.33,6.49,0.75,0.14,20.17,68.54,0
Black,70.36,4.29,24.98,7.92,1.42,0.63,33.72,55.02,1
Sandy,15.22,39.0,36.85,5.99,0.12,0.17,30.69,88.58,4
Loamy,131.93,16.36,58.5,6.12,1.07,0.24,29.39,81.62,3
Loamy,86.83,88.39,84.02,7.28,0.56,1.06,26.33,60.82,3
Loamy,132.02,15.84,219.11,7.22,1.09,0.53,23.11,49.64,3
Loamy,52.5,37.14,160.63,6.75,0.98,0.48,28.34,51.45,3
Loamy,52.53,47.69,75.81,6.02,0.91,0.7,29.7,62.45,3
Alluvial,131.5,41.42,108.45,7.24,1.14,0.4,37.04,74.52,0
Alluvial,123.31,34.91,173.84,6.69,0.85,1.26,22.17,61.2,0
Black,65.47,21.85,76.82,7.63,1.07,1.71,26.95,68.72,1
Sandy,49.94,44.38,276.69,5.75,0.35,0.12,28.49,86.51,4
Black,119.66,48.75,32.54,8.5,1.22,1.68,31.95,61.41,1
Loamy,110.77,10.82,101.33,7.07,0.97,0.67,21.78,49.18,3
Loamy,124.24,17.54,207.67,6.9,0.98,0.56,24.46,46.75,3
Black,73.33,4.61,39.67,8.15,1.43,1.22,27.98,81.83,1
Alluvial,4.71,18.86,14.68,6.32,0.63,1.01,34.81,77.33,0
Loamy,62.65,52.79,126.75,6.56,0.58,0.91,32.69,45.65,3
Loamy,129.15,3.35,264.61,7.37,0.97,0.3,29.16,78.59,3
Loamy,61.05,50.8,114.06,7.21,0.74,0.11,24.84,66.26,3
Alluvial,88.8,44.14,38.89,6.03,0.48,0.17,33.68,47.11,0
Alluvial,127.37,8.05,260.87,7.14,0.49,1.01,28.42,77.26,0
Alluvial,78.79,21.39,267.31,6.09,1.16,1.28,37.72,52.92,0
Sandy,10.2,61.81,198.62,7.08,0.5,0.29,35.46,94.62,4
Black,73.0,39.37,266.52,7.23,1.21,0.66,27.83,70.6,1
Loamy,107.84,5.32,230.66,7.07,0.77,1.15,37.64,88.9,3
Loamy,104.41,57.08,187.67,6.36,0.72,0.52,21.18,55.71,3
Loamy,54.14,39.61,159.57,6.5,0.77,0.94,18.23,71.59,3
Alluvial,90.75,20.06,83.7,7.48,0.52,0.33,23.37,68.1,0
Sandy,81.46,47.95,102.82,6.79,0.46,0.12,31.93,86.45,4
Black,60.25,9.66,141.64,7.87,0.91,1.27,22.34,59.44,1
Clayey,6.39,54.16,90.23,7.61,1.14,1.05,23.07,61.06,2
Alluvial,112.55,72.72,34.51,6.04,1.11,0.67,29.9,72.36,0
Loamy,137.65,4.74,35.07,7.11,0.6,0.95,37.76,74.31,3
Alluvial,121.89,5.56,119.49,6.82,0.85,0.39,20.24,84.0,0
Silty,71.07,42.79,132.1,7.22,0.64,0.95,33.46,53.25,5
Black,102.73,72.53,124.06,7.24,1.63,1.49,26.65,59.89,1
Loamy,61.89,31.7,143.71,7.17,0.42,0.33,36.86,50.09,3
Sandy,10.23,80.46,12.99,5.92,0.24,0.13,19.73,44.78,4
Silty,78.27,9.79,40.49,6.64,0.64,0.52,22.69,84.47,5
Alluvial,2.59,5.91,115.01,7.32,0.82,0.51,34.03,50.83,0
Alluvial,113.87,31.72,155.42,7.28,0.83,0.59,21.13,58.08,0
Loamy,9.88,25.72,144.4,6.24,0.98,0.63,35.46,44.73,3
Loamy,88.35,87.75,236.69,6.33,0.4,1.36,20.16,67.97,3
Sandy,13.53,15.2,271.31,6.53,0.29,0.28,21.04,56.2,4
Silty,109.52,18.98,25.7,6.43,0.76,1.39,32.82,52.36,5
Silty,135.22,77.77,178.12,6.42,0.72,0.3,26.03,54.54,5
Silty,53.59,78.94,278.9,6.66,0.57,0.66,36.46,87.34,5
Clayey,3.35,39.31,57.31,7.78,0.64,1.32,19.04,61.95,2
Black,102.8,6.59,232.2,8.31,0.88,0.63,34.46,70.28,1
Black,67.38,62.18,21.59,8.14,0.84,0.45,37.64,85.95,1
Silty,74.58,75.64,182.9,7.2,0.79,0.35,25.45,42.23,5
Loamy,77.67,77.08,30.99,6.97,0.92,0.75,24.6,85.69,3
Loamy,81.05,6.34,270.43,6.14,0.92,0.3,22.83,81.92,3
Loamy,121.73,7.09,150.14,6.63,0.53,1.27,34.14,63.29,3
Sandy,15.34,7.0,239.25,6.15,0.34,0.2,33.0,61.03,4
Loamy,97.77,71.19,49.64,7.26,1.0,0.7,29.8,70.27,3
Sandy,97.35,39.39,136.4,6.41,0.43,0.39,27.64,48.37,4
Alluvial,138.72,50.07,159.13,6.45,0.57,1.17,18.73,92.61,0
Loamy,73.32,6.44,121.65,6.78,1.18,0.58,27.63,71.23,3
Black,55.01,26.45,166.11,8.28,1.12,0.43,21.57,85.86,1
Black,12.0,58.81,273.26,7.44,0.89,1.18,36.71,40.52,1
Clayey,51.3,21.5,83.27,7.72,0.92,2.01,25.03,56.03,2
Loamy,57.83,60.18,128.53,6.29,0.9,1.35,21.26,46.44,3
Clayey,93.43,46.28,229.02,7.09,1.17,0.99,22.33,89.74,2
Sandy,13.59,45.76,185.25,7.17,0.33,0.14,30.31,80.63,4
Loamy,106.91,44.18,92.52,6.33,1.16,0.67,32.3,50.56,3
Loamy,54.08,47.42,136.27,7.47,0.58,0.3,25.2,83.01,3
Loamy,62.89,11.85,236.3,7.08,1.2,1.46,34.82,81.05,3
Alluvial,82.49,63.05,171.14,6.87,1.13,0.43,36.48,45.59,0
Silty,122.85,51.62,38.84,6.44,0.92,0.16,23.64,75.15,5
Loamy,101.6,36.82,115.92,6.99,0.71,0.43,25.96,56.01,3
Silty,78.91,53.81,223.45,6.4,0.63,0.22,25.91,91.96,5
Loamy,95.62,65.46,141.01,6.9,0.5,1.11,28.48,61.91,3
Loamy,67.73,45.17,217.35,7.33,1.13,0.48,30.81,62.88,3
Black,14.26,79.43,198.43,8.48,1.73,1.7,21.42,49.99,1
Loamy,74.67,14.95,183.45,6.41,0.71,0.75,26.96,73.33,3
Black,63.74,43.57,183.49,7.27,1.22,1.71,18.16,79.56,1
Alluvial,66.05,7.37,166.73,6.28,0.92,0.58,35.52,75.2,0
Alluvial,127.19,11.99,50.87,6.67,0.7,1.21,33.53,74.32,0
Loamy,105.51,56.72,27.37,6.39,1.01,1.31,28.41,43.83,3
Loamy,8.54,38.24,141.53,7.3,0.59,0.72,20.01,61.3,3
Black,11.5,85.57,188.57,8.47,1.83,0.94,19.05,93.44,1
Clayey,11.87,25.25,174.5,6.99,1.34,0.65,28.67,51.45,2
Clayey,81.12,44.2,211.68,7.51,0.85,2.25,22.23,65.78,2
Clayey,90.34,60.88,11.46,6.09,1.08,2.44,29.94,43.09,2
Sandy,24.8,29.74,142.08,5.79,0.33,0.14,32.93,70.48,4
Silty,108.05,26.84,245.02,6.7,0.93,1.13,35.32,57.62,5
Loamy,76.91,26.92,268.13,6.16,0.82,0.22,26.2,88.21,3
Alluvial,95.87,24.87,152.0,7.42,0.53,0.32,33.66,85.48,0
Silty,106.15,25.39,30.97,6.53,0.74,0.2,23.86,41.77,5
Alluvial,9.18,81.14,35.07,7.24,0.79,0.21,29.36,48.95,0
Alluvial,119.84,62.2,277.43,6.46,1.03,1.38,22.08,92.84,0
Alluvial,51.72,49.73,102.77,6.79,0.73,0.69,36.56,44.83,0
Black,111.84,43.27,101.84,8.19,1.47,1.73,28.81,88.7,1
Sandy,16.0,46.9,60.59,6.88,0.21,0.18,26.84,42.59,4
Clayey,63.23,79.88,83.03,6.73,1.02,2.1,23.88,78.86,2
Black,90.81,70.7,135.16,7.58,1.05,1.06,21.94,59.69,1
Black,112.32,4.25,196.6,8.2,1.16,1.79,33.82,62.69,1
Black,73.24,23.67,76.86,7.26,1.53,1.4,28.06,80.7,1
Loamy,111.87,43.75,262.11,6.25,0.49,1.14,27.29,41.7,3
Sandy,59.03,85.07,36.89,5.51,0.31,0.12,30.76,80.11,4
Alluvial,9.09,5.54,201.19,6.9,0.76,0.84,24.77,91.52,0
Silty,123.4,78.78,35.72,6.28,0.71,1.19,22.18,54.96,5
Black,71.48,60.83,243.44,7.92,1.39,0.9,22.48,67.93,1
Loamy,95.69,62.34,219.8,6.03,0.7,0.85,20.27,94.48,3
Alluvial,84.93,32.89,206.41,6.54,0.82,1.03,25.18,50.49,0
Alluvial,117.15,26.11,232.99,6.61,0.61,1.28,19.67,54.88,0
Alluvial,96.47,85.51,149.54,7.25,0.93,0.11,26.66,64.75,0
Clayey,129.13,49.47,37.08,7.31,0.62,0.62,20.32,89.49,2
Loamy,92.23,69.41,279.96,6.86,0.99,0.87,32.21,77.29,3
Loamy,131.91,47.85,74.52,6.78,1.01,1.24,25.23,89.82,3
Loamy,100.49,55.77,101.63,7.12,0.68,0.2,34.3,40.18,3
Alluvial,85.86,6.24,202.5,6.21,0.52,1.06,33.65,49.26,0
Loamy,130.3,23.89,33.13,6.11,0.41,0.74,26.68,70.41,3
Black,51.29,74.31,205.82,7.78,1.76,0.8,22.63,61.46,1
Loamy,72.75,51.03,202.84,7.24,0.66,0.27,24.34,75.68,3
Alluvial,99.24,64.31,43.26,6.32,0.98,0.45,19.2,83.13,0
Sandy,30.93,5.85,114.81,5.84,0.33,0.16,28.31,49.3,4
Clayey,106.8,73.48,33.62,8.18,1.03,2.2,35.61,92.47,2
Black,10.44,34.82,198.37,8.31,1.37,0.61,28.15,88.48,1
Sandy,51.17,71.57,195.69,6.33,0.31,0.39,35.94,53.84,4
Silty,70.3,57.84,61.26,7.23,0.84,0.31,37.57,65.0,5
Alluvial,14.19,50.9,62.24,6.38,0.64,0.88,23.59,80.14,0
Black,3.84,49.43,278.19,7.97,1.59,1.74,25.75,72.66,1
Loamy,126.45,4.08,117.17,6.51,0.47,1.25,20.59,47.94,3
Clayey,126.62,36.62,261.82,6.99,1.02,1.94,28.85,69.46,2
Loamy,128.47,83.77,186.68,6.3,0.94,0.63,34.22,94.27,3
Loamy,107.51,78.67,250.9,6.6,1.03,1.26,20.13,85.51,3
Silty,4.72,89.76,37.14,6.15,0.73,1.14,27.47,71.25,5
Loamy,124.05,75.74,101.07,7.05,0.91,0.26,23.27,68.68,3
Sandy,5.27,25.91,156.77,5.96,0.2,0.34,34.87,69.04,4
Loamy,114.69,83.12,190.66,6.77,1.0,1.37,31.49,79.68,3
Loamy,96.43,47.05,277.21,6.31,1.03,0.25,29.79,58.01,3
Silty,109.37,70.78,78.19,7.09,0.97,1.05,21.55,59.92,5
Alluvial,66.62,58.51,187.05,7.1,1.04,0.44,33.04,64.11,0
Loamy,5.99,30.88,260.41,7.21,0.93,0.87,36.6,64.32,3
Clayey,2.4,51.65,182.78,7.46,0.6,1.79,34.21,83.13,2
Loamy,122.72,62.45,76.32,6.78,0.78,0.71,32.69,72.55,3
Loamy,54.64,35.7,185.15,6.76,1.17,0.27,34.82,80.17,3
Loamy,125.95,83.68,123.18,7.44,1.04,0.82,28.97,86.21,3
Alluvial,117.45,38.28,200.47,7.29,0.73,0.4,21.69,61.03,0
Alluvial,97.41,32.22,205.11,6.52,0.59,0.13,26.23,57.4,0
Black,7.19,54.77,63.62,7.44,1.885,0.56,22.01,89.65,1
Black,73.55,15.41,16.8,7.49,1.27,0.57,19.44,78.69,1
Black,73.03,18.35,206.4,8.0,1.8,0.42,20.63,64.41,1
Loamy,139.98,42.47,276.38,7.1,0.68,0.11,20.83,56.31,3
Black,112.4,67.62,149.06,7.97,1.07,0.92,19.54,67.28,1
Alluvial,104.44,45.52,167.12,6.24,0.88,0.23,35.6,84.95,0
Sandy,49.53,81.3,215.65,6.05,0.21,0.23,21.51,55.12,4
Black,90.9,72.52,21.39,7.71,1.59,1.04,33.68,76.65,1
Sandy,43.11,42.16,279.87,7.07,0.24,0.3,23.66,50.29,4
Sandy,56.35,63.06,106.34,6.9,0.3,0.23,31.79,53.83,4
Alluvial,133.73,34.52,240.83,6.61,0.46,1.09,31.61,86.93,0
Clayey,135.51,54.16,111.72,6.97,1.15,2.16,19.72,60.66,2
Loamy,99.1,36.79,49.35,6.26,0.88,1.03,19.32,81.76,3
Loamy,110.65,30.41,44.0,7.41,0.6,0.66,31.68,74.39,3
Clayey,2.53,5.72,25.37,6.2,0.76,1.76,24.78,93.42,2
Silty,111.06,36.38,28.79,7.14,0.73,1.26,28.14,65.38,5
Black,64.51,26.9,27.55,7.36,1.56,0.43,24.2,57.18,1
Alluvial,77.36,62.2,108.86,6.1,1.02,1.4,27.02,41.1,0
Alluvial,138.92,78.95,166.72,7.35,0.8,1.41,32.3,93.06,0
Black,93.21,6.82,150.72,7.82,0.99,0.56,37.46,56.02,1
Clayey,87.72,8.38,186.27,6.6,0.78,1.24,34.9,90.05,2
Loamy,122.85,81.14,42.41,7.41,1.11,1.43,34.98,43.97,3
Silty,117.84,15.91,160.87,6.45,0.74,1.11,20.45,56.13,5
Loamy,124.44,86.66,43.76,6.36,0.6,0.76,22.67,50.43,3
Clayey,81.91,43.14,33.91,7.09,1.4,2.38,22.25,74.01,2
Clayey,82.0,71.74,183.81,6.13,1.16,1.3,25.26,50.55,2
Black,10.55,44.49,256.06,8.21,1.66,1.65,30.43,87.85,1
Loamy,96.73,13.14,54.67,6.85,0.63,0.67,20.01,54.42,3
Silty,98.91,89.93,17.64,6.34,0.84,0.98,19.17,47.03,5
Alluvial,96.78,6.25,272.52,6.72,0.79,0.11,37.65,68.98,0
Sandy,38.7,45.26,145.7,6.54,0.33,0.35,37.09,47.61,4
Loamy,95.47,29.22,126.13,7.31,0.59,0.58,20.12,89.72,3
Loamy,78.04,45.48,234.66,6.91,0.46,0.14,22.96,56.98,3
Loamy,99.84,2.62,177.42,7.38,0.54,0.84,19.8,55.52,3
Black,106.09,74.15,47.4,7.52,1.885,0.94,30.38,41.97,1
Loamy,50.64,31.25,256.44,6.99,0.97,1.41,30.87,93.99,3
Loamy,106.61,8.08,87.84,6.02,1.05,1.24,33.91,69.38,3
Silty,112.33,21.38,20.03,7.01,0.81,0.39,30.19,50.24,5
Sandy,26.8,81.45,169.81,6.41,0.11,0.07,33.2,77.79,4
Loamy,3.21,49.63,36.82,6.57,1.07,0.89,37.11,67.0,3
Loamy,135.18,80.2,245.37,7.39,0.97,1.0,31.43,40.09,3
Loamy,70.59,37.1,35.47,6.55,0.88,0.13,19.33,41.22,3
Black,111.8,75.31,229.84,7.91,1.48,1.73,19.46,80.75,1
Silty,5.71,82.86,252.7,6.3,0.49,1.2,22.37,82.91,5
Loamy,114.8,38.41,20.99,7.14,0.46,1.26,27.67,79.34,3
Loamy,83.25,14.56,225.17,7.44,1.04,0.91,32.11,69.01,3
Clayey,121.22,8.8,155.4,7.04,0.89,0.76,21.34,77.56,2
Loamy,61.02,23.01,218.92,6.02,0.97,1.05,26.8,70.0,3
Loamy,11.47,38.2,11.86,6.39,1.14,1.19,22.98,81.39,3
Alluvial,82.16,49.87,190.0,6.95,0.86,1.05,20.39,52.62,0
Alluvial,101.77,31.53,155.29,7.16,0.89,0.33,37.26,41.13,0
Black,124.61,40.26,93.19,7.63,1.57,1.63,36.23,45.07,1
Loamy,64.22,43.52,134.77,7.17,0.8,1.13,20.07,64.37,3
Alluvial,57.99,29.57,257.47,6.86,1.0,0.31,27.24,89.07,0
Alluvial,115.9,81.43,26.4,6.9,0.88,0.87,34.06,67.23,0
Alluvial,10.28,48.61,258.43,6.47,0.86,1.26,33.81,60.16,0
Alluvial,64.32,77.51,41.15,6.69,1.02,0.81,23.35,68.6,0
Clayey,78.04,82.59,229.32,7.22,1.08,1.42,32.11,72.4,2
Black,138.8,11.73,198.22,7.58,0.98,0.51,30.17,75.56,1
Loamy,76.43,9.59,38.3,6.6,0.47,0.9,26.23,51.17,3
Clayey,72.69,29.58,107.71,6.39,1.42,0.78,29.51,41.55,2
Sandy,15.27,78.18,66.97,6.78,0.36,0.39,31.84,67.52,4
Alluvial,9.03,89.14,38.19,7.08,0.73,1.34,25.41,84.36,0
Loamy,138.59,14.77,186.8,6.66,0.85,0.88,22.11,69.0,3
Silty,9.13,75.64,31.89,6.64,0.86,0.41,31.24,45.23,5
Black,73.69,58.07,80.02,7.6,1.6,1.42,34.31,68.76,1
Loamy,6.22,51.47,158.72,6.92,0.47,0.7,30.57,53.46,3
Alluvial,85.03,29.28,86.57,7.41,0.43,1.17,27.83,49.4,0
Sandy,6.96,89.63,55.81,6.68,0.23,0.28,21.14,89.07,4
Silty,130.29,3.43,211.4,7.1,0.8,0.21,26.9,81.46,5
Silty,114.39,82.37,66.62,6.9,0.41,1.1,23.23,94.77,5
Sandy,34.63,40.93,105.06,6.62,0.37,0.12,36.95,67.95,4
Silty,127.01,9.32,132.21,7.22,1.08,0.57,32.52,45.45,5
Loamy,84.27,42.07,17.73,6.98,1.14,0.31,22.68,65.37,3
Black,111.17,35.3,115.68,7.49,0.88,0.42,20.64,71.65,1
Alluvial,9.07,49.44,271.36,7.35,0.81,0.45,28.94,58.07,0
Sandy,13.09,64.45,249.16,6.2,0.36,0.32,33.82,41.23,4
Sandy,20.03,81.52,279.95,5.7,0.14,0.25,29.01,74.08,4
Clayey,113.96,52.11,222.49,7.3,0.89,2.44,33.04,76.14,2
Black,80.18,48.9,30.37,7.24,1.35,1.76,35.98,55.74,1
Loamy,69.36,85.24,94.81,6.86,0.71,0.44,37.8,63.03,3
Sandy,9.0,26.07,38.59,7.03,0.36,0.33,25.4,86.54,4
Alluvial,82.55,72.78,17.89,7.09,0.52,1.05,31.84,80.15,0
Sandy,19.78,87.74,232.54,7.04,0.23,0.19,35.63,91.12,4
Alluvial,50.8,31.4,118.01,6.96,0.44,1.28,24.45,67.41,0
Loamy,89.36,26.34,243.83,6.2,0.67,0.98,18.9,59.58,3
Clayey,112.11,12.7,189.94,7.41,1.12,1.16,20.34,65.58,2
Silty,67.75,70.04,73.43,6.99,0.58,1.46,19.27,69.02,5
Black,111.22,28.52,167.53,7.59,0.99,1.79,25.73,92.89,1
Alluvial,54.33,72.96,168.9,6.74,0.71,1.05,32.5,46.93,0
Alluvial,9.15,64.86,185.71,7.48,1.05,0.88,30.75,80.53,0
Black,56.02,35.04,193.43,8.16,1.19,0.81,22.18,71.47,1
Loamy,119.35,41.91,238.75,7.02,0.51,1.22,27.87,45.21,3
Loamy,13.0,8.03,194.33,7.03,1.04,0.6,26.78,87.55,3
Sandy,41.58,80.33,74.57,5.66,0.32,0.29,32.75,41.4,4
Alluvial,85.57,15.3,267.22,6.61,0.96,0.75,27.01,91.16,0
Alluvial,110.99,81.06,243.79,6.06,0.88,0.12,21.36,90.12,0
Loamy,134.38,79.59,90.74,7.22,0.88,0.6,26.91,58.83,3
Loamy,9.94,23.54,203.27,6.16,0.57,0.62,32.74,66.36,3
Clayey,90.42,69.46,35.12,6.35,1.17,2.06,18.58,77.23,2
Silty,81.19,71.04,163.66,6.49,1.01,1.0,19.96,48.41,5
Alluvial,13.64,53.03,235.57,6.43,0.59,0.69,32.49,47.05,0
Silty,122.8,65.48,38.51,7.39,0.58,0.15,28.57,75.95,5
Alluvial,109.92,65.41,199.24,6.21,0.69,0.2,29.04,92.39,0
Silty,116.19,23.47,28.44,6.57,0.74,0.58,31.56,84.11,5
Loamy,108.84,2.24,42.66,7.15,0.82,1.18,25.77,41.47,3
Black,53.95,71.08,232.99,7.79,1.59,1.65,19.0,53.36,1
Loamy,12.94,19.71,216.75,6.09,0.94,0.4,22.05,42.67,3
Alluvial,88.64,78.5,37.08,7.32,0.73,0.68,27.79,92.38,0
Loamy,62.27,36.58,100.11,6.47,0.96,0.37,32.73,78.61,3
Silty,70.58,82.96,163.7,7.11,0.64,0.52,24.0,82.69,5
Sandy,4.76,18.35,48.62,6.95,0.21,0.23,28.14,88.66,4
Loamy,10.7,58.19,207.32,7.48,0.5,0.66,37.03,64.75,3
Loamy,94.39,6.92,268.84,7.47,0.48,0.34,27.96,85.99,3
Sandy,27.38,4.23,229.73,6.99,0.25,0.24,29.1,64.72,4
Alluvial,65.09,4.37,42.63,6.38,0.64,1.41,18.73,67.28,0
Alluvial,90.28,73.34,255.99,6.78,0.7,0.37,19.73,86.56,0
Silty,114.22,41.71,39.98,6.8,1.12,0.35,22.56,89.6,5
Loamy,76.0,28.07,206.98,6.97,1.1,0.91,31.43,46.75,3
Sandy,12.29,49.85,112.97,6.15,0.41,0.32,25.48,54.35,4
Loamy,117.74,72.13,257.67,6.58,1.17,0.48,31.05,66.13,3
Alluvial,126.64,2.9,108.28,6.56,0.86,0.83,26.88,59.62,0
Loamy,87.67,27.4,107.96,7.29,1.01,1.42,29.75,87.09,3
Loamy,3.85,11.56,40.86,6.78,1.05,1.19,18.6,93.93,3
Sandy,108.76,40.87,162.69,5.66,0.46,0.1,31.05,42.91,4
Clayey,72.43,62.18,39.21,6.33,1.32,2.32,23.99,87.04,2
Sandy,22.62,51.55,104.33,6.16,0.32,0.37,23.24,82.83,4
Clayey,116.07,8.71,188.81,6.26,1.17,1.48,21.38,44.1,2
Black,82.25,11.63,139.76,8.07,1.29,0.93,22.48,41.58,1
Sandy,132.73,8.83,37.02,6.6,0.5,0.24,23.66,62.15,4
Alluvial,4.52,81.77,109.15,7.06,1.05,0.3,24.54,90.47,0
Alluvial,63.14,21.85,10.01,6.77,0.59,1.44,34.63,81.12,0
Black,70.17,14.14,78.52,7.52,1.75,0.68,25.47,62.3,1
Loamy,83.96,10.57,133.56,7.17,0.55,0.45,22.56,77.58,3
Loamy,4.63,6.17,48.35,6.72,0.92,0.24,34.59,49.22,3
Loamy,130.55,11.52,13.43,6.5,0.71,0.58,23.06,61.08,3
Loamy,127.17,6.0,197.8,6.38,1.04,1.44,25.7,46.04,3
Black,132.42,71.52,214.11,7.81,1.05,1.54,20.04,41.97,1
Alluvial,86.51,36.42,248.07,7.06,0.41,0.41,36.35,92.14,0
Black,4.43,60.26,74.71,8.23,1.65,1.43,36.93,77.13,1
Clayey,55.15,65.77,219.0,6.52,0.61,1.9,31.19,60.08,2
Clayey,4.44,43.22,98.24,6.22,1.43,1.29,28.58,56.77,2
Alluvial,66.98,74.1,75.8,6.15,0.64,1.15,30.51,93.36,0
Alluvial,139.0,30.06,46.89,6.1,1.03,0.52,24.6,93.3,0
Alluvial,5.63,63.41,29.87,6.47,1.11,1.13,21.57,68.31,0
Black,58.22,5.6,259.85,8.4,1.06,1.45,22.06,91.36,1
Sandy,8.22,16.15,87.58,7.01,0.19,0.1,24.2,82.33,4
Sandy,54.69,61.98,45.93,7.14,0.31,0.08,24.5,60.44,4
Alluvial,62.4,27.87,255.18,6.97,1.15,0.89,31.98,50.42,0
Alluvial,130.24,5.14,38.72,6.4,0.77,0.68,18.61,64.57,0
Clayey,13.49,25.95,161.08,7.44,0.61,1.69,26.94,76.54,2
Sandy,86.27,14.86,107.37,5.57,0.48,0.38,21.49,74.11,4
Black,13.25,45.51,153.46,8.26,0.95,1.02,35.25,76.06,1
Alluvial,130.15,46.37,244.84,7.32,0.78,1.13,20.03,45.6,0
Black,84.05,89.5,195.73,8.16,1.52,1.6,34.3,76.83,1
Loamy,88.59,2.06,239.82,6.51,0.87,0.98,33.26,46.53,3
Alluvial,135.76,83.03,44.3,7.06,0.71,0.89,22.96,42.7,0
Black,5.45,77.53,165.6,8.37,1.56,1.56,27.41,78.44,1
Clayey,77.96,51.49,38.9,8.17,0.92,1.35,33.42,68.48,2
Sandy,19.42,66.3,38.34,6.95,0.39,0.32,20.31,82.68,4
Alluvial,6.21,6.35,148.56,6.2,1.07,0.58,35.2,54.97,0
Black,107.72,25.22,223.26,7.75,1.32,0.7,24.61,91.27,1
Sandy,107.32,52.52,75.8,6.7,0.47,0.37,20.47,66.71,4
Black,139.09,37.56,102.99,7.4,0.87,0.56,19.05,74.94,1
Loamy,94.04,10.89,198.93,6.3,0.43,0.46,35.11,78.87,3
Alluvial,131.03,7.28,169.17,7.37,0.65,0.15,27.35,77.59,0
Sandy,50.57,44.57,13.8,6.49,0.48,0.35,20.35,62.36,4
Loamy,10.67,17.61,28.49,7.18,0.79,0.73,33.83,77.24,3
Clayey,103.38,36.63,61.49,7.23,1.08,2.04,31.65,40.03,2
Loamy,127.75,10.01,181.21,6.64,0.76,1.22,18.2,79.27,3
Loamy,51.66,5.4,270.31,7.45,1.19,0.13,37.86,65.25,3
Alluvial,125.4,65.84,33.62,6.32,0.96,1.4,22.63,73.32,0
Clayey,58.12,26.44,80.12,7.48,0.95,1.24,20.17,51.42,2
Alluvial,132.16,65.82,84.51,7.0,1.17,0.34,24.32,41.66,0
Sandy,41.93,49.66,58.77,6.09,0.4,0.1,19.75,82.98,4
Loamy,6.74,27.16,44.3,7.45,0.86,0.94,31.16,70.2,3
Alluvial,114.34,47.55,278.5,6.02,0.41,0.45,32.67,68.49,0
Sandy,24.05,10.82,259.24,5.88,0.28,0.11,31.72,77.93,4
Black,131.2,10.44,104.55,8.32,1.23,1.6,20.68,64.97,1
Black,5.83,20.5,87.18,7.47,1.7,1.67,29.23,56.86,1
Loamy,3.84,32.54,115.25,7.37,0.78,0.4,31.72,66.28,3
Clayey,103.2,69.33,17.73,6.22,1.28,0.83,25.44,87.87,2
Sandy,54.47,59.6,179.31,5.71,0.3,0.25,37.75,74.55,4
Alluvial,65.06,64.44,109.38,7.37,0.92,1.35,34.73,80.31,0
Black,69.26,7.17,84.43,8.27,1.76,0.53,27.59,80.82,1
Clayey,98.97,43.34,245.09,8.15,1.11,2.06,37.39,47.1,2
Black,107.28,79.83,231.94,8.49,1.12,0.89,31.05,86.24,1
Loamy,137.53,86.33,86.8,6.9,0.62,0.5,24.1,41.98,3
Loamy,12.15,72.88,175.76,7.21,0.58,0.59,23.15,52.54,3
Alluvial,66.69,2.49,38.11,7.1,0.7,1.21,26.79,79.27,0
Alluvial,10.75,69.33,72.22,6.82,0.53,1.47,29.6,88.96,0
Clayey,127.72,6.44,244.75,6.47,0.88,1.36,27.11,85.93,2
Silty,77.6,42.49,35.35,6.79,0.47,1.16,31.25,60.12,5
Alluvial,120.15,5.06,91.57,6.18,0.73,0.65,35.25,72.4,0
Black,4.7,13.5,269.33,7.91,1.885,1.4,36.56,77.53,1
Loamy,66.99,75.99,118.76,7.12,0.84,0.12,24.77,40.65,3
Clayey,14.64,8.85,56.41,8.09,0.85,2.44,23.6,53.93,2
Black,91.21,56.82,222.99,7.84,0.81,0.69,25.55,48.82,1
Alluvial,136.49,5.89,79.36,6.14,0.51,0.8,35.78,93.23,0
Alluvial,83.58,8.27,274.28,7.06,1.09,0.84,24.59,77.11,0
Black,123.7,32.87,264.87,7.58,1.09,1.68,36.29,42.38,1
Loamy,52.01,55.7,28.92,6.26,0.66,0.91,31.79,75.74,3
Alluvial,103.49,84.87,146.62,6.7,0.69,1.37,25.77,89.13,0
Black,9.12,61.61,245.82,7.97,1.08,0.93,22.38,75.02,1
Loamy,95.37,68.01,19.67,7.4,0.52,0.71,22.08,52.0,3
Clayey,120.27,63.31,127.97,8.19,0.98,2.35,19.34,71.52,2
Loamy,5.3,74.12,81.44,6.69,0.72,0.31,25.83,91.03,3
Alluvial,56.07,3.0,137.83,6.74,0.89,0.81,26.22,72.8,0
Alluvial,81.06,76.48,89.4,6.57,0.99,1.29,27.22,50.69,0
Black,122.65,81.75,226.98,7.65,1.24,1.33,34.97,45.6,1
Sandy,17.59,88.34,37.02,6.2,0.14,0.29,35.87,83.39,4
Alluvial,137.12,47.13,190.33,6.67,1.14,0.87,25.46,75.0,0
Alluvial,133.09,63.02,267.95,6.18,0.41,0.29,29.66,65.4,0
Clayey,99.88,64.84,113.25,7.23,0.9,1.97,26.58,72.06,2
Loamy,4.22,6.16,242.42,7.42,0.4,0.23,18.0,90.88,3
Alluvial,74.02,7.24,37.16,7.13,0.55,1.32,31.96,45.52,0
Clayey,131.15,15.11,124.56,8.07,0.76,1.59,23.35,66.47,2
Loamy,14.64,9.56,126.75,6.76,1.1,0.75,25.03,88.8,3
Loamy,61.44,34.32,70.43,6.21,0.92,1.33,20.21,77.31,3
Clayey,78.67,84.35,215.63,6.76,1.12,1.29,20.68,66.18,2
Black,103.71,5.07,70.56,8.36,0.82,1.07,22.05,44.21,1
Alluvial,98.13,6.73,34.73,6.26,0.86,0.23,33.96,75.96,0
Alluvial,124.56,77.97,242.34,6.72,0.66,0.29,26.42,83.5,0
Loamy,94.94,34.48,277.1,7.43,1.18,0.51,35.56,78.08,3
Alluvial,123.99,73.29,275.78,6.57,0.65,0.6,27.3,80.52,0
Black,72.58,50.99,174.45,7.63,1.48,1.14,22.89,90.74,1
Sandy,117.41,36.87,82.96,5.83,0.44,0.2,18.54,93.38,4
Loamy,107.28,51.51,118.93,6.36,0.42,0.61,30.97,72.14,3
Black,10.5,80.97,182.53,7.78,1.09,1.5,34.06,84.54,1
Black,95.28,86.4,55.06,7.83,1.03,1.01,25.61,68.3,1
Sandy,13.68,65.98,212.54,7.05,0.26,0.06,34.87,70.43,4
Clayey,119.83,69.9,82.68,7.1,0.75,1.13,20.88,56.72,2
Loamy,105.02,32.53,132.92,6.94,1.16,0.47,25.31,49.49,3
Loamy,134.71,16.96,59.47,7.06,0.5,1.01,19.04,69.27,3
Loamy,134.0,9.64,42.74,6.01,0.69,1.46,35.79,65.89,3
Alluvial,92.53,79.64,58.8,6.27,0.83,0.34,37.97,88.18,0
Silty,80.26,32.04,141.02,6.93,0.47,1.43,19.83,88.91,5
Alluvial,124.18,18.77,167.12,6.11,1.02,0.31,28.69,51.16,0
Clayey,126.36,28.01,221.76,6.57,0.68,1.38,30.23,88.11,2
Loamy,126.35,9.91,181.1,7.22,0.44,0.79,37.88,49.98,3
Alluvial,68.7,46.93,57.2,6.79,0.64,0.97,28.85,45.33,0
Silty,134.34,83.75,211.25,6.96,0.68,1.16,33.41,74.37,5
Alluvial,91.35,87.06,83.52,6.21,0.98,0.67,30.98,94.04,0
Sandy,5.9,24.51,14.7,5.97,0.25,0.39,23.87,74.82,4
Black,132.15,53.22,117.11,7.7,0.91,1.39,24.98,47.23,1
Clayey,136.76,62.25,225.72,6.94,0.69,1.09,24.51,47.95,2
Sandy,109.17,25.56,259.5,6.7,0.5,0.17,21.99,80.53,4
Silty,118.43,78.38,215.96,7.03,0.72,0.18,36.33,81.16,5
Loamy,3.86,41.48,186.01,6.77,0.87,1.43,33.26,73.38,3
Loamy,87.59,49.22,131.39,7.33,1.04,0.95,32.45,81.37,3
Loamy,68.21,9.26,47.9,6.15,0.44,0.15,24.12,45.49,3
Silty,78.4,33.75,28.95,6.9,0.48,0.88,24.11,91.39,5
Sandy,14.39,43.89,112.27,6.48,0.13,0.13,34.3,46.06,4
Loamy,127.51,15.08,180.8,7.24,0.94,0.2,29.88,40.69,3
Black,12.47,52.72,164.55,7.98,1.82,1.63,29.25,94.8,1
Alluvial,133.02,76.22,126.57,6.18,0.72,1.04,24.97,63.77,0
Loamy,101.25,13.01,70.26,6.66,1.19,0.12,23.16,79.61,3
Loamy,129.13,62.83,85.28,7.4,1.18,1.41,18.99,45.46,3
Silty,74.86,84.81,186.36,6.79,0.54,1.41,27.67,71.91,5
Alluvial,12.35,64.44,136.0,6.56,0.95,1.3,31.55,68.69,0
Clayey,13.15,3.1,239.5,7.95,1.29,2.44,21.39,50.9,2
Silty,73.94,20.71,10.54,6.25,0.73,0.86,29.81,55.62,5
Loamy,97.13,78.78,31.3,6.66,0.74,0.75,18.35,49.51,3
Alluvial,131.48,9.42,161.92,6.65,1.02,0.58,25.32,93.01,0
Sandy,34.64,87.56,235.14,6.41,0.39,0.3,31.97,50.74,4
Loamy,137.78,7.67,37.15,7.1,1.18,0.75,18.4,68.58,3
Loamy,70.91,79.16,226.83,6.37,0.6,0.36,35.05,80.42,3
Silty,76.45,14.28,155.93,6.76,0.81,0.37,21.64,48.86,5
Alluvial,101.23,49.72,36.08,6.85,1.11,0.99,19.01,88.68,0
Sandy,8.7,51.17,99.31,6.57,0.27,0.29,29.21,80.59,4
Loamy,67.33,12.46,171.65,6.56,0.49,0.86,29.97,47.8,3
Loamy,105.77,78.05,87.99,6.67,0.57,0.32,27.59,75.61,3
Sandy,22.77,26.19,11.3,6.37,0.31,0.13,18.06,71.36,4
Black,12.57,37.21,197.01,8.27,0.8,0.65,28.14,89.76,1
Loamy,118.54,61.01,231.08,6.86,0.95,0.49,31.76,55.09,3
Silty,104.27,70.01,256.6,6.52,0.69,1.42,26.76,59.83,5
Alluvial,9.63,3.2,255.11,6.15,0.85,1.36,28.29,41.37,0
Silty,114.9,74.48,277.44,7.25,0.48,0.38,35.29,68.63,5
Alluvial,94.82,78.91,51.62,6.05,0.47,1.19,28.35,48.77,0
Sandy,39.44,72.57,86.74,6.34,0.17,0.16,20.57,66.54,4
Sandy,111.17,13.61,50.84,6.05,0.49,0.05,19.53,71.98,4
Black,139.98,23.15,198.66,7.33,0.83,1.64,36.98,59.93,1
Alluvial,79.46,43.82,277.51,7.5,0.61,0.5,25.39,60.14,0
Loamy,108.89,33.2,28.58,6.37,0.7,0.58,28.09,51.95,3
Black,115.97,13.68,24.8,7.84,1.885,0.5,37.59,44.87,1
Alluvial,91.3,25.7,120.32,6.73,0.42,1.12,21.64,80.45,0
Loamy,9.36,53.25,249.27,7.23,0.94,0.68,34.58,69.25,3
Sandy,88.12,13.24,191.95,6.74,0.45,0.24,30.68,43.93,4
Sandy,39.81,74.45,194.28,6.6,0.37,0.3,34.68,75.02,4
Sandy,6.27,10.65,22.32,6.31,0.34,0.26,31.67,54.38,4
Sandy,49.59,59.63,78.06,5.54,0.22,0.24,22.31,54.44,4
Silty,51.76,26.85,45.46,6.88,0.73,0.93,29.38,75.5,5
Sandy,2.56,33.96,235.76,6.91,0.32,0.32,32.84,78.75,4
Black,114.08,64.03,266.68,8.08,1.45,0.83,25.34,42.18,1
Loamy,56.28,62.42,199.28,7.19,1.06,0.56,27.83,77.79,3
Silty,82.28,33.82,126.63,6.08,0.61,1.48,36.35,60.24,5
Alluvial,76.07,24.92,114.0,6.39,0.76,0.69,30.49,61.26,0
Black,66.38,40.11,21.97,7.48,1.27,1.42,30.47,92.67,1
Black,135.3,19.25,83.28,8.31,0.95,0.47,19.8,88.26,1
Black,80.1,40.2,207.21,8.24,1.885,0.54,36.59,79.39,1
Loamy,123.53,36.98,27.24,7.14,0.83,0.85,34.28,52.88,3
Alluvial,125.91,80.02,222.22,7.29,1.06,0.81,34.86,49.68,0
Loamy,62.54,6.53,100.79,7.31,1.1,1.09,18.19,55.65,3
Black,137.18,83.13,167.84,7.83,1.68,1.57,26.9,40.17,1
Loamy,63.44,6.01,226.55,6.49,1.08,1.44,22.23,82.06,3
Silty,94.96,37.02,191.66,7.42,0.42,1.12,36.33,49.72,5
Alluvial,78.93,63.93,219.29,7.33,0.73,0.89,24.61,49.04,0
Clayey,121.5,74.7,37.12,8.07,1.37,0.89,27.71,72.63,2
Alluvial,123.55,75.18,51.68,6.82,0.55,1.25,30.14,66.57,0
Alluvial,105.46,43.39,273.74,6.85,0.95,0.52,20.64,61.53,0
Silty,69.49,18.02,67.14,6.67,0.73,0.58,21.33,50.87,5
Loamy,109.83,23.44,234.26,6.54,1.06,1.45,21.23,57.93,3
Alluvial,101.51,18.93,23.18,6.89,1.14,1.32,23.05,66.85,0
Sandy,21.41,16.08,170.82,6.68,0.17,0.22,19.08,72.33,4
Alluvial,108.74,79.78,53.11,7.06,1.2,0.32,23.6,47.27,0
Alluvial,84.69,4.92,37.02,7.27,0.64,0.94,31.87,80.46,0
Clayey,125.92,12.97,24.81,8.04,0.61,2.06,34.28,58.93,2
Loamy,94.29,53.97,89.85,6.61,1.0,0.9,25.56,56.08,3
Clayey,61.69,45.58,140.84,8.15,1.05,0.76,18.17,76.73,2
Sandy,8.63,11.49,152.42,6.71,0.25,0.19,26.97,43.3,4
Alluvial,81.86,11.35,32.65,6.95,0.76,1.48,22.13,75.63,0
Silty,126.36,85.15,43.95,6.21,1.07,0.15,32.03,60.12,5
Clayey,50.37,54.04,161.03,6.04,1.07,1.7,19.43,67.06,2
Loamy,103.27,19.73,48.88,6.79,0.77,0.31,21.33,72.25,3
Loamy,10.17,82.02,166.87,6.9,1.06,0.46,29.23,88.86,3
Loamy,93.46,51.05,173.24,6.15,0.63,0.48,31.26,43.46,3
Loamy,123.29,9.63,144.28,6.39,0.63,1.15,24.02,72.87,3
Loamy,55.42,24.03,11.66,6.89,0.71,0.68,26.15,60.41,3
Silty,51.83,77.92,204.01,7.49,1.09,1.08,30.81,59.61,5
Black,53.18,35.33,37.14,8.26,1.67,1.76,18.8,44.37,1
Loamy,101.46,22.32,243.07,6.94,0.51,0.32,24.58,60.18,3
Alluvial,69.63,75.51,10.65,6.91,1.02,1.18,22.43,66.44,0
Black,57.8,6.64,94.09,8.32,1.83,0.62,30.23,48.78,1
Black,9.61,25.15,199.62,7.93,1.14,0.65,19.49,80.87,1
Black,76.59,78.43,216.32,7.93,1.55,1.09,30.85,91.25,1
Alluvial,77.53,29.92,44.16,6.98,0.53,1.49,20.64,89.95,0
Black,103.83,14.94,184.38,8.41,1.86,1.79,19.94,47.64,1
Loamy,58.95,7.88,191.86,6.99,0.44,0.97,27.79,70.41,3
Alluvial,66.25,62.61,179.18,6.68,0.57,1.22,21.41,87.98,0
Loamy,67.84,33.4,153.7,6.57,1.2,1.44,34.11,79.76,3
Loamy,133.49,26.19,18.06,6.71,1.04,1.34,22.28,50.34,3
Sandy,42.32,71.27,214.62,6.77,0.4,0.35,27.51,58.47,4
Sandy,41.55,84.72,28.13,6.95,0.11,0.33,22.81,51.86,4
Silty,67.85,25.9,62.67,6.41,0.49,0.61,30.22,77.85,5
Loamy,59.59,64.61,64.11,6.51,1.1,1.17,23.88,67.52,3
Sandy,33.41,44.61,232.78,6.17,0.28,0.35,37.07,58.0,4
Loamy,66.79,12.96,201.85,6.63,0.69,0.87,37.85,90.56,3
Sandy,120.99,3.43,84.0,6.41,0.49,0.35,33.87,54.84,4
Loamy,125.7,74.64,174.78,6.4,0.84,1.27,30.93,42.22,3
Clayey,88.86,14.62,182.04,7.48,1.5,2.39,22.21,86.76,2
Clayey,134.93,43.97,254.26,6.79,1.27,2.05,35.16,46.84,2
Loamy,124.56,53.26,162.64,6.94,0.42,1.4,35.95,67.91,3
Loamy,104.8,5.32,51.12,6.89,0.63,0.66,32.89,69.07,3
Black,60.03,49.1,205.62,8.1,1.33,1.53,19.74,83.59,1
Loamy,94.44,39.11,260.8,6.87,0.41,0.29,24.65,69.54,3
Sandy,49.06,51.0,194.29,5.62,0.31,0.28,33.44,88.08,4
Loamy,87.85,16.14,218.12,7.06,1.06,0.4,33.24,54.9,3
Black,52.31,42.11,85.42,7.72,1.15,0.7,23.29,44.54,1
Loamy,52.71,18.78,138.41,6.36,0.62,1.06,26.62,93.48,3
Sandy,69.24,10.2,47.99,5.66,0.44,0.1,30.7,53.4,4
Clayey,101.39,63.24,155.04,7.14,0.68,2.02,28.43,67.48,2
Clayey,129.38,55.42,61.7,7.14,1.44,1.85,25.34,64.53,2
Loamy,122.55,58.95,236.35,6.61,0.97,0.37,23.09,81.24,3
Alluvial,120.37,3.92,59.73,6.3,0.99,1.46,28.3,94.98,0
Alluvial,3.11,76.34,50.18,6.74,0.4,0.98,25.55,64.53,0
Silty,95.25,37.19,112.76,7.03,0.81,1.09,19.15,89.48,5
Alluvial,50.13,36.15,114.99,6.95,0.64,1.32,32.13,78.52,0
Alluvial,130.03,29.93,35.15,6.66,0.74,0.69,28.28,53.7,0
Loamy,51.95,21.38,75.02,6.5,1.15,0.13,34.21,94.62,3
Black,88.83,79.1,202.56,8.13,1.15,1.35,31.16,52.15,1
Loamy,72.52,3.35,199.16,6.2,0.41,0.5,24.48,88.63,3
Black,83.82,65.34,121.86,8.1,0.88,1.43,19.46,80.6,1
Loamy,103.33,24.49,38.6,6.96,0.64,1.18,27.77,94.35,3
Alluvial,7.08,9.18,195.47,6.5,0.93,1.24,20.13,67.09,0
Loamy,83.92,50.66,40.56,6.54,1.08,1.32,37.92,59.75,3
Sandy,33.8,38.56,273.34,5.7,0.33,0.28,18.99,56.41,4
Clayey,67.74,49.14,69.41,6.12,0.96,2.11,31.85,85.14,2
Silty,134.95,82.67,30.21,6.6,0.45,0.23,20.84,49.8,5
Loamy,58.69,83.48,197.17,6.74,1.02,1.19,22.94,73.58,3
Sandy,14.71,4.82,176.85,5.66,0.2,0.25,18.67,57.1,4
Loamy,70.41,3.34,120.97,6.68,1.05,0.75,22.9,49.28,3
Clayey,116.33,78.07,54.67,8.19,1.38,1.46,23.06,47.45,2
Alluvial,2.98,79.85,168.35,6.41,0.83,0.25,30.17,60.19,0
Black,124.35,31.43,105.47,7.78,1.69,0.5,35.68,75.75,1
Silty,77.61,52.2,15.63,7.16,0.84,0.92,19.36,89.8,5
Clayey,112.89,5.6,154.69,6.51,1.17,2.07,24.69,75.52,2
Loamy,107.33,29.32,245.94,7.33,0.63,0.93,30.64,52.04,3
Sandy,108.28,31.13,83.09,6.81,0.42,0.16,20.62,53.31,4
Loamy,102.9,16.27,36.16,6.35,1.05,1.38,31.09,66.76,3
Loamy,119.27,60.91,240.36,6.75,1.2,0.68,27.73,93.47,3
Black,64.33,35.54,35.08,7.93,1.55,1.46,18.36,64.05,1
Alluvial,83.86,2.54,238.81,6.5,1.05,1.02,28.18,70.64,0
Black,63.11,9.99,203.38,7.39,1.56,0.7,29.71,57.74,1
Silty,127.96,76.7,136.62,6.89,0.57,0.75,30.95,56.38,5
Loamy,71.73,9.91,128.49,6.48,0.51,0.78,22.21,62.2,3
Loamy,119.34,73.33,19.48,6.92,0.71,0.87,19.51,70.68,3
Sandy,21.05,58.36,254.07,5.88,0.28,0.38,31.44,77.05,4
Alluvial,73.96,9.51,33.22,7.37,1.11,0.4,20.19,80.99,0
Silty,58.9,73.89,197.7,7.41,1.0,0.99,24.29,70.03,5
Silty,89.33,81.45,209.35,6.8,0.64,0.32,22.12,42.51,5
Silty,116.5,59.73,126.63,6.98,0.56,1.35,22.34,90.91,5
Sandy,31.29,10.18,154.75,7.16,0.19,0.08,30.39,82.68,4
Sandy,18.11,62.49,20.35,7.12,0.35,0.24,25.58,83.7,4
Alluvial,100.02,50.88,121.08,6.83,0.81,1.08,26.93,46.18,0
Alluvial,63.12,53.41,246.63,7.48,0.59,0.64,27.06,73.31,0
Silty,90.41,76.27,115.49,6.96,0.43,0.31,33.34,47.65,5
Alluvial,99.22,68.01,151.73,7.01,1.13,0.43,27.4,88.55,0
Loamy,123.81,76.6,263.05,6.45,1.0,0.99,26.37,70.32,3
Loamy,115.82,10.07,195.47,6.26,0.81,0.31,21.03,94.14,3
Alluvial,5.44,62.64,156.85,6.38,1.15,0.77,32.66,63.14,0
Sandy,15.27,17.21,41.74,5.61,0.38,0.34,31.19,72.36,4
Silty,89.17,77.92,56.91,6.61,0.79,1.21,29.3,79.95,5
Clayey,110.44,35.55,40.34,6.76,0.63,0.96,21.48,54.25,2
Loamy,76.92,42.05,129.07,7.39,1.17,0.73,28.92,72.13,3
Alluvial,122.65,88.1,49.14,6.06,1.04,0.45,36.76,59.76,0
Black,76.53,49.11,126.06,8.44,0.96,1.05,30.6,50.66,1
Clayey,53.68,6.15,108.46,8.04,1.08,1.4,29.19,76.08,2
Loamy,88.59,6.06,18.47,6.56,1.06,0.41,33.91,52.28,3
Silty,104.05,5.16,157.14,6.0,0.6,1.37,18.06,52.04,5
Silty,117.3,40.12,260.38,6.14,1.16,1.05,23.73,66.03,5
Black,95.62,40.52,148.86,7.27,0.85,1.27,21.25,44.96,1
Black,87.85,24.64,264.53,8.24,1.885,0.63,37.27,68.13,1
Clayey,75.94,64.4,20.01,8.07,1.35,2.22,32.52,70.98,2
Loamy,104.73,11.22,228.06,6.27,0.65,0.17,36.02,67.25,3
Loamy,136.98,23.23,66.63,7.38,1.14,1.35,26.56,77.91,3
Silty,80.1,60.4,277.23,7.46,0.54,0.7,23.28,49.17,5
Silty,124.4,37.26,92.04,6.05,0.54,0.63,29.6,78.77,5
Loamy,134.37,54.73,31.4,6.9,1.08,0.87,35.41,55.66,3
Alluvial,2.92,39.51,73.4,6.71,0.72,0.27,27.06,81.94,0
Black,99.69,44.76,159.68,8.13,1.32,0.51,31.12,94.71,1
Silty,61.39,86.83,46.21,6.27,0.72,0.1,28.02,90.58,5
Alluvial,59.3,60.05,149.26,7.21,1.08,0.18,37.97,61.34,0
Silty,134.99,54.78,159.85,7.17,0.57,0.64,28.1,84.91,5
Black,133.71,31.72,113.91,7.3,1.11,1.19,22.67,40.17,1
Clayey,7.65,51.68,18.8,6.26,0.89,1.4,29.41,61.47,2
Black,50.48,68.88,114.34,7.32,1.24,1.0,30.27,56.89,1
Alluvial,130.39,62.81,245.26,7.46,0.55,0.27,19.91,80.12,0
Loamy,127.38,2.26,184.58,7.36,0.75,0.72,26.72,46.48,3
Silty,5.39,45.02,21.47,6.62,0.91,0.71,25.67,52.02,5
Alluvial,72.68,3.22,186.53,7.28,0.89,1.46,34.45,59.91,0
Silty,80.69,80.24,33.49,6.29,1.18,0.45,18.21,51.92,5
Loamy,2.26,4.97,207.31,6.77,0.71,0.93,28.48,44.32,3
Silty,120.06,78.85,31.5,7.47,0.43,1.14,20.36,70.75,5
Alluvial,126.7,85.32,252.2,6.05,0.69,1.1,36.26,40.84,0
Loamy,122.95,52.39,161.36,7.41,0.44,0.16,32.98,58.79,3
Loamy,139.32,54.07,116.07,7.35,0.73,1.37,22.81,41.88,3
Loamy,109.29,53.85,98.0,6.89,0.53,0.54,29.88,58.28,3
Loamy,72.63,35.68,105.71,6.16,0.9,1.33,21.44,87.75,3
Alluvial,133.98,28.79,202.13,6.0,1.19,0.89,28.3,57.9,0
Silty,77.7,13.37,143.79,6.78,0.48,0.32,32.92,89.04,5
Black,133.15,60.56,190.64,7.91,1.67,0.99,33.69,46.34,1
Black,50.37,43.87,12.22,7.53,1.74,1.52,30.45,64.51,1
Black,2.95,9.65,270.5,7.47,0.8,1.24,31.8,87.18,1
Sandy,59.78,45.53,167.82,6.41,0.39,0.16,28.05,84.18,4
Sandy,87.06,2.75,38.5,6.89,0.42,0.14,29.26,81.99,4
Loamy,13.55,6.18,218.13,7.47,0.64,0.37,23.77,90.01,3
Alluvial,89.99,23.53,268.72,7.25,0.43,0.68,23.33,83.91,0
Black,68.78,89.06,246.39,7.83,1.07,1.12,35.75,77.71,1
Alluvial,138.51,67.86,104.88,6.57,0.72,0.4,30.11,53.57,0
Black,124.33,54.65,54.34,8.49,1.3,1.6,37.09,87.3,1
Clayey,68.31,41.44,105.6,7.53,1.45,1.01,25.79,56.99,2
Sandy,80.95,14.44,131.73,5.74,0.41,0.37,22.75,71.44,4
Loamy,103.48,8.22,40.48,7.38,0.94,0.14,26.27,87.7,3
Clayey,103.55,78.24,192.05,6.29,1.5,0.92,24.95,93.73,2
Sandy,15.34,14.56,248.44,6.99,0.32,0.38,30.26,56.74,4
Alluvial,66.55,67.42,167.62,6.32,1.07,1.21,29.14,81.39,0
Black,103.65,6.99,72.19,7.41,0.93,1.79,29.19,86.0,1
Alluvial,120.38,37.05,143.42,6.71,0.46,0.61,30.57,74.32,0
Clayey,108.79,48.26,191.45,7.72,1.2,2.01,20.7,51.43,2
Alluvial,52.67,30.5,228.61,7.12,0.95,0.82,36.77,88.18,0
Loamy,86.2,34.54,67.65,7.47,0.76,0.9,20.87,68.52,3
Loamy,103.18,11.67,251.65,6.59,0.93,0.49,20.22,42.62,3
Black,109.82,42.76,207.5,7.4,1.75,0.67,23.13,57.87,1
Loamy,59.82,57.54,214.83,6.27,0.74,0.36,19.14,55.16,3
Alluvial,50.52,36.9,248.16,6.57,0.7,1.12,37.04,70.83,0
Loamy,14.27,54.67,34.9,7.36,0.99,0.41,22.27,56.3,3
Alluvial,87.83,32.62,204.99,6.22,0.76,0.71,18.11,45.85,0
Silty,117.06,73.03,195.23,6.92,0.57,1.1,37.12,87.53,5
Alluvial,56.52,37.85,179.11,7.42,0.75,0.17,20.35,86.1,0
Alluvial,6.21,56.13,235.82,6.53,0.83,0.65,28.28,56.89,0
Loamy,116.19,75.49,111.78,6.32,0.61,0.44,24.1,86.42,3
Loamy,78.86,53.22,145.0,7.4,1.19,0.52,33.66,43.36,3
Alluvial,100.44,28.27,133.05,6.63,0.94,1.35,24.74,76.05,0
Black,111.09,49.95,263.23,7.64,1.1,0.64,22.25,60.03,1
Black,127.0,2.58,271.1,7.35,1.27,0.69,26.36,53.61,1
Loamy,52.72,10.81,50.36,7.41,1.09,0.86,19.16,63.35,3
Loamy,100.28,43.51,25.97,7.12,0.64,0.82,23.75,66.48,3
Silty,52.44,84.15,171.9,7.1,0.88,0.72,31.68,73.25,5
Clayey,91.92,35.22,119.19,6.35,1.27,2.36,26.12,92.35,2
Loamy,134.99,83.09,251.69,7.42,0.78,0.78,18.75,62.03,3
Silty,135.48,31.12,219.51,7.08,0.83,0.9,30.9,78.23,5
Loamy,98.5,37.8,69.96,6.34,0.5,0.55,33.82,65.77,3
Loamy,57.96,59.71,248.53,7.05,0.53,1.19,31.95,68.11,3
Alluvial,54.6,10.58,21.61,7.23,1.05,0.57,35.48,69.35,0
Alluvial,100.14,12.89,88.31,6.74,0.82,0.55,32.1,82.51,0
Black,108.48,47.48,212.27,8.34,1.46,1.73,19.25,91.95,1
Loamy,137.48,42.88,109.08,6.13,0.61,0.86,28.5,43.57,3
Black,113.49,3.95,130.24,7.98,1.49,0.98,32.34,47.78,1
Clayey,57.67,65.59,157.06,6.62,1.49,1.18,21.15,74.81,2
Loamy,8.41,59.45,227.2,6.11,0.6,0.47,34.21,94.58,3
Loamy,85.57,80.1,38.19,7.35,0.65,1.48,24.28,79.97,3
Alluvial,129.21,5.48,118.37,6.47,0.51,0.6,20.86,82.65,0
Alluvial,72.05,86.23,51.35,6.15,1.12,0.19,34.32,89.06,0
Loamy,62.14,50.86,183.22,7.03,1.06,0.48,21.23,44.21,3
Loamy,2.43,7.59,250.31,6.36,0.54,0.25,26.52,68.53,3
Loamy,119.04,32.92,201.87,6.96,0.84,0.22,21.99,81.62,3
Silty,68.94,5.33,196.43,6.06,0.4,1.01,19.47,76.3,5
Black,119.08,87.06,181.25,8.44,1.0,1.5,36.58,77.97,1
Alluvial,138.23,63.32,255.45,6.07,0.81,0.55,37.98,61.56,0
Sandy,53.25,6.25,125.16,5.64,0.17,0.2,20.0,82.62,4
Black,94.95,28.3,229.57,7.37,1.66,0.44,36.62,40.24,1
Silty,78.56,47.5,85.38,6.32,0.48,0.75,28.32,75.38,5
Black,124.39,87.81,189.3,7.41,1.87,1.54,23.64,73.36,1
Loamy,85.26,10.96,272.29,6.41,0.98,0.52,28.65,82.54,3
Alluvial,129.98,70.72,164.19,6.45,0.93,0.12,36.0,66.74,0
Loamy,77.1,21.78,31.87,7.08,0.49,0.52,29.45,93.28,3
Silty,100.95,56.8,82.5,7.13,0.53,0.45,30.58,82.38,5
Loamy,103.49,89.21,276.25,6.8,0.58,1.34,29.73,41.87,3
Loamy,135.37,59.53,87.56,6.38,0.85,0.82,25.68,79.67,3
Alluvial,58.49,7.21,97.9,7.5,0.48,0.52,30.38,80.99,0
Loamy,77.91,45.17,83.51,6.35,1.04,0.58,30.15,88.63,3
Loamy,127.94,85.58,61.44,7.31,0.81,1.22,18.82,45.82,3
Loamy,5.2,40.99,35.09,7.2,0.84,0.21,28.98,52.98,3
Black,129.9,49.74,277.08,7.97,1.72,1.56,20.07,84.5,1
Black,61.87,31.11,33.3,7.22,1.01,0.68,27.52,81.68,1
Silty,4.43,6.45,89.71,7.22,0.66,0.41,21.44,42.76,5
Silty,122.87,2.04,108.98,6.39,0.93,1.01,18.34,89.45,5
Silty,93.16,26.81,196.39,7.38,1.17,0.15,28.34,52.47,5
Loamy,71.88,14.26,112.6,6.74,0.71,0.19,19.75,71.89,3
Alluvial,111.02,52.55,138.7,6.78,1.19,1.37,30.05,61.26,0
Alluvial,134.55,38.14,219.87,6.93,0.75,0.52,24.29,84.21,0
Black,54.22,66.4,14.38,8.21,1.56,1.23,19.22,69.63,1
Sandy,31.51,14.15,173.55,6.96,0.37,0.26,37.18,40.8,4
Loamy,86.72,38.45,116.79,6.26,0.92,0.16,20.17,59.85,3
Alluvial,128.99,66.62,219.07,6.53,1.1,0.56,31.64,45.82,0
Loamy,98.26,29.49,143.12,6.19,0.53,0.85,31.36,88.24,3
Silty,137.2,74.07,125.3,6.47,0.93,0.81,21.33,82.87,5
Black,107.91,57.48,259.73,7.6,1.69,0.89,33.32,69.72,1
Loamy,91.39,77.0,15.63,6.74,0.87,0.76,27.26,51.04,3
Sandy,27.39,37.84,264.13,6.94,0.15,0.35,18.52,71.92,4
Clayey,110.03,78.54,51.3,7.96,1.2,2.43,25.54,40.72,2
Loamy,7.15,36.09,175.37,6.68,0.48,1.03,26.48,70.73,3
Alluvial,94.73,25.48,216.85,7.17,0.91,0.54,20.65,49.8,0
Alluvial,126.48,65.66,60.28,6.32,0.65,1.41,29.1,91.14,0
Alluvial,139.73,26.85,193.85,6.0,1.02,0.48,36.54,72.98,0
Loamy,12.44,6.88,189.4,7.43,0.57,1.03,28.58,59.07,3
Loamy,51.48,2.3,30.93,7.09,1.04,0.75,20.28,50.54,3
Loamy,81.52,41.96,225.57,7.26,0.84,0.11,21.74,40.55,3
Alluvial,80.8,15.67,83.44,6.92,1.14,0.23,30.56,41.56,0
Alluvial,139.09,42.85,67.2,7.46,0.77,0.65,36.21,83.64,0
Black,95.03,28.14,25.15,8.4,1.77,0.43,29.19,53.45,1
Clayey,61.93,25.77,65.45,7.16,1.01,1.68,31.87,69.07,2
Black,129.6,70.64,241.12,8.24,1.69,1.37,24.91,58.88,1
Loamy,53.84,40.33,231.92,6.96,0.66,0.32,23.9,91.22,3
Black,75.86,37.5,68.19,7.52,1.01,1.49,26.69,44.42,1
Sandy,42.23,13.04,149.98,6.84,0.2,0.22,37.82,59.42,4
Sandy,13.13,56.0,110.46,7.07,0.38,0.1,27.56,89.71,4
Loamy,8.98,83.93,72.27,7.2,0.5,1.45,37.83,79.43,3
Alluvial,6.65,26.82,126.07,6.35,0.59,1.4,18.25,89.67,0
Sandy,100.54,11.03,210.64,6.49,0.46,0.32,22.53,85.58,4
Black,98.95,51.73,39.64,7.28,1.885,0.77,37.73,43.83,1
Alluvial,125.41,21.26,108.7,7.16,0.62,1.33,26.5,86.11,0
Alluvial,80.36,52.22,191.86,7.34,0.79,1.17,24.57,94.2,0
Silty,6.36,89.17,36.4,7.31,0.95,0.22,34.63,83.56,5
Alluvial,80.46,31.97,79.92,6.35,1.2,1.48,21.0,68.15,0
Black,83.15,26.39,139.6,7.83,1.8,0.47,26.87,84.47,1
Alluvial,120.93,35.02,156.4,6.75,0.59,1.03,23.19,91.4,0
Black,117.92,48.46,51.0,7.81,1.52,1.41,19.6,85.73,1
Alluvial,14.49,18.7,266.23,6.99,0.45,1.03,29.02,75.73,0
Black,111.2,4.46,238.57,8.31,1.37,0.99,34.11,40.28,1
Silty,110.93,6.52,129.71,6.5,0.42,0.66,22.59,85.57,5
Alluvial,93.29,81.21,210.64,6.54,1.17,0.36,20.9,64.12,0
Loamy,113.66,80.61,128.29,7.42,0.7,1.48,29.63,55.0,3
Black,139.64,54.74,249.96,7.59,0.9,0.84,26.52,79.75,1
Loamy,87.17,54.0,67.94,6.05,0.95,0.67,21.68,65.57,3
Loamy,137.14,15.29,237.6,6.63,0.53,1.03,27.83,40.29,3
Alluvial,121.45,4.88,206.02,7.14,0.69,0.69,27.65,47.36,0
Loamy,14.83,47.78,125.6,6.35,1.04,0.49,34.72,77.5,3
Alluvial,69.06,4.16,243.59,6.98,0.78,0.52,27.3,50.49,0
Silty,97.89,72.13,89.49,6.03,0.56,1.31,32.15,79.65,5
Alluvial,14.8,35.47,254.61,7.37,0.73,0.56,24.61,69.22,0
Loamy,103.84,77.09,32.02,6.93,0.84,0.5,29.56,82.75,3
Loamy,99.72,13.23,218.05,6.96,0.69,0.22,34.59,89.89,3
Black,134.98,6.55,50.7,7.21,1.885,0.77,18.63,45.93,1
Alluvial,96.6,41.54,142.86,7.09,1.17,1.27,33.29,70.49,0
Sandy,16.68,42.21,27.54,5.93,0.33,0.2,18.97,94.5,4
Loamy,14.17,53.28,58.47,7.11,0.83,0.66,26.72,83.51,3
Loamy,115.65,30.24,22.8,7.02,0.67,1.15,32.44,56.42,3
Silty,2.75,50.06,71.86,6.61,0.95,1.14,18.96,77.59,5
Alluvial,59.42,81.0,259.36,6.94,0.79,1.22,24.5,73.88,0
Alluvial,127.37,66.2,189.02,7.1,1.03,1.2,27.18,65.69,0
Loamy,90.08,31.03,30.03,6.16,1.14,0.13,20.35,47.2,3
Loamy,69.71,42.69,220.82,6.56,0.62,1.03,27.52,56.49,3
Sandy,29.87,23.97,37.2,6.83,0.12,0.29,30.74,54.79,4
Alluvial,123.29,66.18,223.05,6.32,0.9,0.45,20.47,52.32,0
Loamy,98.29,28.62,159.17,6.62,1.12,0.18,35.72,87.68,3
Alluvial,58.16,13.23,133.91,6.31,0.7,1.01,21.27,94.64,0
Alluvial,95.8,27.79,159.46,7.02,1.08,0.51,19.38,59.1,0
Black,106.9,86.68,101.03,8.34,1.66,1.0,36.78,73.38,1
Black,99.82,88.2,226.8,7.39,1.52,1.02,32.95,75.38,1
Clayey,74.4,47.76,218.12,8.1,0.89,1.68,31.82,86.13,2
Sandy,43.63,42.56,153.53,5.61,0.12,0.06,24.87,53.95,4
Loamy,128.39,7.82,211.64,6.68,1.04,0.1,31.15,48.37,3
Clayey,50.76,18.19,179.26,7.6,1.08,1.85,18.13,89.99,2
Sandy,3.37,6.92,27.1,6.48,0.15,0.32,28.62,57.56,4
Clayey,113.37,12.12,212.34,6.07,1.16,2.44,25.72,73.62,2
Alluvial,74.42,83.81,167.73,6.68,1.19,0.39,29.57,40.45,0
Alluvial,121.62,67.5,86.4,6.38,1.06,0.52,18.02,76.63,0
Alluvial,6.96,61.24,81.43,6.75,0.85,0.71,30.19,62.26,0
Sandy,15.22,13.78,17.01,7.17,0.33,0.16,22.34,71.86,4
Silty,65.15,22.31,277.95,6.32,0.79,0.74,34.42,74.44,5
Sandy,6.28,20.64,99.84,5.64,0.47,0.3,37.18,78.79,4
Black,118.63,2.63,211.46,7.64,1.885,0.52,18.78,47.31,1
Clayey,54.5,54.33,95.33,8.17,0.75,2.27,34.65,59.03,2
Alluvial,120.6,66.97,255.08,6.65,0.62,0.31,25.11,71.47,0
Loamy,69.95,2.53,90.62,7.17,0.76,1.36,36.17,73.83,3
Clayey,58.04,42.99,181.77,7.51,1.23,1.71,35.35,79.31,2
Alluvial,105.41,43.65,154.96,7.47,0.6,0.51,19.97,44.13,0
Alluvial,81.61,80.81,32.36,6.3,0.63,0.69,25.47,47.28,0
Silty,84.64,4.94,236.14,6.27,0.91,0.52,32.84,93.94,5
Clayey,2.51,10.72,102.09,6.97,0.6,2.43,18.28,60.6,2
Black,125.46,80.59,226.49,7.28,0.84,1.49,34.41,70.88,1
Clayey,130.99,84.46,39.32,7.28,1.26,1.02,32.55,55.25,2
Loamy,53.94,26.63,238.25,6.75,1.08,0.66,27.57,52.7,3
Sandy,35.21,25.27,169.46,6.56,0.24,0.37,36.58,71.15,4
Black,113.36,8.39,129.25,7.62,1.32,1.2,23.52,73.78,1
Silty,75.75,38.26,194.14,6.68,1.03,1.37,21.16,70.11,5
Loamy,5.33,10.79,47.79,6.63,0.42,0.65,26.93,53.22,3
Black,96.78,46.03,273.36,8.02,1.02,1.07,36.84,73.63,1
Loamy,125.81,9.79,274.31,7.1,0.45,0.66,27.78,47.7,3
Loamy,111.17,49.8,218.36,6.18,0.41,0.83,23.82,85.6,3
Clayey,89.66,33.84,44.87,8.04,0.9,1.36,26.86,76.02,2
Sandy,86.53,28.44,21.28,6.76,0.4,0.38,30.85,47.86,4
Silty,138.12,3.14,39.22,6.32,0.83,1.15,20.22,91.42,5
Alluvial,138.57,18.91,276.44,6.78,1.16,0.81,21.31,66.01,0
Alluvial,126.49,5.18,177.63,6.84,0.74,1.05,29.43,55.3,0
Loamy,13.5,60.02,259.03,6.09,0.48,0.34,28.84,54.33,3
Loamy,96.16,36.65,231.45,7.16,0.66,0.14,26.94,40.19,3
Alluvial,115.79,28.97,59.28,6.53,0.78,0.16,28.14,69.53,0
Black,89.63,86.78,222.27,8.45,1.48,0.9,32.37,67.04,1
Black,111.48,39.95,247.61,7.29,1.76,1.01,33.61,47.99,1
Silty,120.1,52.14,264.06,6.03,0.59,1.18,37.95,76.49,5
Black,10.53,82.63,64.66,7.75,1.77,0.77,22.74,90.52,1
Sandy,30.49,55.95,260.21,6.37,0.17,0.13,36.34,52.65,4
Loamy,89.41,60.44,209.8,6.18,1.04,0.82,30.91,46.55,3
Loamy,83.92,26.76,74.08,6.65,0.49,1.01,28.33,60.76,3
Black,118.71,51.25,194.26,7.7,1.3,0.43,29.13,45.8,1
Loamy,89.68,61.34,214.39,6.99,1.07,1.07,20.46,54.15,3
Sandy,35.46,66.54,81.87,5.63,0.39,0.37,24.54,63.04,4
Alluvial,63.39,44.74,255.95,6.85,1.14,0.54,37.91,59.9,0
Black,120.58,77.8,179.6,7.53,1.72,1.38,36.55,83.06,1
Loamy,86.11,67.65,268.51,6.76,0.69,0.15,28.39,55.7,3
Loamy,103.54,59.09,163.46,6.0,0.71,1.24,30.6,49.2,3
Sandy,26.16,49.04,202.2,6.32,0.35,0.34,24.93,62.79,4
Alluvial,83.97,31.54,13.69,6.26,0.44,0.92,35.01,74.83,0
Sandy,25.42,24.47,178.87,7.08,0.27,0.25,27.83,43.41,4
Sandy,14.91,84.71,117.13,6.91,0.3,0.08,24.75,58.07,4
Loamy,94.34,59.32,32.18,7.06,0.71,0.51,33.66,92.36,3
Clayey,109.36,59.11,162.79,7.35,1.18,2.23,21.44,58.46,2
Loamy,61.32,11.91,50.31,6.31,0.92,0.53,23.12,79.25,3
Black,99.17,17.57,219.54,8.14,1.12,0.89,23.55,61.18,1
Alluvial,98.23,9.01,100.81,6.09,1.08,0.3,19.74,92.44,0
Black,95.06,2.06,126.92,7.81,1.52,1.59,29.36,92.09,1
Alluvial,85.22,4.29,256.73,6.26,1.16,1.15,37.97,68.14,0
Silty,136.03,29.51,232.12,7.4,0.88,0.92,30.42,62.49,5
Black,50.37,41.12,55.96,7.32,0.96,1.7,35.26,90.75,1
Loamy,5.14,4.56,159.18,7.22,0.72,1.35,36.37,50.42,3
Sandy,16.1,66.7,26.51,5.88,0.16,0.27,25.37,47.94,4
Sandy,42.41,83.07,142.01,5.6,0.22,0.34,36.03,89.87,4
Loamy,86.92,65.81,159.54,7.43,0.57,1.25,20.24,59.24,3
Black,103.76,57.37,40.83,7.43,1.33,0.52,26.86,69.16,1
Black,12.99,44.24,188.97,7.56,0.94,1.63,36.56,86.45,1
Loamy,84.21,79.91,166.45,6.31,0.48,1.18,19.35,67.94,3
Clayey,80.58,68.73,67.5,6.84,0.7,1.7,33.57,59.77,2
Loamy,136.99,79.72,268.03,6.06,0.43,0.41,32.3,41.51,3
Silty,112.82,33.0,29.86,6.33,1.04,0.46,36.64,57.25,5
Silty,82.42,5.97,35.08,6.91,0.85,0.64,26.12,85.72,5
Sandy,19.94,67.54,156.12,6.91,0.2,0.19,36.1,93.51,4
Alluvial,115.89,33.32,110.82,6.18,0.46,1.37,20.82,75.55,0
Alluvial,126.42,79.09,150.85,6.87,0.85,0.33,22.71,86.02,0
Black,63.87,9.44,36.49,8.14,1.66,1.21,30.26,90.97,1
Clayey,114.92,27.6,32.29,7.16,0.81,1.79,31.61,46.32,2
Alluvial,11.77,20.54,264.55,7.48,0.83,1.49,35.87,73.88,0
Loamy,94.28,77.78,208.26,7.13,0.62,0.77,19.55,73.38,3
Loamy,74.02,7.74,128.23,7.21,1.06,0.8,21.43,43.99,3
Clayey,114.6,81.69,50.68,7.87,0.95,1.71,19.44,79.24,2
Alluvial,119.67,25.62,76.75,6.68,1.06,0.13,24.21,48.25,0
Clayey,76.8,66.46,127.39,7.17,1.42,2.23,33.56,40.89,2
Black,2.07,56.7,193.15,7.67,0.84,1.73,37.21,85.22,1
Loamy,96.24,65.12,151.3,6.98,0.65,0.86,28.59,91.74,3
Alluvial,138.48,18.07,47.6,6.0,1.14,1.49,33.36,59.26,0
Black,139.43,36.9,94.1,7.65,1.38,0.91,25.08,72.49,1
Clayey,84.37,62.18,130.45,6.85,0.81,1.42,30.33,61.03,2
Black,110.65,68.13,146.04,7.52,1.8,1.08,22.6,70.65,1
Clayey,131.69,55.51,148.97,6.94,1.23,2.44,24.11,70.4,2
Alluvial,2.29,29.85,31.09,6.47,0.89,0.51,18.53,59.68,0
Black,69.06,47.78,273.02,7.37,1.54,0.93,23.42,50.52,1
Loamy,6.81,64.62,231.99,6.63,0.8,1.26,36.04,71.3,3
Black,84.94,61.37,58.0,7.58,0.89,1.35,34.65,47.94,1
Loamy,54.53,81.55,65.15,6.6,1.18,0.7,24.71,63.16,3
Clayey,121.69,56.38,153.44,7.22,1.32,0.85,19.44,45.83,2
Sandy,51.66,60.48,181.19,7.05,0.4,0.05,29.57,66.09,4
Black,107.43,8.75,76.55,7.96,1.58,1.69,33.06,56.49,1
Clayey,81.12,88.49,225.44,6.54,1.32,0.74,35.71,66.79,2
Loamy,55.43,43.53,80.13,6.13,0.45,0.53,33.8,71.89,3
Alluvial,2.81,2.98,136.22,7.24,0.63,0.73,34.6,91.23,0
Loamy,85.39,67.69,33.11,6.95,0.73,1.06,33.2,50.65,3
Alluvial,132.04,12.15,34.21,6.41,0.59,0.19,32.09,60.18,0
Loamy,122.59,67.97,38.15,6.06,0.49,1.44,20.37,86.88,3
Sandy,112.88,75.55,55.04,6.29,0.46,0.18,35.97,91.29,4
Loamy,60.55,14.66,90.53,6.36,0.61,1.4,25.7,91.02,3
Clayey,52.43,33.39,119.05,7.61,0.99,0.89,27.16,77.39,2
Loamy,14.39,24.75,150.8,6.11,1.16,0.91,21.77,78.71,3
Alluvial,98.68,20.6,252.49,6.15,0.84,1.45,29.75,52.9,0
Alluvial,129.88,73.64,152.45,7.05,0.44,0.19,23.39,40.74,0
Alluvial,63.39,19.73,36.1,6.88,0.96,0.47,31.87,82.24,0
Loamy,135.48,36.23,183.02,6.74,0.63,0.35,35.83,74.65,3
Clayey,59.05,82.28,47.32,6.95,1.32,1.02,18.36,67.3,2
Clayey,103.64,53.13,241.52,6.16,1.14,0.78,24.45,42.18,2
Alluvial,103.56,52.45,194.16,6.52,0.78,0.61,29.47,47.92,0
Loamy,10.38,75.74,101.35,6.08,0.41,0.54,34.96,78.75,3
Silty,78.84,46.99,244.62,6.23,0.85,0.17,21.75,59.11,5
Loamy,118.28,57.07,208.12,6.26,1.12,0.62,37.93,50.7,3
Black,73.96,20.11,151.42,7.54,1.53,1.78,19.92,54.86,1
Sandy,107.6,26.14,37.21,7.05,0.45,0.36,36.3,43.06,4
Silty,71.7,50.23,94.41,6.99,1.1,0.73,37.02,43.35,5
Alluvial,74.44,40.43,200.52,7.41,0.46,0.12,22.73,80.32,0
Clayey,107.2,45.34,92.47,7.75,0.89,1.32,33.28,49.92,2
Black,71.52,79.39,56.49,7.38,1.28,0.71,37.45,40.27,1
Loamy,81.14,7.54,59.01,7.1,0.49,0.59,19.33,46.34,3
Clayey,134.72,87.76,192.82,6.84,1.19,1.41,21.95,64.63,2
Silty,81.53,86.37,115.7,6.93,0.65,0.64,36.83,80.14,5
Loamy,61.43,41.01,238.44,6.58,0.64,0.41,35.41,75.36,3
Loamy,137.22,5.05,263.09,6.37,0.8,1.06,29.95,40.22,3
Loamy,55.63,2.76,117.88,6.32,0.83,0.62,28.4,51.24,3
Loamy,138.22,83.88,247.91,7.41,0.82,0.33,19.55,87.02,3
Loamy,103.11,52.52,100.6,6.74,0.87,1.35,30.87,68.02,3
Loamy,6.98,4.85,20.19,6.56,0.73,0.84,24.04,76.87,3
Loamy,98.7,8.91,15.23,7.38,0.95,0.81,20.66,94.95,3
Alluvial,61.11,61.81,269.72,7.17,0.5,0.97,37.35,48.89,0
Black,62.87,75.51,56.9,8.22,1.28,0.57,27.61,61.15,1
Alluvial,69.59,72.39,165.42,6.11,0.81,0.42,21.8,40.88,0
Black,55.93,47.88,118.53,7.75,1.63,1.29,29.0,46.9,1
Loamy,132.38,60.75,66.79,6.6,0.96,0.27,32.49,59.44,3
Silty,51.29,52.41,100.24,6.53,0.96,0.38,18.24,63.36,5
Sandy,4.89,29.45,255.73,6.5,0.39,0.32,37.4,59.67,4
Alluvial,69.25,26.99,103.28,6.14,1.15,0.41,19.89,52.95,0
Black,7.81,86.12,42.72,7.28,1.67,1.3,21.5,93.4,1
Sandy,58.22,59.45,94.14,6.88,0.29,0.36,18.5,52.26,4
Alluvial,92.14,32.19,12.32,7.37,0.81,0.72,37.97,75.65,0
Black,123.39,64.32,132.94,8.42,1.86,0.59,36.11,69.04,1
Loamy,122.68,55.65,133.76,6.62,1.04,0.82,28.31,52.8,3
Clayey,103.04,51.83,47.86,8.08,1.31,1.55,20.99,86.72,2
Sandy,37.09,31.51,154.44,6.19,0.2,0.24,30.5,44.47,4
Silty,57.75,4.18,183.98,6.47,0.64,0.7,20.65,51.33,5
Black,128.82,44.75,112.04,8.37,0.89,0.52,30.88,84.38,1
Alluvial,85.01,55.06,35.26,7.02,0.49,0.36,33.52,84.31,0
Sandy,7.5,7.88,22.49,6.67,0.22,0.13,34.12,40.8,4
Silty,135.11,4.49,139.57,6.88,1.11,0.85,27.54,75.64,5
Silty,111.95,35.76,255.21,6.92,0.58,1.05,27.04,68.25,5
Sandy,14.62,45.17,250.94,6.45,0.22,0.16,26.53,55.04,4
Black,58.88,87.23,276.28,7.92,1.885,0.94,33.78,64.98,1
Sandy,115.18,7.58,85.51,7.08,0.5,0.2,37.91,82.47,4
Alluvial,111.17,81.47,77.64,7.41,0.94,0.77,23.93,45.75,0
Silty,95.14,7.76,96.44,6.01,1.02,0.87,22.07,55.06,5
Loamy,3.12,50.34,82.0,6.55,0.7,1.33,30.26,55.69,3
Sandy,41.14,80.98,40.22,5.89,0.21,0.28,37.7,85.49,4
Silty,137.31,82.01,171.91,6.51,0.68,0.96,33.63,90.03,5
Sandy,9.95,19.52,22.12,5.69,0.38,0.19,28.66,76.95,4
Loamy,91.77,60.38,38.37,7.1,0.52,1.49,34.85,57.86,3
Loamy,90.81,62.19,21.45,6.04,0.87,0.45,18.52,90.0,3
Loamy,115.81,33.35,128.61,6.83,1.09,0.36,37.7,81.79,3
Clayey,58.23,58.08,269.9,8.14,0.92,0.84,25.5,53.88,2
Loamy,60.59,35.21,110.78,6.05,0.91,1.12,36.01,77.65,3
Silty,85.06,36.74,222.46,6.22,1.05,0.47,21.49,69.01,5
Loamy,102.86,63.35,35.87,6.5,1.07,1.12,25.92,94.6,3
Black,104.63,21.71,41.09,7.67,1.03,0.59,18.69,54.71,1
Loamy,137.6,88.16,93.67,6.44,0.8,0.23,21.34,67.26,3
Loamy,135.26,48.31,269.65,7.41,1.09,0.47,18.57,45.04,3
Loamy,117.79,62.27,228.36,6.11,0.84,0.53,36.78,72.22,3
Loamy,54.25,38.1,173.11,7.0,0.97,1.21,28.16,42.46,3
Silty,118.21,89.84,178.86,6.64,0.85,0.18,36.81,94.92,5
Loamy,78.09,46.56,30.3,7.29,0.42,1.35,28.41,47.4,3
Silty,12.39,4.61,268.34,6.88,0.94,0.37,19.95,80.04,5
Loamy,112.65,83.27,164.0,6.03,0.72,1.49,37.77,78.94,3
Black,87.88,76.76,148.0,7.59,1.09,1.07,30.82,44.96,1
Clayey,132.27,58.29,165.2,6.58,0.97,2.12,25.99,80.81,2
Loamy,53.47,2.35,67.41,6.62,0.62,1.47,24.09,45.28,3
Loamy,131.59,31.63,141.18,6.25,0.54,0.58,35.89,70.41,3
Clayey,4.95,35.04,55.97,7.72,1.49,1.06,29.2,53.47,2
Alluvial,137.71,17.93,235.29,6.86,0.83,1.2,28.11,68.69,0
Loamy,104.95,36.58,75.4,6.87,1.14,0.85,37.08,81.55,3
Sandy,19.27,71.24,253.38,5.9,0.2,0.21,19.34,51.53,4
Loamy,132.47,13.81,87.74,7.04,1.08,1.27,25.25,48.72,3
Alluvial,54.38,85.09,112.21,6.88,0.5,0.25,27.54,84.73,0
Sandy,91.04,74.65,200.23,6.43,0.48,0.38,35.63,80.18,4
Loamy,133.9,46.01,97.47,6.48,0.99,0.22,27.53,55.87,3
Loamy,6.4,5.49,106.88,7.11,0.57,0.16,20.7,85.47,3
Sandy,49.59,41.16,29.52,7.04,0.12,0.09,23.22,76.19,4
Alluvial,63.08,24.1,204.81,6.28,1.15,1.04,29.79,65.05,0
Clayey,104.0,55.36,73.99,6.45,1.43,0.88,21.09,46.43,2
Loamy,88.77,61.6,146.92,6.71,0.57,1.06,34.4,91.18,3
Alluvial,135.97,79.87,277.17,7.25,0.81,1.01,27.51,57.41,0
Alluvial,7.9,88.92,271.93,7.47,0.5,0.8,23.85,89.01,0
Black,13.48,46.71,33.84,8.44,1.25,1.15,34.84,45.06,1
Clayey,72.7,60.74,109.29,7.34,0.84,0.84,24.96,53.7,2
Alluvial,9.42,54.56,35.13,7.41,0.79,0.25,24.67,78.7,0
Alluvial,58.7,34.52,198.59,6.54,0.46,0.88,35.61,45.19,0
Alluvial,13.12,2.14,129.56,6.81,0.78,0.37,34.24,55.43,0
Loamy,71.24,22.53,88.73,6.5,1.19,1.14,22.55,93.21,3
Silty,59.24,72.15,241.0,7.19,0.44,1.39,36.11,69.9,5
Alluvial,57.94,71.2,83.46,6.51,0.78,1.49,28.65,45.27,0
Silty,139.16,15.51,204.18,6.75,0.65,0.71,25.24,44.31,5
Black,9.65,77.74,141.21,7.94,1.79,1.0,31.29,83.13,1
Alluvial,13.7,78.52,18.82,6.33,1.2,0.95,36.33,90.61,0
Black,139.55,35.35,13.19,8.44,1.71,0.9,29.15,71.87,1
Silty,56.3,59.73,177.85,6.11,0.46,0.97,18.83,65.33,5
Silty,96.88,52.33,247.18,6.72,1.14,1.35,34.8,57.13,5
Sandy,23.01,45.13,178.78,5.65,0.17,0.36,24.55,67.29,4
Loamy,84.1,11.01,112.16,6.16,0.43,1.01,21.39,70.59,3
Loamy,84.41,27.55,89.92,6.98,0.41,1.01,34.01,43.64,3
Loamy,88.92,84.08,31.55,7.05,1.03,0.94,29.04,68.87,3
Sandy,5.58,50.8,89.52,5.94,0.14,0.33,20.32,51.62,4
Alluvial,129.3,13.43,15.0,6.77,0.53,0.48,19.02,65.13,0
Silty,7.55,43.74,170.45,6.45,0.67,1.44,30.87,47.32,5
Clayey,113.01,52.23,100.48,6.28,1.2,0.54,21.6,75.33,2
Loamy,124.87,50.39,27.63,6.6,0.58,1.04,29.94,75.1,3
Alluvial,77.38,67.58,197.18,6.98,1.03,0.62,31.62,75.52,0
Alluvial,9.98,18.49,161.06,6.22,1.03,0.81,30.21,94.94,0
Black,95.61,41.32,206.03,8.14,1.73,1.66,30.06,69.86,1
Loamy,55.79,12.3,73.76,7.43,1.09,1.19,36.58,73.31,3
Black,9.56,72.87,201.07,7.81,1.71,0.85,19.3,42.17,1
Alluvial,128.33,61.01,185.28,6.39,0.59,1.4,34.77,67.19,0
Black,125.01,59.35,33.13,8.25,1.72,1.11,26.07,43.16,1
Alluvial,122.36,9.75,144.85,6.48,0.83,0.25,30.11,91.73,0
Sandy,5.51,53.67,23.62,7.18,0.47,0.26,28.49,88.94,4
Silty,4.16,25.82,267.54,7.06,0.44,1.31,29.08,58.96,5
Silty,99.84,88.38,229.09,7.19,0.72,0.24,24.58,63.57,5
Silty,5.77,66.18,203.55,6.21,1.06,0.25,25.33,78.31,5
Alluvial,127.84,45.72,254.44,6.59,0.97,1.5,19.83,49.64,0
Black,103.47,32.34,65.99,7.27,0.81,0.44,36.82,46.67,1
Alluvial,68.08,63.82,207.15,6.83,0.79,0.27,33.22,89.22,0
Alluvial,125.23,56.71,156.81,7.18,0.48,1.17,23.25,76.03,0
Alluvial,113.39,32.37,238.34,7.09,0.69,1.29,29.59,64.58,0
Alluvial,4.6,34.89,39.06,6.74,0.77,0.88,26.07,78.2,0
Sandy,28.26,22.5,161.48,5.64,0.31,0.25,29.01,79.03,4
Loamy,72.11,57.31,144.1,6.02,0.52,0.98,27.87,76.33,3
Loamy,117.28,51.77,81.19,6.12,0.94,0.97,29.19,72.75,3
Clayey,114.07,67.81,74.29,6.14,1.36,0.85,31.36,55.34,2
Silty,13.58,30.28,79.57,7.2,1.11,0.18,35.49,70.74,5
Sandy,41.26,78.82,151.11,6.44,0.24,0.1,30.91,42.99,4
Silty,100.72,7.92,193.73,6.55,1.11,0.22,23.95,81.68,5
Loamy,101.3,69.23,79.78,6.3,0.95,1.26,27.45,65.54,3
Silty,114.49,68.29,257.38,7.49,0.73,1.21,24.76,40.62,5
Alluvial,88.85,9.3,265.65,6.67,0.85,0.41,22.06,94.53,0
Alluvial,82.98,30.06,140.38,6.7,0.72,0.99,34.12,86.42,0
Clayey,136.25,75.74,148.21,8.17,0.93,1.18,23.28,90.38,2
Loamy,110.22,56.49,139.73,6.46,0.79,1.08,35.94,78.06,3
Silty,61.78,75.59,122.58,6.98,0.7,0.59,30.61,67.45,5
Clayey,77.85,32.59,264.36,6.36,1.36,2.27,22.1,49.16,2
Loamy,129.76,79.67,273.98,6.1,0.87,0.39,27.48,56.17,3
Loamy,125.85,74.18,197.75,6.14,0.98,0.29,21.92,66.42,3
Loamy,9.17,42.62,246.57,6.38,0.56,1.27,33.16,43.17,3
Black,13.41,50.73,84.03,7.35,1.885,0.43,32.72,59.66,1
Alluvial,96.1,10.59,13.49,7.44,0.62,0.56,18.16,53.08,0
Silty,60.99,9.5,29.87,6.24,0.72,1.12,26.64,92.12,5
Black,57.78,74.02,62.17,8.41,1.29,1.48,19.61,92.57,1
Loamy,8.65,53.51,30.35,6.41,0.77,0.73,29.71,77.96,3
Alluvial,12.28,69.27,263.27,6.12,1.18,0.98,18.91,82.63,0
Loamy,134.85,39.86,186.09,6.29,1.1,0.83,21.98,46.08,3
Loamy,133.84,65.16,116.09,6.17,0.69,1.39,18.14,84.13,3
Clayey,12.74,75.06,253.09,7.25,1.45,1.87,36.02,42.9,2
Clayey,98.82,58.37,239.13,6.81,0.73,1.92,19.64,66.55,2
Alluvial,80.43,56.84,33.97,6.56,0.47,0.98,26.11,55.31,0
Loamy,75.62,62.52,181.69,7.4,0.96,0.3,30.73,88.34,3
Alluvial,93.98,59.44,251.0,6.72,1.07,0.54,21.47,67.75,0
Black,117.5,33.36,84.89,7.67,1.885,1.3,33.91,81.32,1
Loamy,118.38,47.38,21.27,6.09,0.92,0.31,26.51,43.69,3
Sandy,37.83,65.93,178.11,6.16,0.38,0.39,25.74,74.32,4
Sandy,63.8,46.76,57.74,6.69,0.45,0.31,34.35,56.01,4
Alluvial,61.76,24.56,263.49,6.27,0.88,0.55,21.29,79.81,0
Sandy,109.14,6.93,46.35,6.91,0.43,0.13,33.5,52.04,4
Loamy,100.97,85.74,254.1,6.9,1.02,0.81,22.71,54.45,3
Black,79.57,2.7,260.07,8.28,1.2,1.07,19.58,70.33,1
Loamy,84.17,20.38,91.87,6.82,0.89,1.07,26.39,90.83,3
Alluvial,13.85,53.88,254.69,6.48,0.55,0.12,31.76,47.47,0
Silty,70.98,29.28,129.33,6.71,0.73,1.16,20.23,49.78,5
Clayey,59.62,26.93,189.1,6.54,1.12,1.92,27.38,87.59,2
Alluvial,2.99,39.58,51.85,7.2,0.65,0.33,32.73,60.1,0
Alluvial,69.16,68.62,14.38,7.18,1.16,0.69,32.33,86.74,0
Clayey,114.48,9.98,32.25,6.76,0.78,0.99,33.2,54.45,2
Loamy,137.75,4.46,226.32,6.75,0.96,0.98,31.5,93.59,3
Loamy,14.42,8.17,258.64,7.5,1.19,0.73,24.59,63.76,3
Sandy,89.47,29.09,12.39,6.67,0.47,0.31,30.17,79.95,4
Sandy,11.06,9.07,90.78,6.27,0.23,0.32,20.31,52.39,4
Alluvial,59.93,78.79,88.67,6.3,1.04,0.96,18.4,75.36,0
Alluvial,52.58,85.9,245.23,6.97,0.78,1.2,37.07,80.23,0
Sandy,8.2,37.3,204.13,6.03,0.32,0.29,37.77,77.9,4
Alluvial,97.14,21.07,101.4,7.15,0.63,0.41,28.45,94.79,0
Sandy,20.03,75.69,267.32,7.05,0.29,0.29,25.47,46.25,4
Silty,84.17,45.31,65.19,6.2,0.88,0.53,31.4,56.89,5
Loamy,56.49,54.28,211.65,7.49,0.94,1.47,21.74,85.2,3
Sandy,62.81,42.59,188.05,5.78,0.47,0.18,33.56,90.85,4
Alluvial,118.66,53.37,177.54,7.09,0.42,0.22,30.29,45.77,0
Alluvial,10.71,44.49,74.27,6.59,0.65,0.62,37.66,67.14,0
Black,120.42,21.15,93.17,7.73,1.36,0.84,20.47,63.47,1
Alluvial,62.16,44.88,254.38,6.38,0.62,0.64,32.88,94.17,0
Loamy,56.26,26.05,36.48,6.68,0.79,1.36,22.75,61.58,3
Silty,133.7,10.45,49.8,7.23,0.89,0.66,31.5,52.98,5
Loamy,138.11,5.55,215.53,6.01,0.51,1.34,18.8,63.73,3
Sandy,86.17,81.0,243.82,5.64,0.41,0.09,29.2,88.88,4
Clayey,101.32,79.96,213.66,8.11,1.08,0.55,24.82,89.56,2
Loamy,72.15,40.74,254.23,7.02,0.74,0.5,29.81,45.22,3
Loamy,133.96,88.18,126.84,6.68,0.78,1.47,37.29,47.59,3
Loamy,14.38,3.93,184.8,6.15,0.67,1.41,22.95,85.47,3
Clayey,101.41,65.27,39.52,7.6,0.99,2.01,26.83,83.22,2
Sandy,9.0,9.44,191.8,6.46,0.41,0.27,27.43,51.98,4
Alluvial,72.07,89.58,67.52,6.43,0.54,1.21,19.7,56.81,0
Alluvial,91.54,50.28,106.2,6.21,1.19,1.17,21.29,79.15,0
Alluvial,104.92,79.15,65.81,6.76,0.99,1.34,21.24,59.76,0
Alluvial,74.39,72.45,224.28,6.77,1.1,0.44,37.15,64.58,0
Black,62.99,66.03,118.2,8.28,1.18,1.03,21.91,58.61,1
Alluvial,101.87,46.21,31.25,6.14,0.46,0.28,25.02,47.01,0
Loamy,104.32,77.82,128.62,6.78,0.8,0.64,19.03,74.69,3
Alluvial,119.07,18.91,237.58,7.24,1.16,1.45,23.06,71.01,0
Silty,115.19,29.04,163.97,6.97,0.62,0.36,31.27,91.81,5
Sandy,107.52,48.27,70.51,7.17,0.42,0.38,20.05,68.52,4
Clayey,82.16,33.56,161.91,6.58,1.13,1.33,29.16,87.6,2
Silty,6.66,4.43,253.14,6.19,1.03,0.74,35.79,61.29,5
Sandy,37.41,37.81,248.0,5.57,0.15,0.17,25.85,70.68,4
Clayey,54.06,67.46,86.95,7.18,0.7,0.99,27.79,53.29,2
Loamy,5.26,73.16,70.37,7.04,0.56,0.75,23.45,44.34,3
Silty,65.47,15.42,154.99,6.35,0.62,1.06,34.84,43.25,5
Silty,135.72,74.37,74.15,7.01,0.45,0.61,23.58,82.0,5
Sandy,109.39,5.73,12.56,6.57,0.45,0.21,18.41,90.21,4
Loamy,107.92,6.05,140.33,6.65,0.93,1.04,25.87,58.1,3
Sandy,19.5,87.97,29.14,6.47,0.32,0.36,27.43,53.37,4
Silty,119.73,73.71,29.37,7.14,0.82,0.73,30.83,77.16,5
Loamy,69.35,55.09,67.87,6.15,0.57,0.32,23.59,86.73,3
Black,57.73,28.35,114.63,7.46,1.885,1.32,24.67,67.42,1
Clayey,6.63,9.66,39.22,6.97,1.49,1.81,27.96,41.06,2
Loamy,63.68,19.6,162.15,6.86,0.83,0.67,19.43,56.09,3
Alluvial,95.95,14.73,259.65,7.2,0.81,0.49,33.35,72.16,0
Black,76.38,69.18,65.02,7.56,1.14,0.67,33.55,68.79,1
Alluvial,68.15,89.61,148.94,7.22,1.0,1.1,32.36,77.28,0
Alluvial,63.89,2.25,173.38,6.51,1.14,1.16,37.24,89.96,0
Alluvial,70.33,46.44,32.77,6.87,0.95,0.86,31.37,58.28,0
Alluvial,89.65,28.48,223.26,6.92,0.6,1.48,25.75,56.56,0
Loamy,55.42,46.21,43.07,6.88,0.45,0.6,33.36,87.95,3
Loamy,66.91,50.63,37.48,6.31,0.78,0.23,23.67,73.4,3
Alluvial,117.58,35.73,211.32,6.31,1.04,1.44,25.48,55.92,0
Loamy,115.92,77.95,50.65,7.45,0.51,1.39,25.68,58.19,3
Clayey,118.68,43.18,248.13,7.85,0.85,2.31,22.94,41.33,2
Black,87.5,30.67,249.17,7.66,0.83,1.62,30.85,64.74,1
Silty,65.67,30.13,252.62,6.06,0.65,0.21,30.22,92.71,5
Loamy,13.81,45.21,157.89,7.46,1.18,0.74,23.5,66.78,3
Black,120.2,40.92,15.14,8.28,1.42,0.54,21.71,84.77,1
Clayey,109.55,18.12,253.84,7.8,0.75,1.77,36.45,55.46,2
Black,136.43,30.99,164.17,7.9,1.2,0.98,23.82,90.57,1
Silty,10.18,11.91,125.53,7.49,1.0,0.11,31.76,53.28,5
Alluvial,139.62,32.09,99.22,6.93,0.85,0.43,31.98,42.38,0
Clayey,113.45,23.46,91.63,7.98,1.0,0.77,23.38,92.98,2
Alluvial,99.86,58.7,236.04,7.27,1.07,1.49,18.4,92.34,0
Silty,104.35,8.48,44.11,6.66,0.68,0.47,37.51,63.38,5
Black,127.81,36.53,88.13,7.34,1.885,0.85,27.72,48.04,1
Clayey,124.1,84.54,201.65,6.22,1.3,2.34,37.93,58.43,2
Black,7.11,61.65,63.25,7.39,1.885,0.92,19.83,65.17,1
Sandy,101.22,69.92,41.29,7.0,0.41,0.1,19.88,74.15,4
Black,122.72,76.96,37.59,8.02,1.39,0.64,32.3,45.02,1
Silty,95.38,24.22,255.98,6.72,1.18,0.49,24.99,44.81,5
Silty,131.53,64.28,265.8,7.49,1.18,0.17,21.05,91.84,5
Loamy,95.63,53.85,255.84,7.43,1.02,1.14,36.39,75.72,3
Silty,125.75,29.78,221.85,6.85,0.59,0.17,26.28,58.46,5
Loamy,92.46,54.14,69.12,6.53,0.63,0.33,33.59,57.13,3
Loamy,128.34,55.52,84.21,7.04,0.71,0.97,37.79,77.61,3
Alluvial,115.16,60.42,101.37,7.07,0.44,1.06,21.34,91.03,0
Black,114.46,89.23,49.68,8.32,1.34,1.13,20.6,44.64,1
Sandy,11.62,4.22,25.92,6.91,0.28,0.18,29.28,67.7,4
Loamy,9.72,86.05,81.42,7.05,1.03,1.07,24.98,68.49,3
Loamy,84.14,29.71,278.82,7.23,0.76,0.24,31.37,44.06,3
Alluvial,81.46,42.84,161.5,7.36,0.88,0.67,33.93,54.76,0
Loamy,3.66,80.04,65.55,6.35,0.86,0.77,26.71,88.87,3
Black,133.98,2.44,118.7,8.46,1.25,1.52,26.67,58.16,1
Black,126.22,41.84,38.96,8.4,1.36,0.48,24.27,80.17,1
Clayey,120.05,26.02,28.77,6.29,0.85,1.71,27.05,45.2,2
Sandy,41.29,43.03,259.95,6.97,0.24,0.28,34.7,88.53,4
Loamy,137.33,14.41,266.47,6.41,0.91,0.76,21.19,60.73,3
Loamy,74.31,21.63,151.35,7.42,0.49,0.77,36.61,66.77,3
Black,89.18,19.92,175.61,8.19,1.85,0.41,28.65,86.33,1
Alluvial,87.12,7.53,22.28,7.46,0.87,0.86,29.95,86.63,0
Alluvial,11.03,41.07,62.92,6.45,0.61,1.22,31.81,79.05,0
Sandy,51.86,44.86,144.09,6.76,0.17,0.34,24.88,67.45,4
Loamy,60.43,72.93,169.65,7.36,1.03,0.87,22.62,47.28,3
Black,122.28,20.63,193.05,7.99,1.885,0.83,18.65,45.6,1
Clayey,125.41,5.05,134.15,6.17,0.67,2.01,35.33,50.24,2
Clayey,137.4,83.99,155.43,8.08,1.19,0.53,22.41,61.52,2
Alluvial,9.48,12.85,35.8,6.37,0.72,1.44,25.42,45.49,0
Alluvial,3.07,9.13,249.75,6.34,1.09,0.46,34.06,57.04,0
Clayey,118.58,5.69,139.75,6.35,0.79,0.97,19.74,70.38,2
Loamy,128.23,6.73,76.41,6.87,0.7,1.15,34.45,83.07,3
Alluvial,76.91,36.82,39.65,6.52,0.83,1.06,23.69,49.51,0
Silty,138.41,48.09,76.5,6.14,0.59,1.29,25.09,40.85,5
Loamy,61.1,78.64,150.03,7.03,0.63,0.33,36.2,75.32,3
Black,11.06,28.41,105.76,7.89,1.62,0.81,19.46,88.67,1
Alluvial,90.0,89.57,267.03,6.14,0.73,1.27,19.64,71.51,0
Loamy,84.71,78.02,275.63,6.01,0.44,0.41,31.36,80.97,3
Alluvial,93.03,15.97,32.46,6.15,0.99,0.41,30.81,54.12,0
Loamy,6.25,35.87,29.53,6.99,1.04,0.31,18.55,46.05,3
Loamy,131.57,9.99,226.61,7.41,0.6,1.18,23.86,44.6,3
Sandy,2.84,40.78,161.2,6.66,0.24,0.05,19.32,61.19,4
Loamy,112.0,32.4,190.8,6.5,0.89,0.8,37.14,80.09,3
Black,122.33,17.31,248.74,7.62,1.79,1.42,31.61,90.99,1
Clayey,133.75,58.1,36.47,6.19,1.35,2.32,28.84,83.82,2
Sandy,29.98,54.45,34.03,7.11,0.31,0.25,28.92,44.44,4
Black,6.61,54.35,145.52,7.8,1.63,0.46,36.31,79.61,1
Loamy,137.28,29.15,141.94,6.19,0.87,1.18,18.45,70.27,3
Silty,6.12,47.21,26.32,6.59,0.77,0.26,21.86,73.43,5
Loamy,53.66,17.26,200.01,6.15,0.9,0.44,35.1,48.62,3
Clayey,106.11,74.5,261.84,7.92,0.87,1.82,37.34,62.58,2
Loamy,131.86,18.67,240.18,7.5,0.44,1.42,30.8,40.52,3
Clayey,88.1,44.25,70.09,8.18,1.11,2.36,27.97,91.7,2
Loamy,113.82,49.41,188.58,6.22,0.93,0.85,18.9,47.81,3
Alluvial,123.85,14.54,246.45,6.46,0.75,0.83,32.47,64.54,0
Alluvial,110.09,59.41,261.62,7.36,0.82,0.19,37.87,48.99,0
Loamy,97.85,8.12,25.52,7.0,0.96,0.64,22.24,67.52,3
Loamy,135.68,37.56,151.97,7.31,0.79,0.96,23.46,62.64,3
Clayey,82.54,80.45,257.17,6.6,1.37,0.86,31.22,64.17,2
Alluvial,98.1,5.86,48.19,6.35,0.87,0.65,27.52,71.41,0
Alluvial,65.6,36.31,237.82,6.24,0.94,0.19,35.12,60.62,0
Alluvial,63.53,34.49,95.28,7.26,0.61,0.64,23.92,59.83,0
Loamy,61.23,67.69,227.99,6.43,0.55,0.4,25.89,77.89,3
Sandy,10.0,15.86,261.03,5.67,0.4,0.35,33.31,85.95,4
Sandy,13.69,38.42,92.58,7.0,0.1,0.09,18.74,69.23,4
Alluvial,129.17,59.93,64.01,6.33,0.62,1.0,29.41,68.07,0
Sandy,15.78,82.92,91.25,6.78,0.12,0.25,34.67,76.41,4
Sandy,26.17,84.59,26.16,6.61,0.24,0.36,27.06,65.0,4
Silty,3.79,54.51,154.44,7.01,1.03,0.18,36.91,47.29,5
Clayey,129.61,57.14,138.86,7.62,0.83,2.19,23.41,72.07,2
Sandy,59.85,47.89,38.35,6.81,0.33,0.1,29.05,49.06,4
Alluvial,13.5,2.24,30.51,6.72,0.41,0.87,25.77,74.16,0
Loamy,89.31,65.2,36.54,6.31,0.88,0.95,19.51,50.86,3
Black,79.52,37.54,23.65,7.7,1.885,0.49,23.24,41.5,1
Black,93.97,75.61,64.68,8.08,1.58,0.58,24.01,92.26,1
Loamy,3.83,56.37,258.73,7.21,0.47,1.22,21.53,73.91,3
Silty,53.33,31.15,91.12,6.24,0.44,0.63,26.4,47.7,5
Silty,68.51,78.82,144.44,7.13,0.71,1.09,18.33,75.39,5
Loamy,66.3,36.48,124.93,7.14,1.18,1.25,27.85,41.66,3
Alluvial,126.11,27.38,165.91,7.29,0.9,0.83,33.68,87.68,0
Silty,50.36,85.03,67.41,6.6,0.63,1.09,20.97,85.01,5
Alluvial,59.91,20.11,74.77,6.58,0.82,0.78,33.85,55.14,0
Black,76.19,14.12,172.44,7.25,1.48,1.72,20.32,66.36,1
Silty,69.83,17.66,12.51,7.28,0.62,1.21,30.99,48.68,5
Alluvial,60.45,89.06,152.51,6.84,1.05,1.15,27.04,94.76,0
Black,110.59,62.24,267.49,8.07,0.81,0.78,29.37,54.84,1
Loamy,112.34,49.44,107.14,6.62,0.59,0.98,20.92,58.76,3
Loamy,109.54,86.46,29.26,6.43,0.58,0.84,29.41,90.78,3
Silty,12.5,19.72,265.28,7.44,1.0,0.15,34.61,82.07,5
Alluvial,60.03,3.21,101.25,6.08,1.0,0.71,20.76,58.69,0
Sandy,3.95,47.75,164.56,6.38,0.41,0.25,30.49,65.07,4
Loamy,73.64,16.59,156.12,6.49,0.65,0.35,27.02,79.3,3
Alluvial,8.25,24.25,204.12,6.84,1.19,1.24,27.21,47.96,0
Sandy,53.64,13.24,244.42,5.65,0.3,0.29,18.55,48.44,4
Loamy,3.2,66.13,17.81,6.24,0.99,0.38,19.73,56.96,3
Loamy,65.02,13.66,91.21,7.28,0.53,0.37,29.53,40.4,3
Loamy,125.36,50.96,108.23,6.03,0.72,0.86,26.0,43.07,3
Loamy,108.58,62.3,93.72,6.83,0.67,0.98,22.93,60.37,3
Black,10.69,37.07,242.81,7.48,1.35,0.58,27.89,90.34,1
Silty,53.58,45.65,49.39,7.01,0.91,1.0,24.32,85.19,5
Silty,111.41,38.81,185.62,7.3,1.06,1.44,20.02,69.37,5
Black,103.78,6.55,111.7,7.69,1.22,1.22,28.39,83.72,1
Loamy,137.13,61.48,231.76,7.31,0.47,1.39,30.24,67.06,3
Silty,112.24,2.43,168.48,6.99,1.13,0.41,27.72,63.1,5
Black,83.17,29.16,222.0,8.34,1.885,1.49,34.15,70.24,1
Alluvial,109.45,68.46,151.52,6.07,0.45,0.91,33.63,93.21,0
Silty,112.92,66.71,279.06,6.21,0.46,1.22,31.91,47.08,5
Sandy,46.12,16.27,183.83,6.36,0.35,0.21,19.76,87.03,4
Alluvial,5.41,9.52,179.03,6.01,0.58,0.77,25.08,45.66,0
Silty,122.34,27.13,176.61,7.49,1.07,1.27,28.53,67.95,5
Loamy,98.61,77.19,30.05,7.3,0.7,1.14,27.11,47.34,3
Loamy,88.55,34.53,92.51,6.9,0.8,0.5,21.65,83.06,3
Black,7.19,75.86,112.66,7.44,1.87,1.24,29.13,56.14,1
Alluvial,2.15,26.93,35.36,6.52,1.15,1.16,20.22,66.66,0
Alluvial,93.32,35.23,255.28,7.33,0.94,0.42,35.17,79.03,0
Clayey,137.15,46.67,45.0,7.96,1.19,1.94,34.69,46.49,2
Clayey,135.75,27.68,212.14,8.07,0.93,2.44,36.91,71.4,2
Black,110.19,18.94,63.98,7.83,1.03,1.27,25.26,54.23,1
Loamy,121.81,51.61,239.07,6.33,0.68,0.57,30.03,72.48,3
Clayey,124.76,3.55,247.52,6.49,0.88,1.88,24.58,86.99,2
Silty,129.42,23.85,198.69,6.36,0.59,1.46,26.23,93.46,5
Sandy,50.87,17.36,206.2,5.93,0.26,0.21,28.68,53.31,4
Loamy,105.54,6.78,171.12,7.4,1.02,0.56,27.14,89.82,3
Black,131.02,88.4,14.82,7.84,1.33,0.89,22.59,67.33,1
Sandy,24.73,66.52,122.16,6.77,0.21,0.13,34.04,49.2,4
Loamy,11.14,74.23,115.69,6.38,1.15,0.26,37.09,71.24,3
Loamy,112.42,63.46,244.12,6.41,0.93,0.74,35.58,70.9,3
Loamy,76.88,39.79,196.91,7.43,0.93,0.93,30.01,40.1,3
Sandy,33.51,63.85,95.52,6.08,0.23,0.09,35.95,66.66,4
Alluvial,96.7,29.43,221.81,6.97,0.48,0.58,20.63,52.55,0
Loamy,101.42,3.89,261.08,7.09,0.55,0.89,18.11,88.68,3
Alluvial,75.06,88.49,276.11,6.22,0.47,0.66,27.44,50.07,0
Black,88.32,33.08,31.11,8.09,0.82,1.8,21.08,40.32,1
Alluvial,59.55,49.04,71.31,7.42,1.18,1.36,30.01,52.8,0
Loamy,104.1,60.37,263.69,7.44,0.62,0.97,28.31,94.8,3
Silty,8.91,33.49,17.92,7.37,0.98,0.4,30.23,64.66,5
Black,112.3,46.52,34.63,8.28,1.68,0.6,32.66,81.76,1
Loamy,4.5,32.06,67.93,7.34,1.1,1.18,36.6,49.73,3
Alluvial,117.8,58.42,212.57,7.11,0.43,0.24,35.16,70.0,0
Loamy,97.18,85.66,206.06,7.17,0.9,1.24,22.02,74.02,3
Black,104.62,87.31,255.28,7.61,1.41,1.01,18.61,66.45,1
Clayey,120.72,89.38,62.57,7.38,0.9,2.2,32.99,81.67,2
Clayey,84.58,78.15,153.03,7.73,0.63,1.46,18.53,93.55,2
Sandy,102.14,49.97,249.15,6.83,0.44,0.09,20.36,94.49,4
Silty,4.83,69.25,182.13,6.58,0.84,1.4,21.12,49.45,5
Sandy,17.7,9.51,103.98,6.44,0.2,0.26,30.48,83.37,4
Loamy,66.39,44.89,80.96,7.42,0.57,0.88,21.51,87.67,3
Alluvial,81.61,15.33,246.48,6.86,0.81,1.18,22.14,93.42,0
Black,92.32,54.57,77.29,8.02,1.64,1.14,19.11,59.58,1
Sandy,56.54,31.7,146.4,6.23,0.18,0.36,33.56,70.58,4
Alluvial,138.18,81.92,30.48,7.42,0.68,1.37,32.12,92.83,0
Sandy,48.49,51.9,84.34,6.7,0.17,0.23,36.53,82.55,4
Alluvial,131.84,81.9,143.34,6.28,0.72,0.11,24.08,56.65,0
Black,99.2,20.63,141.56,8.26,1.23,1.32,20.55,44.86,1
Loamy,123.91,54.2,186.84,6.03,0.97,0.87,19.31,84.82,3
Black,6.85,80.94,166.35,7.28,1.03,0.72,33.29,55.13,1
Loamy,111.87,35.43,16.58,6.4,1.14,0.93,24.82,88.42,3
Alluvial,91.01,82.27,30.68,6.92,1.05,0.67,32.59,75.87,0
Black,120.7,6.57,109.52,7.99,1.33,0.63,20.79,83.68,1
Alluvial,99.37,73.28,144.65,7.03,0.75,0.45,18.1,51.84,0
Loamy,124.05,39.84,46.78,6.34,0.63,0.49,19.94,48.17,3
Alluvial,95.82,14.26,14.61,6.63,0.62,0.88,19.16,49.84,0
Black,77.4,59.05,169.49,7.83,1.49,1.41,26.55,81.16,1
Alluvial,127.44,46.9,176.16,6.5,0.72,0.26,21.63,59.59,0
Sandy,3.77,49.28,48.04,6.59,0.33,0.28,34.81,68.22,4
Loamy,99.21,8.31,31.79,7.39,1.16,0.17,35.58,73.94,3
Black,70.09,7.54,144.63,7.61,0.87,0.51,19.7,94.75,1
Sandy,47.55,28.7,91.17,5.76,0.38,0.15,30.88,83.4,4
Alluvial,120.86,66.03,137.27,6.27,0.73,0.68,20.84,79.31,0
Black,75.3,55.25,70.11,8.11,1.67,0.5,25.42,45.72,1
Loamy,5.17,80.25,44.89,6.71,0.91,0.32,25.25,73.88,3
Sandy,36.39,57.93,158.6,7.03,0.2,0.3,34.35,53.29,4
Silty,2.36,73.96,213.86,7.43,0.59,0.99,35.31,93.28,5
Sandy,52.94,26.77,32.16,5.93,0.31,0.2,25.19,41.46,4
Loamy,100.04,39.27,121.37,6.19,0.56,0.57,18.77,47.49,3
Alluvial,103.97,2.04,61.41,7.2,0.58,0.87,22.97,92.04,0
Sandy,53.05,44.15,124.4,6.91,0.44,0.21,37.63,56.53,4
Loamy,133.36,28.69,154.8,7.28,1.16,1.01,29.76,84.13,3
Sandy,14.51,3.36,257.32,7.14,0.36,0.06,31.28,66.36,4
Alluvial,68.45,37.84,131.6,6.73,0.9,0.89,36.89,63.41,0
Silty,130.03,36.89,63.84,7.1,0.97,0.51,30.77,59.85,5
Sandy,134.21,26.72,67.11,5.71,0.45,0.1,28.7,42.57,4
Sandy,18.07,15.47,37.88,6.18,0.36,0.38,33.27,90.54,4
Silty,84.27,76.94,20.52,7.26,0.42,0.28,33.39,44.61,5
Clayey,131.83,25.15,152.08,7.7,1.4,1.46,30.84,58.25,2
Sandy,26.72,63.29,21.15,6.83,0.25,0.08,33.92,88.86,4
Loamy,101.14,57.88,91.33,7.17,0.85,1.0,19.18,79.68,3
Loamy,99.24,12.97,185.6,6.74,0.57,1.16,22.05,61.09,3
Alluvial,85.16,84.11,203.37,7.4,0.54,0.82,33.65,91.58,0
Black,53.49,71.96,63.11,7.98,1.75,1.4,37.24,44.48,1
Alluvial,14.78,30.66,189.43,7.41,1.17,0.11,31.46,80.17,0
Clayey,72.64,2.7,20.99,7.93,0.82,0.67,20.92,45.95,2
Loamy,106.88,76.91,232.48,6.57,1.01,1.04,19.62,65.44,3
Loamy,60.17,11.45,65.98,7.34,0.78,0.46,21.27,69.59,3
Black,52.36,18.46,215.52,7.3,1.16,0.71,24.88,41.51,1
Black,117.82,57.97,51.45,7.4,1.27,0.93,25.56,89.7,1
Loamy,119.1,4.46,149.44,6.58,1.08,1.07,18.09,88.45,3
Loamy,12.12,41.91,51.52,7.01,0.44,0.99,29.06,46.65,3
Alluvial,137.97,69.16,37.31,6.29,0.44,0.45,19.27,46.37,0
Black,12.52,28.09,199.64,7.81,0.92,1.48,20.36,44.94,1
Loamy,14.02,60.56,26.48,7.37,0.63,1.39,23.17,60.09,3
Silty,100.29,33.51,71.22,6.25,0.68,1.0,30.39,75.13,5
Sandy,45.69,16.93,209.58,6.55,0.3,0.38,23.29,46.35,4
Silty,12.25,78.11,263.5,6.24,1.13,1.46,18.29,61.31,5
Alluvial,54.19,35.92,227.48,7.47,0.61,0.61,25.65,92.25,0
Black,131.5,24.69,14.68,7.8,1.14,1.07,20.16,80.63,1
Alluvial,133.71,2.44,246.83,6.24,0.63,1.36,36.98,94.25,0
Loamy,55.94,21.46,213.03,6.25,0.89,0.27,22.38,70.89,3
Black,67.07,42.9,120.31,7.3,1.04,1.62,32.12,45.05,1
Sandy,39.21,60.49,15.68,6.37,0.26,0.11,19.24,61.36,4
Loamy,4.03,54.41,189.77,6.04,0.46,1.39,18.59,69.18,3
Alluvial,100.17,42.61,261.92,7.0,0.63,0.21,28.37,88.81,0
Clayey,86.55,48.68,209.78,6.71,1.48,0.99,20.73,56.64,2
Black,105.75,73.7,187.05,7.74,1.81,0.68,19.91,69.86,1
Loamy,81.86,38.01,83.3,7.46,1.02,0.3,23.76,71.77,3
Loamy,101.35,73.68,277.33,6.57,0.62,0.79,24.12,70.46,3
Loamy,136.85,55.27,10.85,7.27,0.6,1.16,26.92,73.5,3
Alluvial,59.73,84.65,13.23,6.54,0.98,1.25,26.84,51.94,0
Sandy,27.65,2.4,230.84,5.89,0.32,0.11,28.01,55.32,4
Black,128.57,79.19,250.03,7.65,1.81,0.92,29.44,92.38,1
Clayey,82.24,48.51,180.09,6.28,0.84,1.07,24.1,83.57,2
Alluvial,90.63,89.32,32.3,7.23,1.12,0.82,21.12,40.35,0
Alluvial,91.95,84.95,171.16,6.11,0.89,0.27,33.18,65.82,0
Sandy,43.44,60.91,108.51,6.12,0.32,0.19,25.19,81.36,4
Silty,112.19,14.2,170.35,6.81,0.7,0.82,23.1,53.15,5
Loamy,6.24,89.88,276.78,6.98,0.44,0.2,25.03,53.3,3
Silty,100.97,24.93,66.67,6.71,0.53,1.24,30.63,54.05,5
Black,64.94,23.87,149.35,8.35,1.32,1.68,28.52,58.76,1
Alluvial,11.28,49.23,269.1,6.29,1.14,1.17,34.38,70.95,0
Loamy,107.25,7.8,171.75,6.39,1.15,0.98,28.05,80.34,3
Black,7.19,74.06,34.21,7.63,1.56,0.7,26.29,44.24,1
Loamy,84.65,83.57,22.98,6.84,0.76,0.26,30.29,84.62,3
Alluvial,134.33,29.34,105.13,7.31,0.49,0.66,18.19,46.36,0
Loamy,84.26,2.05,215.58,7.35,0.95,0.81,18.95,43.0,3
Alluvial,111.96,20.22,122.98,7.33,1.13,0.41,26.73,44.56,0
Black,101.51,59.26,137.62,8.33,1.82,1.49,32.34,51.27,1
Alluvial,118.37,37.27,170.92,7.03,1.15,1.02,23.4,85.9,0
Loamy,13.95,45.4,119.89,7.43,0.43,1.37,23.36,71.6,3
Loamy,71.04,36.44,247.21,7.09,0.85,1.17,32.46,79.2,3
Sandy,32.8,68.0,23.57,5.53,0.15,0.2,19.57,55.47,4
Black,117.32,8.92,142.7,7.49,1.885,1.48,36.71,78.62,1
Black,66.76,2.25,240.6,8.07,0.86,0.47,24.98,60.9,1
Alluvial,96.36,24.41,16.76,7.28,1.05,0.98,36.41,41.08,0
Silty,52.52,2.68,258.57,6.18,1.09,1.42,21.15,71.5,5
Silty,135.01,44.73,79.78,6.7,0.7,1.02,28.72,64.8,5
Loamy,101.97,48.39,204.97,7.48,0.71,1.18,21.88,66.85,3
Black,101.95,2.09,219.64,7.82,1.63,0.61,20.42,48.24,1
Loamy,50.87,23.56,44.74,6.5,0.77,0.63,34.97,87.3,3
Alluvial,50.96,32.45,138.94,6.69,1.01,0.1,35.86,75.99,0
Loamy,126.7,2.35,86.09,6.04,0.61,0.77,24.67,74.38,3
Alluvial,102.62,42.69,20.01,6.9,1.09,0.98,20.97,58.29,0
Clayey,76.23,77.12,226.32,7.26,1.24,1.77,21.67,76.03,2
Sandy,25.57,11.87,164.92,6.99,0.2,0.14,37.42,44.35,4
Clayey,121.36,88.05,122.75,8.01,0.94,0.9,18.91,46.35,2
Alluvial,95.88,35.45,34.82,7.23,0.93,0.94,33.9,69.16,0
Sandy,36.45,73.34,16.94,6.64,0.34,0.32,37.34,83.42,4
Black,14.86,69.42,19.42,7.88,1.07,0.52,31.44,88.54,1
Silty,116.2,81.07,222.44,7.18,0.63,1.42,23.73,72.11,5
Alluvial,65.93,80.21,47.17,6.48,0.82,1.45,34.34,72.41,0
Clayey,76.42,63.98,20.73,8.07,1.28,1.45,24.29,86.46,2
Loamy,127.6,14.11,26.65,6.27,0.94,1.35,33.82,64.46,3
Alluvial,111.17,11.53,35.3,6.31,0.83,0.85,27.57,69.8,0
Alluvial,72.28,70.96,31.78,7.18,1.17,0.79,30.79,89.12,0
Black,8.39,79.75,85.72,8.22,1.885,1.37,33.2,46.44,1
Clayey,107.03,10.76,147.43,6.38,1.5,2.02,28.67,93.48,2
Sandy,25.75,47.09,115.48,5.73,0.11,0.16,37.25,77.43,4
Alluvial,12.03,73.24,26.77,6.25,0.72,1.45,30.63,86.93,0
Loamy,54.7,80.89,133.85,6.95,0.76,0.54,34.02,80.12,3
Alluvial,99.46,65.58,140.77,7.34,0.6,1.49,26.08,64.38,0
Silty,92.94,39.72,229.11,7.08,1.18,0.78,34.97,43.95,5
Black,81.0,24.63,24.97,7.58,1.76,1.27,32.35,60.67,1
Loamy,85.03,70.88,145.02,6.54,0.56,0.29,19.62,74.87,3
Loamy,118.51,15.94,25.9,7.39,0.67,0.75,24.21,67.97,3
Black,63.68,7.24,192.57,7.86,1.37,1.3,24.34,93.13,1
Clayey,125.65,69.09,95.64,8.01,1.35,0.7,32.3,64.13,2
Alluvial,75.65,9.42,112.36,6.29,1.06,1.0,18.1,42.24,0
Clayey,59.31,48.95,14.07,6.12,0.63,0.58,23.7,81.02,2
Black,67.28,22.4,259.87,8.13,1.81,1.6,23.3,53.55,1
Loamy,74.05,77.79,65.72,7.08,1.03,1.2,25.0,59.06,3
Black,10.6,61.96,26.27,8.23,1.1,1.33,19.18,63.27,1
Sandy,14.68,4.16,184.3,6.33,0.43,0.07,19.52,46.61,4
Clayey,115.91,30.9,242.89,7.71,0.71,1.53,20.11,46.27,2
Loamy,120.11,47.65,69.89,7.31,0.54,0.12,34.13,59.77,3
Clayey,13.5,74.14,98.5,6.34,1.0,0.97,18.95,71.04,2
Clayey,56.58,67.39,110.95,7.49,1.24,0.78,27.32,49.14,2
Black,111.84,11.45,231.1,7.37,1.69,1.21,24.08,46.45,1
Sandy,11.49,40.54,130.46,6.62,0.16,0.31,30.49,61.9,4
Alluvial,14.77,70.64,92.94,7.23,0.99,1.12,20.03,81.9,0
Clayey,8.05,56.52,165.52,8.17,0.91,2.44,24.58,46.71,2
Sandy,13.2,42.57,189.09,6.55,0.38,0.33,20.3,77.65,4
Clayey,117.31,42.4,275.06,7.04,1.18,2.03,22.8,82.78,2
Black,85.17,30.78,162.97,7.22,1.24,1.71,23.58,87.84,1
Loamy,61.02,9.47,276.77,7.09,0.47,1.03,24.52,56.6,3
Sandy,34.38,69.09,197.64,6.7,0.11,0.18,29.46,93.21,4
Clayey,84.64,27.51,84.99,6.62,1.43,1.52,27.41,89.09,2
Loamy,51.94,5.58,49.9,7.22,0.82,0.81,36.33,47.86,3
Silty,52.65,49.34,209.52,6.83,0.78,1.48,18.52,62.74,5
Alluvial,8.6,78.55,195.72,6.82,0.72,0.89,37.6,85.56,0
Alluvial,115.97,51.06,222.55,6.76,0.44,1.44,28.68,78.58,0
Alluvial,121.86,20.83,201.82,6.75,0.5,0.88,30.12,78.57,0
Alluvial,99.46,10.1,89.97,7.02,1.04,0.28,27.92,58.13,0
Loamy,107.65,36.41,154.81,7.11,0.91,0.92,35.69,50.23,3
Loamy,117.47,13.08,129.1,6.31,1.12,1.03,36.2,77.94,3
Black,109.15,65.72,30.82,8.01,1.4,0.42,27.05,87.06,1
Black,130.5,18.32,151.14,7.74,1.17,1.49,22.11,64.94,1
Black,83.03,16.14,167.99,7.66,1.42,1.4,26.34,84.68,1
Loamy,69.19,63.57,41.53,6.83,0.71,0.97,22.06,91.96,3
Black,76.09,2.26,43.82,7.26,1.885,1.67,28.47,41.35,1
Sandy,34.71,54.15,26.13,6.78,0.26,0.07,33.69,47.49,4
Loamy,5.66,8.93,35.83,6.3,0.83,0.27,22.3,41.11,3
Sandy,43.52,59.65,165.37,6.5,0.11,0.07,21.49,86.25,4
Alluvial,62.21,11.21,178.88,7.22,1.05,0.15,23.17,79.01,0
Clayey,8.48,83.94,29.24,7.44,0.92,1.49,33.99,46.29,2
Sandy,55.17,36.35,276.38,5.86,0.38,0.11,18.92,67.27,4
Alluvial,55.7,61.24,205.04,7.3,1.11,1.03,21.81,82.79,0
Loamy,118.53,37.31,173.43,6.24,0.53,1.44,18.94,51.28,3
Alluvial,70.67,8.01,67.57,6.35,0.98,1.24,18.16,72.44,0
Sandy,39.08,4.88,103.38,6.53,0.11,0.25,20.88,81.25,4
Alluvial,9.27,26.31,192.23,7.01,0.63,1.11,33.49,43.45,0
Sandy,36.25,63.81,142.33,6.34,0.36,0.3,23.27,52.26,4
Alluvial,136.16,18.43,154.71,6.34,1.01,0.37,19.25,44.97,0
Black,116.03,21.91,117.3,8.18,1.16,0.75,22.33,56.18,1
Sandy,12.48,80.07,180.03,5.83,0.32,0.15,20.15,82.15,4
Sandy,41.45,85.65,128.68,6.08,0.37,0.16,27.87,78.41,4
Black,128.91,54.4,30.44,8.04,1.885,1.38,20.76,65.91,1
Alluvial,88.76,17.81,64.24,6.32,1.05,1.43,23.68,92.34,0
Loamy,139.69,36.01,197.93,6.36,1.14,1.15,34.9,49.63,3
Loamy,105.89,76.29,157.36,6.9,0.51,1.33,25.15,47.63,3
Clayey,96.85,8.64,121.7,7.95,1.44,1.54,26.0,91.32,2
Clayey,88.04,77.37,187.01,7.92,1.46,2.36,22.11,82.62,2
Alluvial,135.4,20.35,231.57,6.93,1.09,0.88,28.53,93.81,0
Clayey,75.52,61.66,55.37,7.75,1.03,0.67,35.21,80.66,2
Alluvial,14.95,21.53,19.98,6.03,1.03,0.31,26.32,58.62,0
Black,72.55,43.99,30.85,7.35,1.885,0.96,30.36,81.73,1
Sandy,55.12,11.88,149.9,6.74,0.47,0.39,37.99,87.81,4
Alluvial,64.23,25.66,112.27,6.99,0.57,1.12,33.14,42.16,0
Loamy,3.83,44.66,196.0,6.01,0.92,1.46,35.02,71.54,3
Loamy,83.54,9.99,158.97,6.97,1.03,1.12,34.34,71.66,3
Alluvial,60.62,64.79,216.95,7.48,0.48,0.23,19.27,81.06,0
Loamy,65.25,32.89,25.0,7.11,1.1,0.13,23.49,49.25,3
Black,69.94,8.43,13.19,7.5,1.13,0.65,35.91,88.68,1
Alluvial,127.35,39.05,84.65,6.17,0.68,0.33,27.74,42.03,0
Sandy,46.36,88.03,261.84,7.14,0.19,0.21,30.21,54.52,4
Alluvial,109.32,49.07,35.08,6.69,0.76,1.08,34.1,84.94,0
Silty,106.52,87.34,212.49,7.35,0.82,1.3,28.55,47.39,5
Black,8.74,4.7,100.68,8.03,1.15,1.23,22.92,71.69,1
Sandy,24.97,61.22,271.31,5.93,0.35,0.31,22.28,75.98,4
Sandy,18.99,68.97,268.77,5.88,0.24,0.14,25.7,42.7,4
Sandy,34.57,84.06,256.74,6.08,0.16,0.11,35.44,52.24,4
Loamy,64.21,80.78,26.18,7.23,1.07,1.1,31.03,72.04,3
Silty,65.29,81.15,70.22,6.4,0.58,1.08,24.88,63.56,5
Black,133.4,27.86,34.14,7.24,1.23,1.1,33.55,85.51,1
Alluvial,91.5,28.82,267.56,6.17,0.97,0.56,25.23,71.48,0
Alluvial,132.34,52.98,169.08,6.5,1.04,0.41,30.96,81.92,0
Loamy,11.69,9.56,133.87,6.04,0.49,1.34,25.1,50.69,3
Loamy,109.02,85.45,10.26,6.05,0.83,0.59,23.41,78.7,3
Loamy,12.58,47.12,32.26,6.72,0.69,0.72,22.79,60.3,3
Clayey,104.8,89.73,273.5,7.48,1.42,2.21,34.24,44.78,2
Clayey,89.23,70.83,263.36,7.64,0.62,2.29,23.6,55.72,2
Loamy,130.86,53.7,103.51,7.23,0.45,0.88,20.19,76.73,3
Loamy,51.75,9.22,34.1,6.75,1.02,0.51,33.11,80.09,3
Black,79.35,68.85,58.81,8.3,1.77,0.9,19.24,80.57,1
Loamy,102.95,4.56,238.66,6.89,0.96,1.09,18.18,62.97,3
Sandy,18.93,86.4,147.01,5.89,0.2,0.23,31.02,88.04,4
Loamy,64.61,83.94,136.96,7.17,1.17,0.48,31.37,86.76,3
Alluvial,87.8,81.16,251.38,7.01,0.84,0.21,32.4,86.96,0
Alluvial,8.31,80.77,192.5,7.03,0.82,0.26,27.08,48.58,0
Loamy,67.2,25.0,23.68,6.69,0.56,0.38,18.45,71.42,3
Clayey,5.04,48.74,232.06,7.62,0.83,0.55,18.74,47.78,2
Alluvial,72.08,16.14,217.91,6.18,1.16,0.28,24.26,80.14,0
Loamy,71.31,20.95,174.03,7.32,0.42,0.54,24.12,65.7,3
Silty,82.19,42.28,121.1,7.18,0.59,0.55,21.23,58.75,5
Alluvial,86.83,32.03,277.51,6.73,0.43,0.12,25.96,83.39,0
Alluvial,111.76,34.95,89.77,6.79,0.51,0.41,34.46,48.95,0
Clayey,70.8,89.43,40.74,7.06,0.84,1.05,27.03,70.16,2
Silty,64.75,66.91,85.27,6.61,0.84,0.1,32.98,57.22,5
Loamy,116.08,22.57,16.71,6.58,0.51,0.91,35.97,49.34,3
Loamy,81.03,3.31,203.84,6.42,0.9,0.83,25.0,78.44,3
Loamy,60.56,79.78,150.19,6.75,0.44,0.1,22.69,49.25,3
Alluvial,7.79,4.64,71.41,6.33,0.64,1.41,36.88,85.32,0
Loamy,65.43,66.86,130.91,6.88,0.54,0.56,36.99,74.64,3
Alluvial,5.6,70.22,33.06,6.58,0.73,0.73,23.87,47.79,0
Alluvial,81.08,45.87,229.46,6.14,1.06,0.19,36.51,69.22,0
Silty,103.87,44.59,219.63,6.77,0.57,0.57,29.69,76.58,5
Alluvial,5.52,22.92,22.19,6.27,0.52,1.28,20.96,60.84,0
Alluvial,131.84,76.08,275.76,6.97,0.49,0.3,29.56,92.88,0
Loamy,2.89,53.43,266.02,6.42,0.5,0.3,35.23,68.0,3
Loamy,106.08,4.4,142.47,6.62,0.58,0.45,21.64,43.1,3
Alluvial,77.02,26.03,104.49,7.48,1.12,1.0,34.25,48.33,0
Black,89.53,40.99,114.56,7.79,1.6,0.91,21.36,60.14,1
Alluvial,80.12,83.07,88.78,7.37,0.65,0.86,36.57,59.73,0
Sandy,33.19,7.07,117.94,6.59,0.29,0.37,31.3,82.73,4
Loamy,136.56,4.93,110.37,7.18,0.68,1.34,36.01,76.84,3
Clayey,14.87,80.36,107.66,7.0,0.99,0.82,29.87,67.62,2
Sandy,19.98,84.11,208.58,6.15,0.19,0.12,35.96,86.67,4
Black,81.72,15.3,31.8,7.4,1.56,1.27,37.75,80.69,1
Alluvial,136.54,51.59,60.63,6.73,0.96,1.37,28.37,87.33,0
Black,122.86,76.32,70.84,7.77,1.04,0.79,29.06,62.88,1
Loamy,136.2,8.55,111.14,6.07,0.96,0.15,31.4,86.52,3
Sandy,53.25,74.25,153.98,6.33,0.14,0.13,33.71,82.12,4
Clayey,114.48,8.53,37.75,6.17,1.0,2.06,28.9,78.45,2
Black,126.67,61.87,95.12,8.08,1.37,0.59,19.53,43.81,1
Alluvial,61.93,60.56,212.71,7.35,0.87,0.54,31.97,54.15,0
Silty,12.22,22.38,240.79,7.46,0.71,0.86,21.63,42.13,5
Alluvial,65.34,40.52,251.97,7.31,0.7,0.61,18.31,92.13,0
Sandy,14.71,14.86,58.61,7.05,0.18,0.18,33.54,42.66,4
Clayey,116.97,84.78,21.46,7.17,0.78,0.7,25.98,78.72,2
Alluvial,107.37,56.8,269.07,6.87,1.0,1.06,28.18,72.46,0
Loamy,70.88,49.99,14.11,7.23,0.76,0.66,21.23,40.26,3
Black,56.12,67.77,118.38,7.22,1.53,1.67,37.73,51.9,1
Silty,81.14,29.82,10.45,6.5,0.42,0.84,18.69,94.32,5
Sandy,9.32,56.55,184.21,6.89,0.15,0.3,32.19,88.07,4
Alluvial,8.69,60.7,36.61,6.52,0.5,0.23,22.99,48.2,0
Black,64.95,30.99,68.69,8.15,1.26,1.08,33.36,45.36,1
Silty,100.46,50.69,195.79,7.15,0.88,1.03,36.0,75.12,5
Black,50.38,31.68,154.64,7.73,1.25,1.0,33.21,71.32,1
Loamy,118.98,62.26,266.29,6.39,0.82,0.35,27.3,42.87,3
Alluvial,102.79,3.23,15.45,6.16,1.06,0.91,35.19,43.46,0
Sandy,107.58,7.05,274.07,5.51,0.47,0.19,25.28,85.22,4
Silty,63.75,25.59,82.22,7.21,1.03,0.9,33.52,89.0,5
Loamy,130.53,85.6,119.04,6.4,0.47,0.34,36.48,70.08,3
Clayey,71.89,83.53,106.14,8.2,1.35,1.81,29.93,63.89,2
Alluvial,88.07,66.05,222.84,6.78,0.47,0.67,27.21,63.41,0
Loamy,114.72,44.36,30.25,6.63,0.5,1.27,26.01,48.11,3
Black,91.77,38.42,99.41,7.84,1.71,0.77,21.72,88.01,1
Alluvial,13.65,65.24,147.8,7.06,1.06,0.41,32.05,41.8,0
Alluvial,11.23,44.24,39.79,6.76,0.65,1.26,21.51,91.9,0
Silty,3.11,26.32,173.15,6.04,0.74,1.22,30.93,41.88,5
Alluvial,84.83,37.9,61.18,6.59,0.5,1.31,27.57,83.31,0
Loamy,76.5,5.15,242.94,6.58,0.51,0.1,26.22,82.61,3
Loamy,128.21,13.0,100.06,7.37,0.93,1.49,25.49,78.49,3
Black,139.5,50.71,42.87,8.44,1.84,1.28,18.57,87.06,1
Silty,73.58,66.97,50.37,7.42,0.92,0.52,31.3,65.3,5
Black,58.1,20.14,103.41,7.2,1.09,0.89,33.18,68.06,1
Clayey,56.43,62.48,58.26,7.91,1.11,1.47,34.4,83.6,2
Alluvial,10.73,69.67,68.51,6.36,1.13,0.54,33.69,68.2,0
Alluvial,128.09,16.98,142.16,6.32,1.07,1.06,22.78,69.57,0
Alluvial,124.5,46.45,30.29,7.46,1.12,0.53,29.11,86.93,0
Silty,7.56,71.42,132.47,6.38,1.05,1.19,22.4,46.44,5
Loamy,112.79,6.22,56.05,6.7,0.59,0.57,32.61,83.71,3
Sandy,20.69,54.89,34.26,6.17,0.26,0.12,33.36,69.03,4
Silty,91.3,37.98,119.15,6.18,0.5,0.41,21.14,76.29,5
Alluvial,53.45,61.46,78.67,6.65,0.94,1.39,29.05,61.16,0
Loamy,116.72,3.7,120.57,6.7,0.66,1.19,37.79,48.24,3
Loamy,93.41,60.06,130.63,6.02,0.63,0.91,19.35,73.6,3
Alluvial,9.89,53.06,272.76,6.1,0.53,0.65,36.85,94.92,0
Alluvial,63.08,72.13,45.94,6.19,0.54,0.54,26.79,62.27,0
Loamy,86.15,64.75,79.73,6.84,0.52,1.41,25.65,41.84,3
Clayey,8.45,79.56,39.42,7.26,1.01,1.55,30.28,87.64,2
Alluvial,81.09,49.09,196.13,7.12,0.65,1.17,24.86,74.6,0
Loamy,108.46,36.25,183.07,6.08,0.85,0.89,34.8,42.5,3
Loamy,139.81,9.94,15.13,6.67,1.01,0.25,24.36,45.16,3
Loamy,51.84,59.33,207.7,6.54,1.03,1.46,25.95,50.09,3
Loamy,116.32,31.29,267.03,6.89,0.52,0.56,32.12,51.97,3
Black,101.68,38.31,260.26,8.1,1.22,1.51,28.26,74.55,1
Black,64.44,19.31,171.16,8.34,1.51,1.31,28.0,62.16,1
Alluvial,90.27,25.35,24.9,7.24,1.19,0.97,24.92,71.07,0
Clayey,93.16,4.41,253.17,7.4,0.64,1.72,36.77,77.02,2
Alluvial,11.93,48.47,75.55,6.41,1.03,0.2,25.84,54.85,0
Loamy,81.91,82.09,60.87,6.71,0.66,0.49,32.49,73.6,3
Alluvial,13.24,81.18,222.9,6.72,0.78,0.33,32.02,57.99,0
Sandy,18.74,76.85,235.03,6.29,0.17,0.32,18.8,79.02,4
Loamy,13.69,33.6,75.42,6.15,1.14,0.59,37.25,90.63,3
Loamy,9.98,24.46,102.5,7.23,0.5,0.95,28.93,74.37,3
Loamy,83.91,57.53,202.17,6.63,1.08,1.49,35.37,60.51,3
Loamy,130.56,63.99,182.91,6.73,0.7,0.51,32.4,80.1,3
Loamy,136.59,84.24,134.48,6.17,0.95,0.11,29.8,48.54,3
Clayey,7.78,29.21,45.0,8.16,1.21,1.94,23.15,52.47,2
Loamy,93.83,28.14,106.86,6.05,1.07,0.74,31.69,69.12,3
Clayey,125.63,33.75,136.19,7.46,0.9,1.15,20.1,62.7,2
Silty,87.37,78.61,195.16,6.15,0.68,0.89,20.08,86.62,5
Loamy,6.26,84.95,21.49,6.1,0.89,1.4,34.26,40.09,3
Silty,85.41,66.08,59.85,6.32,0.8,0.55,27.59,55.11,5
Silty,92.12,88.61,272.71,7.35,0.94,1.28,28.13,69.81,5
Alluvial,121.03,40.87,176.41,6.04,1.08,1.42,28.0,70.32,0
Alluvial,134.14,6.31,245.69,7.11,0.71,1.32,33.84,84.83,0
Loamy,134.58,21.97,167.88,6.76,0.67,0.62,19.16,65.21,3
Sandy,36.68,9.4,237.6,6.01,0.22,0.07,24.76,91.63,4
Sandy,128.61,61.98,214.5,6.0,0.41,0.34,24.25,53.48,4
Sandy,46.65,25.48,275.41,6.68,0.27,0.27,21.57,45.28,4
Clayey,136.05,73.6,233.73,6.29,1.04,1.14,25.3,62.21,2
Alluvial,78.05,26.05,96.45,7.36,0.88,0.92,22.86,75.66,0
Silty,132.62,45.03,144.74,6.39,0.93,0.87,37.35,87.76,5
Sandy,31.9,12.39,258.11,5.5,0.17,0.37,20.52,77.02,4
Clayey,77.98,51.35,113.29,6.02,0.76,1.87,31.88,68.75,2
Loamy,50.33,69.5,13.98,6.19,1.0,0.65,19.02,67.35,3
Clayey,103.66,62.42,211.45,6.48,1.13,2.31,37.77,65.74,2
Loamy,81.36,66.64,92.6,7.48,0.6,0.66,24.07,53.37,3
Black,125.53,57.91,138.91,7.89,0.83,0.43,35.64,50.83,1
Clayey,138.57,58.0,196.66,7.21,0.76,1.56,22.27,45.88,2
Alluvial,97.97,41.95,169.91,7.11,0.78,0.3,22.82,63.54,0
Sandy,116.3,43.49,178.66,5.83,0.44,0.22,20.15,74.74,4
Clayey,56.04,18.2,100.69,7.61,1.16,1.74,24.99,75.09,2
Sandy,95.12,77.91,49.92,6.51,0.46,0.38,37.57,65.43,4
Loamy,85.56,81.43,152.61,7.06,0.83,0.7,28.72,67.14,3
Loamy,136.65,24.58,203.5,6.97,0.82,1.17,34.32,90.16,3
Black,98.6,13.14,246.44,8.0,1.58,0.79,27.8,66.39,1
Black,131.03,18.95,265.72,7.87,1.885,1.52,25.03,87.38,1
Alluvial,63.08,25.93,98.79,6.63,0.47,1.29,22.59,67.68,0
Alluvial,114.01,36.91,255.64,7.32,0.52,0.32,37.07,61.91,0
Alluvial,92.96,9.08,12.57,7.15,0.69,0.12,30.57,70.05,0
Alluvial,56.27,15.65,176.47,6.32,0.93,0.78,33.16,77.93,0
Silty,52.0,9.59,158.11,6.02,0.88,0.65,25.08,41.32,5
Loamy,56.27,20.93,78.08,6.89,0.74,1.14,31.41,46.04,3
Alluvial,106.03,54.52,251.39,6.84,0.71,1.34,19.27,43.7,0
Silty,120.84,4.31,16.58,6.97,1.13,0.51,24.66,78.28,5
Black,103.91,81.84,35.69,8.06,1.65,0.76,22.29,87.58,1
Black,135.79,15.27,256.88,7.59,1.16,0.9,24.46,53.56,1
Loamy,117.95,56.56,184.66,6.89,0.58,1.37,21.1,48.34,3
Clayey,121.65,9.62,23.82,8.07,1.22,0.81,25.53,76.32,2
Black,56.34,60.58,217.94,7.58,1.48,1.57,37.09,48.77,1
Loamy,112.1,55.8,78.01,6.65,0.99,1.2,33.2,91.04,3
Sandy,12.37,59.92,148.54,6.08,0.38,0.13,24.9,78.66,4
Alluvial,4.43,76.95,22.29,6.75,0.98,1.31,36.77,56.87,0
Alluvial,65.44,5.42,249.99,7.27,0.48,0.32,26.88,48.64,0
Loamy,6.7,13.55,66.55,7.38,1.18,0.84,24.68,79.9,3
Sandy,40.32,25.8,42.79,6.06,0.11,0.09,19.82,63.47,4
Loamy,52.3,43.43,237.18,6.75,0.72,0.65,30.24,93.32,3
Sandy,3.01,2.93,181.65,6.92,0.14,0.06,34.34,50.43,4
Alluvial,63.71,67.58,238.58,7.16,0.63,1.34,20.89,65.15,0
Sandy,41.5,5.38,184.53,6.52,0.14,0.31,27.88,66.72,4
Loamy,103.31,55.39,250.41,6.75,0.64,0.48,33.38,42.87,3
Alluvial,54.92,35.09,41.11,6.23,0.98,1.45,20.34,94.54,0
Sandy,19.13,2.99,269.77,6.66,0.39,0.11,20.05,76.03,4
Alluvial,54.08,45.57,10.16,6.31,1.1,1.43,30.77,94.91,0
Black,121.85,4.78,42.77,7.33,1.85,1.19,34.29,81.67,1
Loamy,69.27,3.2,227.09,6.24,0.42,1.26,30.49,54.57,3
Loamy,105.68,14.41,20.36,6.97,0.42,0.48,30.79,61.57,3
Black,113.45,70.42,53.62,7.96,1.51,0.95,34.06,43.49,1
Sandy,14.35,72.23,279.77,6.6,0.22,0.25,21.1,82.23,4
Loamy,107.18,8.12,92.2,7.12,0.78,0.51,36.79,75.3,3
Silty,87.72,62.82,20.91,6.04,1.19,0.67,36.76,90.03,5
Silty,99.94,81.8,53.95,6.37,0.77,0.25,21.08,76.03,5
Sandy,42.43,27.29,197.34,6.71,0.38,0.11,22.23,72.65,4
Clayey,12.42,11.28,111.47,7.26,0.81,2.05,34.73,80.89,2
Alluvial,112.68,4.73,129.58,6.88,0.97,0.44,36.94,62.44,0
Alluvial,89.11,12.59,243.67,7.48,0.99,1.18,19.67,87.39,0
Alluvial,51.13,8.99,92.52,7.12,1.04,0.23,26.81,93.71,0
Alluvial,97.51,75.66,19.77,6.17,0.54,0.79,19.01,67.07,0
Black,12.82,74.94,123.71,7.46,1.62,1.29,22.94,78.57,1
Loamy,84.61,6.49,156.27,6.04,1.09,0.41,28.6,78.03,3
Silty,57.92,70.29,112.66,7.1,0.67,1.36,18.46,66.61,5
Silty,113.81,79.32,11.65,6.87,0.43,0.46,35.84,65.7,5
Alluvial,134.59,89.51,264.29,7.22,1.08,0.79,32.33,64.31,0
Loamy,127.46,43.63,26.14,6.56,0.87,1.15,32.87,78.91,3
Loamy,63.82,7.06,269.97,7.15,0.61,1.29,28.75,42.11,3
Alluvial,101.49,20.83,228.67,7.05,1.03,0.38,19.73,66.49,0
Alluvial,81.23,51.93,30.19,6.21,0.46,0.27,21.8,49.66,0
Alluvial,12.89,61.95,262.11,7.06,1.06,1.03,21.71,55.11,0
Loamy,64.8,43.79,266.87,6.52,1.15,0.45,29.42,62.89,3
Loamy,11.6,84.15,190.19,6.96,0.42,0.59,30.93,60.59,3
Alluvial,90.4,36.79,261.89,6.98,1.02,0.2,33.56,52.06,0
Black,122.45,6.0,176.74,7.96,1.54,0.46,36.53,49.46,1
Loamy,132.27,76.76,133.57,6.84,0.61,1.35,30.67,76.54,3
Sandy,44.35,37.48,162.42,6.9,0.27,0.16,37.22,81.24,4
Clayey,110.86,31.33,199.79,6.11,1.45,0.68,32.47,56.75,2
Alluvial,62.13,9.42,101.81,6.94,0.64,0.51,25.65,52.33,0
Sandy,35.62,73.08,147.62,6.54,0.31,0.29,24.66,79.52,4
Sandy,14.8,74.59,123.14,5.74,0.21,0.18,23.63,54.09,4
Sandy,52.05,61.19,116.41,6.21,0.37,0.15,20.19,89.51,4
Silty,136.72,8.58,169.46,6.14,0.96,0.21,22.28,72.09,5
Silty,53.97,74.91,233.86,6.91,0.95,0.39,24.24,45.8,5
Loamy,97.36,82.83,265.5,7.02,0.42,1.18,36.59,72.88,3
Loamy,109.74,65.83,163.19,6.75,0.69,0.36,28.44,66.11,3
Loamy,79.45,17.42,105.51,6.18,1.09,0.93,22.24,70.5,3
Alluvial,68.9,33.74,24.79,6.06,0.84,0.73,32.61,78.39,0
Sandy,4.14,72.96,64.8,5.72,0.37,0.26,30.31,91.99,4
Sandy,22.22,27.98,190.78,7.0,0.2,0.2,32.11,40.41,4
Loamy,103.04,15.99,199.69,7.31,0.66,1.1,35.95,67.74,3
Clayey,115.22,23.76,20.59,7.95,0.99,1.41,33.46,41.88,2
Alluvial,14.16,60.59,83.61,7.34,0.5,0.99,34.31,70.94,0
Black,110.14,64.93,20.02,7.56,1.61,1.51,35.82,61.92,1
Clayey,71.3,76.34,276.26,6.55,0.99,1.03,28.7,44.39,2
Silty,13.68,67.76,170.77,6.98,0.9,0.12,32.0,75.14,5
Sandy,7.85,61.58,15.69,7.12,0.3,0.29,37.01,94.13,4
Loamy,127.15,4.19,152.71,7.35,0.42,1.38,26.07,92.12,3
Alluvial,59.84,50.02,177.52,6.25,0.4,1.21,20.06,56.76,0
Black,82.19,60.56,63.53,7.37,1.67,0.42,25.14,44.41,1
Loamy,2.17,27.39,193.26,6.43,0.88,0.65,35.72,61.17,3
Loamy,2.62,23.2,19.2,7.37,0.93,0.99,21.63,70.72,3
Black,73.34,74.84,76.92,7.48,1.72,0.69,29.62,82.76,1
Loamy,2.05,17.89,88.36,6.59,1.08,0.11,29.42,87.18,3
Clayey,132.94,32.09,217.2,6.83,1.1,1.83,20.33,69.58,2
Sandy,27.2,44.3,184.84,6.45,0.36,0.21,22.23,47.38,4
Black,68.88,48.68,21.04,8.1,1.0,0.95,33.79,51.9,1
Sandy,44.74,11.06,32.36,6.27,0.23,0.3,29.2,94.02,4
Loamy,67.95,29.22,36.87,7.1,0.65,0.42,37.26,53.62,3
Black,57.22,82.86,145.13,8.0,1.11,1.29,21.9,56.91,1
Silty,104.51,6.46,243.57,6.55,0.51,0.91,33.14,86.46,5
Alluvial,9.2,9.21,206.43,6.91,1.0,0.75,35.05,89.93,0
Sandy,48.34,27.76,73.0,7.1,0.16,0.37,32.96,74.91,4
Silty,80.99,78.67,130.58,7.0,0.77,0.83,18.83,43.69,5
Loamy,106.63,48.17,266.16,7.47,0.55,0.11,25.38,79.74,3
Loamy,79.22,4.49,214.15,6.84,1.14,0.73,32.77,80.42,3
Loamy,110.47,18.88,245.14,7.41,0.97,0.25,27.62,55.3,3
Alluvial,88.86,9.1,219.97,6.56,0.58,1.33,24.43,75.64,0
Loamy,51.81,88.54,245.29,6.53,0.58,1.34,30.45,40.68,3
Sandy,45.99,86.38,248.66,6.88,0.32,0.28,21.39,92.11,4
Clayey,100.39,84.55,93.84,6.95,0.71,2.23,33.28,65.88,2
Silty,122.47,78.67,223.84,6.62,1.08,0.19,24.11,67.88,5
Alluvial,77.47,85.43,24.72,6.63,0.45,0.78,24.75,63.97,0
Alluvial,54.01,38.99,30.9,6.59,1.16,0.92,24.49,92.33,0
Alluvial,106.05,16.65,208.35,6.12,1.16,1.26,21.94,91.47,0
Black,133.65,4.58,168.33,8.48,1.5,0.65,26.73,40.09,1
Alluvial,66.12,7.56,97.52,6.76,0.79,1.28,37.71,91.5,0
Black,53.5,82.52,88.22,7.5,1.25,0.88,35.88,92.56,1
Loamy,54.98,57.1,230.51,6.16,0.45,0.62,27.06,68.83,3
Loamy,122.58,7.34,92.1,6.1,0.5,0.71,27.71,68.55,3
Alluvial,12.96,65.23,192.87,6.11,0.53,0.44,29.09,40.02,0
Clayey,126.74,4.34,213.82,7.39,1.41,1.76,31.36,82.43,2
Alluvial,75.8,47.07,248.63,6.27,0.69,0.22,28.31,75.85,0
Alluvial,57.66,69.47,251.26,6.58,0.76,0.9,21.23,86.98,0
Black,53.31,24.41,255.94,7.91,1.81,1.06,20.43,89.72,1
Alluvial,108.62,68.28,11.97,6.07,1.06,0.74,34.32,44.13,0
Clayey,91.16,6.32,34.47,6.67,1.08,0.97,25.88,70.61,2
Clayey,131.01,50.6,269.49,6.36,1.47,0.75,28.41,71.75,2
Clayey,109.93,33.34,162.66,6.71,1.29,1.0,31.03,68.56,2
Alluvial,86.71,73.72,24.55,7.03,1.02,1.44,35.55,79.23,0
Loamy,2.42,15.42,30.1,6.0,0.97,0.69,33.68,84.35,3
Sandy,25.09,2.54,14.1,7.07,0.32,0.13,21.81,77.77,4
Sandy,48.14,83.7,133.02,6.44,0.15,0.16,20.12,51.74,4
Black,86.01,44.35,247.05,7.34,1.13,0.59,23.36,74.48,1
Silty,112.31,19.48,232.31,7.23,1.17,1.29,36.71,61.49,5
Silty,132.85,20.76,91.29,6.85,1.05,1.2,24.14,40.48,5
Black,68.29,9.14,20.46,7.37,1.15,0.58,29.58,54.1,1
Silty,3.43,35.13,95.53,6.03,0.53,0.11,30.46,84.73,5
Clayey,68.11,66.14,127.92,7.06,1.48,0.76,30.97,58.61,2
Black,85.94,44.83,43.69,8.47,1.43,1.52,33.5,79.42,1
Clayey,6.52,22.49,124.89,6.62,1.16,0.68,22.5,47.71,2
Clayey,129.56,60.22,163.27,7.87,1.3,1.82,25.82,65.39,2
Loamy,114.07,67.31,114.81,6.8,0.54,0.13,33.08,86.34,3
Loamy,94.32,44.91,34.88,6.01,0.43,0.27,31.67,60.12,3
Alluvial,68.77,60.03,57.41,6.81,0.66,0.96,27.62,79.59,0
Sandy,47.88,77.17,203.42,6.41,0.21,0.19,27.26,54.55,4
Sandy,55.73,75.05,133.28,6.0,0.12,0.38,19.13,92.12,4
Silty,56.3,22.53,69.6,6.07,0.47,0.47,22.96,91.56,5
Silty,14.42,36.99,264.04,7.41,0.83,0.73,35.04,92.5,5
Alluvial,57.35,86.41,213.35,6.33,0.46,0.69,28.36,80.88,0
Loamy,61.41,69.48,116.51,6.9,0.66,0.64,31.84,91.31,3
Sandy,74.76,37.7,160.16,6.6,0.45,0.16,26.68,73.03,4
Clayey,116.21,64.97,197.19,6.9,1.27,1.52,32.44,87.97,2
Loamy,14.74,83.58,26.33,7.28,0.71,0.61,20.55,43.66,3
Loamy,11.75,7.58,40.2,6.75,0.82,0.16,30.5,82.46,3
Loamy,88.47,6.08,241.41,6.82,0.69,1.47,24.39,85.47,3
Silty,100.22,37.77,90.76,7.31,0.83,0.28,30.33,83.27,5
Black,122.29,50.04,106.6,8.41,1.5,0.55,34.77,56.03,1
Black,63.5,6.08,239.8,8.0,0.94,0.65,19.64,71.96,1
Alluvial,64.45,48.96,129.4,6.42,0.57,0.67,31.3,70.82,0
Alluvial,82.05,67.14,131.37,6.43,0.54,0.57,33.19,75.22,0
Alluvial,103.69,13.19,156.21,7.48,1.15,1.1,22.6,58.35,0
Silty,60.73,2.95,260.56,7.24,0.77,0.23,29.36,49.12,5
Silty,88.52,2.39,107.73,6.69,0.57,0.93,24.11,78.48,5
Silty,74.82,6.02,50.37,6.01,0.81,1.29,30.14,67.91,5
Silty,132.45,3.91,181.18,6.93,0.98,0.4,23.16,77.33,5
Black,138.51,89.28,229.8,7.88,0.97,1.12,27.46,70.1,1
Black,8.25,50.94,39.39,7.63,1.885,0.44,22.51,65.24,1
Sandy,125.37,89.83,155.78,7.04,0.47,0.25,31.92,48.84,4
Loamy,13.88,54.46,243.07,6.12,0.4,0.68,23.91,71.17,3
Black,54.9,62.46,251.14,7.44,1.69,1.76,29.3,44.39,1
Loamy,50.56,29.52,218.33,6.86,0.69,1.38,19.04,94.62,3
Alluvial,93.27,80.41,170.38,6.27,0.97,1.48,35.53,63.87,0
Loamy,4.11,86.81,177.98,6.27,0.75,0.34,35.08,91.55,3
Black,100.19,80.52,26.65,7.7,0.88,0.62,35.69,45.89,1
Alluvial,132.57,85.85,232.59,6.42,1.18,1.12,31.19,60.7,0
Alluvial,83.13,5.04,167.64,7.04,0.72,1.07,37.61,89.95,0
Alluvial,93.71,41.49,38.89,6.33,1.13,1.2,35.9,55.78,0
Loamy,125.39,78.77,60.91,6.66,1.07,0.79,36.16,55.22,3
Silty,74.0,9.05,274.72,6.53,1.09,0.41,23.07,71.81,5
Silty,133.42,56.25,122.48,7.4,0.9,1.13,24.43,88.77,5
Alluvial,67.11,53.66,164.79,6.1,0.65,0.95,22.93,94.01,0
Loamy,68.28,81.22,10.79,6.53,1.08,0.29,29.27,75.75,3
Black,114.12,73.37,230.35,7.75,1.49,1.77,26.87,70.25,1
Clayey,126.8,44.78,160.55,7.56,0.91,1.32,32.93,52.37,2
Clayey,85.83,26.79,268.2,7.03,1.46,1.62,32.04,71.22,2
Loamy,80.96,20.83,150.57,7.1,0.85,1.45,31.59,49.75,3
Black,12.3,71.71,93.6,8.02,0.81,0.45,19.43,73.92,1
Loamy,51.39,56.48,232.46,7.21,0.59,0.18,35.9,62.52,3
Sandy,52.21,43.82,70.28,7.1,0.13,0.12,21.14,89.77,4
Loamy,13.09,31.38,215.09,6.73,0.49,0.89,33.12,72.93,3
Silty,138.43,72.36,240.17,6.48,0.42,0.34,31.35,56.08,5
Loamy,3.38,39.54,206.66,6.12,0.67,0.54,23.6,73.11,3
Alluvial,4.36,64.16,273.23,6.3,0.46,0.75,31.89,88.67,0
Clayey,127.17,44.97,115.28,8.1,0.67,2.29,27.25,75.07,2
Sandy,81.06,43.64,205.47,5.77,0.45,0.14,33.16,94.13,4
Loamy,118.31,16.02,157.26,6.7,0.86,1.01,34.13,56.64,3
Loamy,3.77,6.42,35.97,6.96,0.72,0.62,27.14,52.03,3
Sandy,40.4,37.47,115.79,6.58,0.28,0.17,30.9,70.5,4
Alluvial,72.49,29.09,138.16,7.33,0.76,1.19,19.03,77.71,0
Silty,115.14,64.04,53.83,6.94,0.97,0.84,33.65,73.55,5
Loamy,56.26,34.2,46.62,6.88,0.86,0.87,27.6,89.62,3
Loamy,80.36,14.65,18.73,6.77,0.68,1.08,33.45,90.64,3
Loamy,118.36,5.14,22.59,6.3,0.44,1.19,32.48,53.0,3
Loamy,114.65,63.48,74.23,6.35,1.15,1.21,25.42,90.25,3
Clayey,106.86,60.39,46.83,6.07,1.27,1.97,26.21,89.43,2
Clayey,138.56,16.86,201.35,7.84,1.09,1.84,37.17,60.56,2
Alluvial,75.46,5.1,168.54,7.5,0.9,0.39,27.03,53.28,0
Sandy,51.94,86.28,33.84,6.15,0.41,0.05,21.11,69.66,4
Alluvial,81.7,20.55,191.88,6.92,0.94,1.13,33.37,50.44,0
Alluvial,58.39,56.5,26.12,6.83,0.74,0.65,23.15,67.62,0
Alluvial,8.93,82.69,178.32,7.18,0.99,0.94,35.88,48.42,0
Black,54.43,29.99,210.62,7.51,0.85,1.06,29.02,41.29,1
Loamy,108.12,22.25,258.92,6.62,0.57,0.39,33.54,63.06,3
Loamy,107.23,11.0,57.02,6.69,0.95,0.25,19.83,60.61,3
Sandy,53.98,78.87,55.2,6.46,0.16,0.06,20.95,67.01,4
Sandy,31.41,70.2,240.56,6.37,0.38,0.26,32.46,91.59,4
Loamy,112.61,24.48,68.56,6.02,1.12,0.52,37.85,54.67,3
Silty,68.69,72.26,148.52,6.68,0.48,0.99,32.34,90.63,5
Silty,101.38,6.73,21.1,6.32,0.48,0.74,26.27,80.19,5
Clayey,86.86,29.08,52.96,6.92,0.92,1.1,20.17,72.96,2
Loamy,3.6,48.24,40.78,6.16,0.66,0.83,29.06,91.18,3
Sandy,61.15,24.37,103.86,6.9,0.5,0.12,35.46,64.43,4
Black,72.77,48.94,25.19,7.45,1.57,1.3,35.06,44.76,1
Alluvial,58.61,26.67,215.06,6.44,0.89,0.8,22.82,85.63,0
Silty,102.2,48.41,19.97,6.05,1.13,1.11,20.46,72.5,5
Alluvial,85.83,15.57,273.02,6.29,0.99,0.66,19.32,51.1,0
Clayey,95.55,10.2,37.74,8.14,1.14,1.73,31.63,51.63,2
Clayey,98.8,62.8,15.93,6.55,0.94,1.99,24.91,67.1,2
Loamy,118.02,52.62,264.85,6.07,0.97,0.74,30.7,69.37,3
Loamy,54.39,3.85,189.11,7.09,1.08,1.23,32.98,41.47,3
Clayey,63.55,39.59,261.09,7.89,1.11,1.52,33.92,72.85,2
Loamy,98.01,57.55,60.36,7.28,0.8,0.24,30.04,42.31,3
Alluvial,96.62,35.93,206.04,6.86,0.69,1.14,26.48,89.43,0
Loamy,85.76,37.95,197.9,6.64,0.52,0.89,28.38,69.55,3
Silty,57.12,37.53,154.31,6.75,0.42,0.43,26.94,65.33,5
Silty,125.23,35.25,64.84,6.9,0.95,0.14,32.77,89.52,5
Clayey,96.88,60.12,272.62,7.98,0.91,1.99,23.02,59.58,2
Loamy,66.64,40.29,184.13,7.49,0.78,0.52,24.9,66.09,3
Sandy,31.46,59.04,60.67,5.5,0.23,0.17,31.14,60.12,4
Black,11.42,60.06,158.52,7.92,1.39,1.58,19.38,71.96,1
Silty,55.06,18.36,153.72,7.48,0.76,0.12,25.52,69.28,5
Loamy,123.0,82.74,48.83,6.26,1.05,0.63,29.6,91.6,3
Loamy,71.29,80.91,225.66,6.61,0.72,1.2,31.35,51.39,3
Black,50.18,22.09,66.74,7.93,1.31,0.47,31.75,66.72,1
Silty,101.49,13.01,91.99,6.64,0.62,0.69,27.34,69.83,5
Loamy,103.43,37.68,166.2,6.88,1.19,0.71,29.67,81.84,3
Black,56.54,24.5,124.21,7.33,1.37,1.75,21.5,65.51,1
Alluvial,77.19,61.52,233.16,6.96,0.72,1.31,26.08,71.44,0
Loamy,114.69,39.39,265.3,6.53,0.61,1.04,20.73,43.76,3
Loamy,115.07,54.21,50.6,6.47,0.8,0.68,37.01,88.81,3
Sandy,45.94,4.54,256.97,7.15,0.37,0.19,20.63,76.77,4
Alluvial,99.33,5.71,20.05,6.47,0.85,1.29,33.34,59.88,0
Black,107.67,64.67,275.94,7.62,1.885,1.0,28.92,81.39,1
Alluvial,138.45,5.28,169.61,7.43,0.96,0.67,26.15,59.56,0
Silty,138.79,71.69,185.79,7.38,1.11,0.62,21.0,91.32,5
Alluvial,120.54,44.03,213.91,6.98,0.59,1.19,29.99,58.06,0
Alluvial,87.48,67.98,141.03,7.11,0.97,1.35,32.28,82.92,0
Black,136.56,25.08,142.68,8.11,1.31,1.4,22.07,76.99,1
Alluvial,114.73,22.7,100.16,6.29,0.83,0.6,36.39,67.96,0
Loamy,115.73,25.81,203.45,7.01,1.17,0.55,18.19,63.0,3
Alluvial,83.22,76.22,52.7,6.62,1.07,1.08,20.94,89.86,0
Loamy,2.59,3.62,63.89,6.03,0.62,0.61,18.64,52.48,3
Loamy,112.5,32.79,169.97,7.11,1.15,0.82,30.04,59.35,3
Alluvial,4.14,30.47,46.97,6.54,1.11,0.58,33.14,49.92,0
Sandy,135.4,15.11,246.52,6.73,0.49,0.06,26.32,88.29,4
Clayey,77.38,88.99,235.31,6.2,0.91,1.15,34.03,86.38,2
Silty,75.7,60.09,189.98,7.42,1.04,0.12,20.27,78.27,5
Alluvial,53.35,9.05,130.43,6.75,0.55,1.15,34.03,52.87,0
Black,102.24,81.71,39.23,8.22,1.885,1.36,27.0,72.84,1
Clayey,14.3,7.42,80.0,7.84,0.98,1.49,29.38,59.16,2
Loamy,138.73,78.7,34.19,6.51,0.64,1.16,19.27,49.7,3
Clayey,75.49,49.01,199.46,6.44,1.08,1.57,23.44,84.34,2
Loamy,7.75,61.37,171.43,6.85,1.04,1.49,27.6,52.96,3
Alluvial,131.58,64.52,52.97,6.28,0.68,0.68,32.26,70.13,0
Alluvial,13.27,54.1,218.18,6.98,0.66,0.17,29.07,43.93,0
Alluvial,106.08,71.95,217.21,7.01,0.71,0.74,26.8,50.55,0
Clayey,74.71,55.46,19.78,6.19,0.71,1.0,18.65,73.03,2
Loamy,63.53,75.6,149.0,7.26,1.02,0.68,32.92,53.22,3
Loamy,126.07,19.46,31.94,7.23,0.53,0.77,18.24,87.06,3
Loamy,117.13,69.84,91.66,6.92,0.84,1.27,29.55,88.06,3
Loamy,89.31,63.41,235.09,7.17,0.43,0.23,33.14,84.53,3
Loamy,118.13,31.94,96.83,6.11,0.74,1.17,29.65,54.04,3
Alluvial,110.43,4.55,102.18,6.59,1.14,0.86,22.53,72.46,0
Loamy,88.34,77.29,256.8,6.9,0.9,0.16,23.73,83.13,3
Silty,102.82,83.19,40.51,6.24,1.03,1.3,33.89,53.54,5
Black,93.32,87.44,18.52,7.9,1.3,1.02,23.3,93.27,1
Alluvial,3.73,16.69,231.68,6.5,1.1,0.45,27.67,93.1,0
Loamy,95.82,46.16,211.72,6.36,0.47,0.44,32.65,71.5,3
Clayey,64.78,21.57,34.48,6.85,1.18,1.95,19.12,59.78,2
Sandy,42.77,7.63,20.14,5.72,0.2,0.26,22.34,69.1,4
Loamy,94.53,37.28,99.9,7.37,1.17,1.46,29.51,64.95,3
Loamy,117.99,14.95,178.47,6.19,0.49,1.03,31.57,82.88,3
Silty,79.21,66.08,170.0,7.45,0.49,1.37,24.74,48.43,5
Loamy,66.29,31.52,171.95,6.81,0.77,1.17,31.86,67.95,3
Black,136.12,25.23,251.61,7.4,1.32,1.76,34.61,88.53,1
Loamy,74.29,75.6,101.49,7.09,0.79,0.68,18.86,70.33,3
Alluvial,126.03,66.77,141.69,6.61,0.43,0.14,23.28,40.86,0
Silty,75.15,38.17,61.47,6.61,0.76,0.47,18.02,67.04,5
Alluvial,70.66,8.09,95.87,6.4,0.55,0.49,27.7,80.43,0
Loamy,78.31,77.65,139.32,7.12,1.17,0.55,26.99,82.45,3
Loamy,12.28,40.94,171.23,6.28,0.92,1.34,23.71,77.91,3
Silty,114.38,15.22,37.4,7.45,1.05,0.55,31.29,49.28,5
Sandy,73.37,51.35,174.79,6.24,0.41,0.28,30.62,73.28,4
Alluvial,59.58,19.01,159.25,6.75,1.04,1.0,35.66,82.63,0
Loamy,68.96,5.64,210.67,7.25,1.09,1.13,29.05,85.94,3
Silty,74.56,4.14,277.26,6.82,1.07,1.05,36.12,78.26,5
Alluvial,77.94,52.39,194.21,6.28,0.95,0.67,31.83,64.6,0
Silty,115.96,49.79,35.06,6.6,0.46,0.2,34.87,42.22,5
Alluvial,111.24,32.92,92.43,6.78,1.04,1.32,30.18,80.4,0
Sandy,76.63,43.41,193.2,5.52,0.45,0.27,25.91,85.53,4
Loamy,106.44,55.65,195.51,7.25,0.54,0.1,31.07,71.1,3
Sandy,11.2,27.84,135.97,6.91,0.28,0.34,18.94,54.33,4
Loamy,53.96,88.25,272.96,6.13,0.53,0.71,25.04,85.13,3
Silty,87.21,42.64,30.16,7.39,1.18,0.11,34.69,81.74,5
Loamy,64.33,47.84,23.73,6.27,0.68,0.52,33.7,85.31,3
Alluvial,127.23,34.03,148.87,7.34,0.68,0.4,37.12,68.83,0
Alluvial,76.86,29.9,207.35,6.8,0.48,0.9,24.81,73.22,0
Clayey,14.22,38.64,240.4,7.26,1.35,2.17,23.27,70.79,2
Loamy,11.52,77.96,108.28,6.91,0.79,1.21,35.2,64.17,3
Clayey,124.06,6.88,145.46,7.31,1.48,1.19,29.44,59.63,2
Alluvial,7.13,78.87,215.84,6.83,0.65,1.46,29.46,88.9,0
Clayey,108.72,55.92,160.26,6.97,0.96,1.31,34.75,50.79,2
Clayey,107.25,66.58,181.24,6.45,1.45,1.49,22.83,80.44,2
Alluvial,92.73,83.35,275.85,6.44,0.43,0.77,36.1,50.84,0
Silty,121.75,4.06,102.07,7.18,0.76,0.87,19.96,84.3,5
Clayey,79.69,81.36,30.37,6.74,1.11,2.06,24.87,86.49,2
Silty,112.45,80.19,49.62,7.11,0.88,0.99,25.77,83.01,5
Sandy,44.53,74.76,129.0,6.11,0.13,0.18,30.91,75.36,4
Loamy,87.15,46.09,144.63,6.78,0.47,0.12,35.9,75.01,3
Black,86.76,24.01,172.53,8.26,1.37,1.74,35.59,79.45,1
Clayey,68.39,55.44,33.36,7.4,1.03,1.63,36.76,42.08,2
Sandy,85.33,24.14,258.32,5.99,0.41,0.31,35.59,73.77,4
Loamy,56.36,32.94,198.47,6.95,1.09,0.97,18.99,58.2,3
Alluvial,91.38,38.41,138.47,7.25,0.5,0.35,21.5,53.19,0
Alluvial,78.91,58.88,39.54,6.33,1.02,1.07,30.06,83.56,0
Loamy,112.46,61.81,129.92,6.31,0.75,1.39,35.97,63.91,3
Clayey,13.83,70.38,141.47,7.8,0.93,1.51,36.7,70.08,2
Clayey,129.72,23.02,168.5,7.75,0.93,0.55,34.63,65.39,2
Clayey,76.66,89.31,138.28,6.4,1.18,1.7,19.19,89.45,2
Loamy,12.77,65.29,38.62,7.34,0.95,1.45,29.08,74.24,3
Alluvial,97.89,60.28,250.48,6.92,0.42,1.21,28.91,48.92,0
Alluvial,89.68,12.34,15.09,6.7,0.6,0.59,34.93,69.2,0
Sandy,11.1,5.55,161.41,7.11,0.14,0.14,20.23,93.37,4
Silty,68.26,11.14,224.52,7.44,1.02,0.42,36.57,53.57,5
Sandy,44.85,58.7,185.98,5.91,0.1,0.1,29.41,80.95,4
Black,119.32,62.07,263.4,7.44,1.885,1.25,23.44,93.35,1
Black,5.19,6.49,57.62,7.69,1.06,1.27,27.98,69.43,1
Loamy,84.4,7.11,228.18,6.8,1.13,0.33,33.15,51.23,3
Loamy,13.88,58.47,83.09,6.76,0.74,0.3,29.06,57.98,3
Loamy,64.75,47.88,191.48,6.58,0.79,0.39,23.13,91.91,3
Loamy,80.99,6.4,49.77,6.25,0.59,0.34,21.19,93.7,3
Loamy,63.15,30.49,257.18,6.27,1.1,0.8,28.43,84.22,3
Black,8.28,40.46,29.55,7.77,1.84,1.08,20.71,93.24,1
Loamy,55.31,6.84,149.94,6.51,1.07,1.48,18.73,71.63,3
Silty,128.08,69.24,209.93,6.98,0.69,1.31,35.4,41.07,5
Clayey,114.0,37.44,85.98,7.49,1.44,2.24,37.17,93.66,2
Black,136.89,7.13,16.12,8.1,1.32,1.64,36.36,52.64,1
Loamy,138.12,63.98,96.65,7.28,1.19,1.18,33.14,72.14,3
Alluvial,75.38,41.32,101.28,6.9,0.53,1.02,28.74,84.2,0
Black,64.21,72.6,39.19,7.44,1.37,1.6,19.46,82.02,1
Black,10.77,88.11,109.43,7.25,1.885,1.56,23.51,75.2,1
Loamy,139.5,33.98,147.65,6.62,0.49,1.17,24.82,72.24,3
Alluvial,12.9,80.15,31.29,6.61,0.55,0.12,29.37,45.22,0
Silty,93.63,23.27,39.63,7.17,0.66,0.34,37.73,79.29,5
Black,93.76,48.11,238.7,8.19,0.87,1.6,33.87,47.63,1
Clayey,117.28,84.42,107.29,7.6,1.14,1.92,34.59,71.33,2
Clayey,115.25,12.31,271.23,7.52,1.18,2.05,23.28,62.76,2
Loamy,10.18,75.96,237.23,6.86,0.79,0.26,29.98,59.77,3
Loamy,62.73,23.51,204.75,6.37,0.45,0.18,21.59,78.08,3
Loamy,116.26,39.41,163.91,7.16,0.41,0.83,18.11,69.42,3
Black,91.9,12.38,178.31,8.33,1.36,1.42,19.81,57.85,1
Black,109.92,72.39,76.48,8.02,1.26,0.81,30.38,63.65,1
Sandy,40.68,2.25,71.72,5.84,0.25,0.25,25.73,83.45,4
Black,132.37,46.7,11.95,7.43,1.51,0.53,33.02,42.49,1
Loamy,54.48,53.85,119.34,7.19,1.06,0.47,26.54,66.01,3
Loamy,3.6,65.17,48.18,6.14,0.99,1.16,36.3,47.02,3
Clayey,131.51,7.74,89.6,7.08,0.78,1.62,28.77,94.2,2
Sandy,126.11,8.14,28.12,6.52,0.47,0.18,29.17,63.76,4
Clayey,80.39,19.36,33.38,6.98,1.34,1.84,18.03,52.42,2
Black,10.98,83.56,168.64,8.01,1.38,1.29,32.02,61.29,1
Black,134.37,67.76,144.84,7.82,1.76,1.11,24.65,45.12,1
Black,90.9,24.49,275.51,8.12,0.9,0.41,33.83,71.82,1
Loamy,89.47,53.25,100.68,7.0,0.93,1.09,26.94,63.99,3
Alluvial,81.64,45.42,248.15,6.48,0.57,0.84,28.97,84.36,0
Loamy,5.08,84.77,149.53,6.23,0.47,0.9,26.81,66.88,3
Loamy,70.65,37.82,42.62,7.37,0.47,0.41,30.56,70.98,3
Black,88.29,15.48,196.35,7.91,0.96,1.61,25.99,53.95,1
Alluvial,94.62,14.43,205.27,7.17,0.94,0.93,29.61,48.33,0
Sandy,134.37,30.81,177.4,6.75,0.44,0.28,33.2,68.2,4
Loamy,106.69,42.36,222.77,6.05,0.77,1.47,24.46,60.51,3
Sandy,43.61,69.6,30.5,5.85,0.24,0.36,28.88,40.72,4
Loamy,51.44,32.7,251.16,7.2,0.83,1.13,23.17,65.99,3
Sandy,10.97,10.61,86.08,6.24,0.19,0.18,28.24,92.56,4
Loamy,108.33,44.07,22.89,6.01,0.83,1.09,31.89,45.38,3
Loamy,55.63,53.2,34.5,6.43,0.58,0.47,32.94,82.23,3
Sandy,7.04,79.98,213.25,6.78,0.32,0.2,20.81,74.07,4
Loamy,113.74,61.72,105.91,6.79,0.55,1.43,36.02,74.5,3
Clayey,3.94,57.77,72.84,6.08,1.15,0.92,31.03,50.39,2
Clayey,9.78,14.45,57.52,6.54,1.46,1.54,35.65,45.82,2
Loamy,100.03,73.3,45.92,6.01,0.8,1.41,25.14,93.76,3
Black,123.65,9.04,125.43,8.34,0.88,0.67,26.81,59.03,1
Silty,107.63,58.59,38.01,6.45,1.02,1.26,27.39,56.79,5
Clayey,3.53,15.8,194.03,6.04,0.66,1.76,26.12,76.44,2
Sandy,31.8,36.62,203.42,7.14,0.38,0.25,26.24,74.01,4
Black,83.96,35.34,275.39,8.48,1.42,0.49,35.44,58.16,1
Loamy,118.0,82.27,155.19,7.07,0.85,1.17,33.07,83.82,3
Loamy,6.13,89.67,38.82,6.13,0.53,0.3,27.56,85.19,3
Alluvial,115.51,84.03,84.83,7.18,1.09,0.32,26.28,56.22,0
Loamy,121.59,64.16,243.99,7.45,0.5,0.46,18.28,40.33,3
Sandy,42.36,74.35,248.16,5.89,0.29,0.4,24.13,50.63,4
Loamy,11.28,44.37,187.63,7.3,0.71,0.53,18.95,75.05,3
Alluvial,57.42,8.35,151.62,6.97,0.5,1.15,31.07,77.32,0
Loamy,74.99,6.17,149.3,6.82,0.82,1.4,33.7,83.08,3
Silty,66.25,4.56,228.94,6.61,1.05,0.76,32.86,61.63,5
Black,14.21,84.83,258.58,7.62,1.8,1.76,31.09,58.62,1
Black,75.72,82.72,133.29,8.07,1.37,0.99,30.62,94.03,1
Alluvial,14.74,67.13,33.15,6.61,1.1,0.14,31.22,59.05,0
Loamy,4.19,63.06,187.38,6.47,1.03,1.3,32.32,82.34,3
Alluvial,3.58,2.08,225.4,6.96,0.87,0.55,29.57,60.31,0
Silty,86.42,89.42,173.41,7.03,0.49,1.3,31.39,75.92,5
Clayey,57.13,71.68,135.11,6.64,0.94,1.24,34.28,85.96,2
Loamy,103.75,16.51,14.32,6.44,0.89,0.24,34.58,66.04,3
Black,124.52,72.75,193.7,7.59,1.885,0.61,24.57,46.48,1
Black,50.2,29.97,107.25,8.02,0.85,1.55,34.23,81.84,1
Silty,63.35,69.6,99.69,6.5,0.49,0.15,35.55,73.95,5
Loamy,6.32,66.3,148.24,7.1,0.98,1.2,21.04,51.05,3
Black,116.49,25.81,101.29,8.46,0.91,0.99,36.96,52.15,1
Alluvial,112.55,87.22,247.34,6.38,0.88,0.6,19.74,64.99,0
Silty,137.45,66.74,269.18,7.19,1.19,0.79,23.07,56.52,5
Alluvial,95.3,30.68,72.06,6.95,0.59,0.44,32.45,84.73,0
Black,111.83,30.3,271.62,7.6,0.96,1.6,19.0,68.25,1
Black,71.34,60.8,34.65,7.24,0.81,0.62,19.64,93.4,1
Silty,124.34,3.72,134.73,7.46,0.86,0.16,25.91,87.38,5
Loamy,121.75,31.49,139.76,6.78,0.64,0.1,21.46,58.01,3
Black,91.11,62.94,106.49,8.3,1.02,0.98,19.19,49.07,1
Alluvial,120.48,38.11,51.2,7.15,0.95,0.84,37.73,75.34,0
Alluvial,131.43,68.57,216.53,6.66,0.98,1.28,19.74,73.96,0
Black,134.13,43.83,176.16,8.16,1.45,0.98,22.14,87.16,1
Sandy,81.28,56.5,174.3,7.0,0.43,0.25,21.76,94.56,4
Loamy,66.45,66.81,11.68,6.22,1.05,1.39,31.49,47.86,3
Alluvial,76.16,8.76,14.33,6.91,0.82,0.32,34.1,63.33,0
Loamy,118.82,56.12,34.86,6.15,0.91,0.11,22.12,53.14,3
Black,135.96,60.4,132.82,8.09,1.24,1.39,33.94,48.42,1
Sandy,130.44,20.92,202.11,5.91,0.47,0.29,26.5,54.76,4
Clayey,6.16,52.78,108.82,6.42,1.39,1.64,33.56,65.52,2
Alluvial,68.05,56.54,234.92,7.03,1.19,1.16,22.81,44.77,0
Sandy,23.65,89.49,218.53,6.12,0.14,0.27,27.71,42.75,4
Loamy,113.12,2.73,34.31,6.03,1.15,0.86,32.03,94.17,3
Clayey,99.07,33.2,264.39,7.24,1.34,1.74,22.63,76.78,2
Black,9.7,78.65,98.8,7.57,1.55,1.42,36.35,60.17,1
Loamy,57.83,73.88,250.2,7.34,1.09,1.08,18.89,94.95,3
Clayey,92.45,13.86,49.13,8.19,0.82,0.73,20.56,51.65,2
Loamy,96.04,32.93,77.87,6.08,0.72,0.7,31.42,44.61,3
Black,61.23,56.75,212.98,8.27,1.885,1.78,19.55,89.15,1
Black,8.3,45.78,128.22,7.66,1.68,0.98,31.27,64.13,1
Silty,102.52,64.11,20.24,7.17,1.1,0.45,18.53,69.14,5
Sandy,59.2,59.95,275.65,5.54,0.44,0.22,34.78,83.89,4
Sandy,50.5,76.35,44.58,6.68,0.32,0.22,30.83,92.88,4
Loamy,83.78,15.14,161.61,6.19,1.01,0.87,20.08,40.38,3
Black,104.77,32.47,149.75,7.55,1.88,1.13,34.33,41.77,1
Clayey,66.18,4.02,110.19,8.01,0.64,1.22,32.73,48.7,2
Loamy,70.78,31.98,107.47,6.89,1.13,1.16,33.54,53.91,3
Alluvial,52.73,33.14,100.32,7.46,0.62,0.95,37.65,47.3,0
Alluvial,114.26,24.53,264.4,6.71,0.97,1.28,19.93,52.21,0
Silty,90.06,3.89,68.7,6.06,1.12,0.58,21.81,69.36,5
Clayey,4.49,44.2,188.92,6.45,0.68,1.79,26.58,89.92,2
Sandy,52.28,4.69,259.87,5.58,0.22,0.22,24.51,42.69,4
Loamy,128.63,61.59,19.12,6.05,1.16,0.27,37.29,82.34,3
Sandy,119.44,68.57,190.93,6.5,0.47,0.05,26.21,90.52,4
Alluvial,124.98,66.5,195.38,7.31,0.49,1.37,23.51,58.42,0
Black,110.03,23.53,112.02,7.32,1.55,1.46,32.32,64.2,1
Sandy,57.0,10.61,35.89,6.88,0.44,0.18,35.48,47.89,4
Alluvial,71.25,2.31,130.35,6.28,0.88,0.92,28.83,53.94,0
Alluvial,119.63,36.01,84.55,7.35,0.84,0.82,19.33,48.13,0
Alluvial,50.75,84.29,108.4,6.39,0.43,0.59,28.05,72.04,0
Black,103.65,66.58,34.61,8.03,1.56,0.92,34.72,66.33,1
Alluvial,52.78,38.43,16.03,7.31,1.03,0.71,32.88,50.03,0
Sandy,51.36,19.92,34.57,5.67,0.39,0.23,19.01,79.03,4
Silty,70.95,5.59,108.25,6.66,0.91,1.21,37.96,82.2,5
Black,57.53,70.19,197.79,7.58,1.24,0.5,36.8,60.9,1
Alluvial,75.98,2.08,191.4,6.14,0.43,0.21,32.25,55.44,0
Clayey,96.4,89.13,16.34,7.93,0.83,2.35,27.82,91.04,2
Loamy,110.23,7.07,239.38,6.76,0.65,0.21,27.64,61.48,3
Sandy,58.01,85.48,190.98,6.02,0.15,0.19,36.07,81.32,4
Sandy,5.75,78.23,223.58,6.98,0.33,0.07,31.56,61.83,4
Loamy,63.46,5.08,67.27,6.01,0.55,1.1,37.2,76.86,3
Sandy,36.64,35.15,239.56,5.71,0.3,0.32,20.01,86.63,4
Alluvial,58.8,65.82,255.08,6.99,0.7,0.97,18.53,70.32,0
Black,10.77,84.45,96.48,8.41,1.29,1.41,20.37,69.39,1
Sandy,40.05,65.88,133.83,6.8,0.19,0.36,25.52,48.81,4
Alluvial,133.5,89.75,167.32,6.47,0.84,1.22,28.62,76.04,0
Alluvial,60.36,39.01,92.67,6.94,1.2,1.21,35.07,64.54,0
Loamy,86.96,19.4,214.75,7.11,0.42,0.28,21.89,72.4,3
Alluvial,135.22,87.76,23.1,7.28,0.56,0.81,30.11,71.98,0
Sandy,106.0,59.69,139.8,5.58,0.4,0.27,31.16,87.19,4
Black,65.35,55.69,231.63,8.22,1.78,0.44,29.23,62.21,1
Silty,68.58,51.16,22.93,6.05,0.63,1.22,20.24,42.29,5
Alluvial,57.74,17.06,208.24,7.5,1.14,0.53,32.97,63.26,0
Alluvial,139.41,74.83,19.82,7.2,0.99,1.25,25.52,72.89,0
Loamy,102.11,16.64,271.5,7.0,0.55,0.12,30.36,75.83,3
Clayey,126.08,76.56,24.65,7.27,0.72,2.02,23.13,49.94,2
Loamy,81.35,44.89,227.92,7.11,0.52,0.37,19.4,49.24,3
Loamy,54.96,49.84,131.04,7.05,0.42,1.19,21.16,48.47,3
Sandy,11.9,87.26,21.77,7.09,0.12,0.28,33.7,74.38,4
Silty,98.3,7.44,219.36,6.15,0.61,1.04,29.22,67.53,5
Black,118.6,32.53,177.19,7.26,1.41,1.42,37.33,94.72,1
Black,98.19,4.68,253.27,7.49,1.64,1.48,35.53,84.96,1
Loamy,108.18,59.69,259.85,7.2,0.51,0.22,21.17,49.36,3
Silty,108.88,64.94,157.43,7.47,0.76,0.16,34.5,85.84,5
Alluvial,138.81,59.01,210.31,7.18,0.67,0.9,34.93,81.32,0
Clayey,62.89,66.54,181.66,6.88,1.07,2.16,34.54,81.72,2
Silty,118.09,51.31,246.95,6.09,0.65,1.12,31.2,83.91,5
Alluvial,60.26,89.04,131.41,6.13,0.87,1.48,32.87,83.09,0
Black,88.27,83.16,245.8,7.54,1.64,1.02,24.47,58.04,1
Black,65.43,30.64,20.87,7.56,0.97,0.42,24.83,68.6,1
Black,137.32,76.61,201.06,7.59,1.15,1.69,29.97,52.36,1
Silty,82.07,29.78,189.3,6.32,1.06,1.11,30.95,40.89,5
Loamy,97.45,29.99,262.91,6.65,0.73,0.59,28.08,44.03,3
Alluvial,3.4,87.33,237.59,6.7,0.75,1.33,22.11,66.89,0
Black,6.9,81.23,141.78,7.37,0.85,0.86,34.58,86.62,1
Sandy,42.46,74.72,262.01,6.64,0.11,0.33,25.79,63.45,4
Sandy,35.58,86.29,110.33,7.0,0.26,0.16,18.74,47.59,4
Silty,2.85,12.73,94.25,7.14,0.65,0.69,36.43,40.99,5
Clayey,88.44,34.9,69.28,6.2,1.17,1.83,19.17,41.49,2
Black,126.8,2.56,195.31,8.05,1.42,1.42,20.56,66.29,1
Alluvial,55.31,5.18,31.18,6.63,0.58,0.37,26.96,51.51,0
Black,133.27,5.78,55.02,7.2,0.82,1.13,24.82,42.53,1
Sandy,23.29,62.5,258.04,5.6,0.36,0.28,33.57,71.91,4
Alluvial,10.54,2.54,153.18,7.08,0.93,1.4,29.3,77.9,0
Clayey,70.07,66.53,58.62,7.34,0.79,0.8,24.79,82.52,2
Loamy,56.14,18.75,85.24,6.64,1.05,0.41,24.06,94.85,3
Sandy,32.57,75.62,89.18,6.63,0.2,0.36,22.78,71.2,4
Silty,128.5,68.6,67.32,6.77,1.0,0.91,26.41,57.67,5
Alluvial,90.34,32.24,119.94,6.27,1.07,0.83,22.5,58.37,0
Sandy,57.73,79.15,79.78,5.92,0.26,0.39,25.0,78.94,4
Loamy,119.6,56.54,139.41,6.27,0.81,0.52,21.62,72.69,3
Loamy,51.03,79.51,234.72,6.35,0.68,0.93,30.79,84.62,3
Silty,7.39,78.69,46.54,6.5,0.8,1.09,24.94,49.43,5
Black,75.93,67.28,250.69,8.08,1.37,0.96,29.82,61.38,1
Alluvial,106.66,87.39,110.49,7.1,0.44,0.37,33.73,46.63,0
Clayey,136.12,81.22,169.05,7.82,1.34,1.21,29.54,45.86,2
Alluvial,78.81,30.12,264.45,6.83,0.68,0.54,18.8,63.99,0
Loamy,124.29,11.47,272.6,6.94,1.2,1.46,27.13,90.03,3
Sandy,8.84,8.55,59.84,6.7,0.38,0.15,30.59,61.59,4
Silty,70.81,74.75,30.34,6.37,1.12,1.35,36.85,89.35,5
Black,126.24,50.95,255.01,7.88,1.885,1.2,18.69,59.73,1
Black,90.05,68.28,137.08,8.08,1.18,1.43,26.69,75.51,1
Loamy,114.56,63.23,94.71,7.26,0.65,0.47,37.4,44.47,3
Clayey,114.55,50.39,120.45,6.07,1.09,0.87,23.69,85.27,2
Silty,98.43,66.96,77.06,7.05,0.88,0.17,30.12,69.66,5
Sandy,17.27,86.25,152.84,5.96,0.22,0.25,27.45,46.94,4
Black,6.43,3.84,174.87,7.51,1.23,1.61,24.58,75.29,1
Loamy,94.51,69.18,15.19,7.36,0.72,0.64,31.15,59.2,3
Alluvial,75.12,54.79,33.84,6.34,0.4,0.11,27.3,55.88,0
Loamy,85.4,41.71,273.2,6.38,0.91,0.24,31.51,42.04,3
Sandy,117.57,9.55,83.86,6.46,0.48,0.26,27.67,64.61,4
Alluvial,3.27,23.4,265.44,7.13,0.44,0.55,19.07,63.85,0
Silty,119.47,72.17,194.18,6.86,1.19,1.26,21.48,79.62,5
Alluvial,78.42,50.25,176.12,6.57,0.86,1.28,22.41,77.53,0
Alluvial,70.08,81.75,30.81,6.72,1.1,0.37,22.37,62.5,0
Loamy,72.15,56.85,274.41,6.39,1.14,0.68,37.48,93.99,3
Sandy,54.82,26.16,105.66,7.01,0.13,0.11,34.6,51.23,4
Alluvial,61.61,23.76,12.48,6.36,0.42,0.57,26.52,68.51,0
Alluvial,121.67,40.55,55.03,6.73,0.58,0.37,32.8,73.54,0
Sandy,33.99,23.96,230.76,6.09,0.27,0.12,25.52,89.31,4
Silty,114.52,77.89,210.49,6.17,0.82,0.35,36.26,88.95,5
Silty,66.02,4.48,278.96,6.38,0.46,0.37,28.75,73.16,5
Sandy,139.95,19.71,233.76,6.25,0.42,0.09,33.98,64.48,4
Clayey,50.42,10.5,235.07,6.68,1.14,0.58,33.0,80.93,2
Loamy,136.62,49.51,131.78,7.02,0.96,0.47,22.65,59.59,3
Silty,5.56,48.79,14.19,7.24,0.88,1.13,30.49,92.46,5
Sandy,125.17,71.83,150.89,6.82,0.4,0.32,32.91,72.87,4
Black,53.02,48.69,43.87,8.31,1.28,0.64,28.73,65.5,1
Sandy,45.98,42.14,51.25,6.52,0.39,0.32,26.33,49.54,4
Sandy,129.68,62.28,163.04,6.1,0.45,0.2,24.54,56.09,4
Silty,139.49,46.87,163.74,6.77,0.95,1.49,22.18,48.22,5
Loamy,50.38,56.56,161.6,6.45,1.04,0.35,21.28,58.66,3
Loamy,107.61,58.65,91.53,6.62,0.43,0.47,21.86,64.06,3
Alluvial,54.34,65.63,254.2,7.15,0.58,1.1,22.33,46.36,0
Loamy,95.44,17.12,16.09,6.09,0.97,0.21,31.08,81.45,3
Loamy,127.49,54.36,21.19,7.33,0.51,1.01,31.93,73.49,3
Clayey,72.62,18.4,61.75,7.9,0.63,1.35,26.1,63.57,2
Silty,101.32,31.89,258.75,7.49,0.91,1.42,34.88,44.65,5
Clayey,73.05,37.02,107.27,6.81,0.77,1.88,28.88,47.33,2
Loamy,10.05,78.96,118.9,6.26,1.15,1.41,21.19,83.91,3
Sandy,31.81,77.88,121.71,5.97,0.36,0.13,31.77,42.48,4
Sandy,19.57,74.35,48.51,6.77,0.26,0.08,29.46,73.45,4
Silty,50.74,43.34,104.08,6.04,0.76,0.37,20.3,49.47,5
Alluvial,134.94,45.58,231.34,6.32,1.19,0.42,23.76,88.02,0
Clayey,86.3,67.11,137.35,6.09,0.95,2.42,23.18,62.74,2
Loamy,105.87,43.58,11.38,6.11,0.85,0.65,22.68,53.72,3
Alluvial,56.53,13.02,245.84,6.65,0.89,0.3,31.17,82.96,0
Loamy,99.89,18.96,227.61,6.85,1.12,0.92,29.44,42.94,3
Silty,98.29,74.78,36.47,6.67,1.05,1.42,27.83,46.1,5
Black,5.46,7.17,28.51,7.39,0.81,1.44,25.39,74.69,1
Alluvial,79.65,81.31,65.95,6.06,0.73,0.28,33.82,62.96,0
Black,90.26,5.62,271.55,8.04,0.88,0.84,34.37,60.0,1
Loamy,56.99,9.32,149.15,6.99,0.63,1.36,25.05,46.38,3
Silty,56.08,65.37,170.7,7.33,0.84,0.93,21.5,46.7,5
Silty,91.3,51.71,26.05,7.34,0.91,0.32,18.13,67.19,5
Sandy,66.8,10.89,136.51,6.38,0.45,0.16,28.54,82.06,4
Black,110.38,74.25,219.63,7.46,1.885,1.15,29.99,68.58,1
Alluvial,135.82,24.81,267.94,7.23,0.57,0.34,26.59,89.81,0
Loamy,70.44,39.81,236.7,7.41,0.97,0.38,22.17,75.12,3
Loamy,106.44,13.38,76.88,6.26,1.17,0.92,30.65,62.14,3
Silty,14.37,19.8,142.56,6.5,0.77,1.32,25.92,88.57,5
Loamy,125.4,13.3,193.02,7.39,0.57,1.32,27.02,84.43,3
Clayey,8.6,70.53,236.98,6.33,0.61,1.13,18.11,59.33,2
Silty,12.13,39.41,50.24,6.87,0.41,1.14,35.42,53.31,5
Clayey,102.01,35.31,225.39,6.63,1.07,0.84,25.46,46.26,2
Sandy,113.35,23.41,196.13,6.99,0.46,0.1,35.49,83.95,4
Silty,54.88,15.49,173.54,6.29,0.77,0.52,21.53,86.84,5
Loamy,103.58,8.06,247.86,6.48,0.96,0.5,33.25,47.37,3
Sandy,3.07,32.51,250.17,6.83,0.15,0.14,26.85,67.99,4
Alluvial,54.94,43.58,176.77,6.12,0.44,1.09,33.28,43.9,0
Alluvial,71.53,14.78,18.45,6.55,0.79,0.9,21.45,91.42,0
Alluvial,110.85,29.0,174.82,6.74,0.98,0.14,23.24,51.78,0
Loamy,50.54,47.19,20.12,6.57,0.48,0.8,34.74,67.15,3
Silty,98.75,46.2,224.23,6.91,0.92,0.32,25.77,59.43,5
Silty,63.11,31.1,10.33,7.04,0.94,0.61,33.55,44.93,5
Black,128.42,12.36,186.15,8.3,1.1,1.41,37.79,72.28,1
Silty,131.49,66.42,240.65,6.92,0.49,0.75,26.24,57.52,5
Black,96.03,70.08,72.98,8.34,1.34,0.42,29.13,90.94,1
Sandy,17.88,85.89,89.88,6.32,0.26,0.29,29.25,43.34,4
Alluvial,7.44,89.69,19.16,7.2,0.69,0.18,37.13,85.83,0
Alluvial,90.04,41.68,185.83,6.36,1.16,0.65,37.88,70.33,0
Loamy,70.74,5.47,34.52,6.24,1.13,0.93,19.42,82.04,3
Black,10.09,67.65,17.63,7.97,1.8,1.13,32.08,54.46,1
Silty,73.44,70.67,132.99,6.66,1.12,1.05,34.31,86.84,5
Silty,118.92,38.73,168.8,7.47,0.54,1.27,31.39,50.61,5
Black,135.42,3.25,133.78,7.69,1.18,1.49,21.57,54.06,1
Alluvial,65.89,2.18,156.76,7.2,1.19,0.29,34.95,49.38,0
Loamy,12.76,64.94,259.26,6.42,0.9,0.56,33.14,74.07,3
Sandy,101.88,14.44,73.92,6.33,0.43,0.06,33.82,53.89,4
Black,84.27,7.16,132.04,8.14,1.39,0.5,30.57,85.82,1
Sandy,48.82,71.8,24.29,5.6,0.13,0.22,27.1,72.72,4
Black,85.24,42.73,112.17,7.93,1.45,0.66,20.89,80.6,1
Clayey,108.46,19.42,29.25,7.81,0.99,1.81,19.01,70.8,2
Alluvial,107.25,67.04,191.21,6.71,0.88,0.6,37.24,81.26,0
Black,13.54,51.16,260.1,8.26,1.17,0.91,35.7,84.24,1
Black,79.35,2.61,201.59,7.65,1.72,1.54,28.26,63.11,1
Black,62.68,9.14,93.07,8.37,1.73,1.39,33.65,68.67,1
Loamy,93.75,77.54,67.27,6.76,1.08,0.35,27.04,75.01,3
Clayey,124.93,10.75,107.73,7.97,1.27,2.26,26.07,77.29,2
Silty,6.87,86.4,162.25,6.35,0.51,0.11,30.93,83.78,5
Alluvial,84.7,10.17,71.54,7.25,1.13,1.03,36.54,41.82,0
Alluvial,108.98,71.37,154.93,6.56,0.61,0.67,21.33,87.77,0
Sandy,33.68,46.57,25.88,6.47,0.34,0.17,21.84,67.48,4
Black,11.5,51.97,119.18,7.86,1.71,0.62,25.53,60.19,1
Black,106.31,72.73,121.43,8.25,1.09,1.44,19.44,73.27,1
Loamy,76.56,79.67,131.0,6.1,1.05,1.27,28.3,50.08,3
Alluvial,12.22,11.58,135.62,7.41,0.48,0.92,32.97,93.63,0
Black,102.37,58.63,248.8,7.61,1.38,1.05,33.23,58.14,1
Black,116.79,41.82,126.1,7.9,1.3,1.74,20.5,56.49,1
Alluvial,122.11,78.3,129.09,6.78,1.06,0.23,32.82,93.11,0
Black,137.05,21.23,165.92,7.83,1.885,1.19,34.1,61.94,1
Loamy,128.59,55.33,96.96,6.35,0.73,0.26,36.87,82.59,3
Silty,129.32,25.89,30.24,7.42,0.52,1.27,25.43,59.52,5
Loamy,114.67,26.24,31.2,6.43,0.79,0.98,34.03,49.71,3
Loamy,74.56,42.5,259.52,6.15,0.64,0.16,31.68,41.44,3
Loamy,14.47,89.91,100.19,6.89,0.8,1.18,31.66,66.94,3
Loamy,114.48,47.51,88.3,6.87,0.45,1.43,37.91,93.21,3
Silty,122.47,2.44,247.42,6.91,1.17,0.72,30.17,72.04,5
Alluvial,114.68,23.69,215.61,6.47,1.07,1.5,26.62,73.29,0
Black,69.45,78.72,179.04,7.95,1.48,1.6,22.65,70.9,1
Alluvial,137.75,34.45,181.72,7.12,0.89,0.15,33.37,75.15,0
Alluvial,98.39,61.83,145.84,6.46,0.9,1.12,28.83,44.14,0
Silty,109.98,44.54,51.04,6.42,0.71,0.89,35.74,66.26,5
Clayey,98.84,59.06,193.94,6.52,1.17,0.99,33.37,90.74,2
Black,110.71,45.32,133.11,7.85,0.88,1.59,23.99,70.96,1
Loamy,9.89,62.2,207.99,6.48,1.12,0.94,21.23,94.89,3
Alluvial,104.72,55.94,124.16,7.4,0.41,0.1,33.97,52.11,0
Alluvial,110.64,70.07,267.67,6.39,1.15,0.81,19.47,69.7,0
Sandy,130.48,68.46,170.69,5.73,0.41,0.22,30.19,74.43,4
Black,8.09,53.08,197.42,7.29,0.83,0.64,36.37,80.66,1
Alluvial,114.43,3.27,209.42,6.02,0.65,1.31,28.15,44.61,0
Black,68.95,66.39,108.54,7.47,1.41,1.77,21.43,83.58,1
Silty,56.12,57.87,33.55,6.18,1.0,1.28,30.46,65.09,5
Sandy,57.9,38.71,64.41,6.23,0.3,0.06,24.1,83.52,4
Loamy,91.72,75.68,118.63,6.31,0.45,0.34,25.61,56.56,3
Black,80.48,20.99,84.9,7.96,1.3,1.31,19.15,82.06,1
Silty,87.3,51.23,142.82,7.42,0.5,0.85,27.15,51.79,5
Loamy,91.86,36.67,236.18,7.07,0.71,0.87,37.78,51.91,3
Silty,94.17,33.04,17.71,7.28,0.62,0.6,22.34,73.57,5
Silty,7.78,28.17,77.02,6.0,1.17,0.71,23.68,46.74,5
Loamy,132.26,43.39,233.25,7.46,0.99,1.02,21.69,51.68,3
Silty,118.51,29.42,19.15,7.46,0.42,0.94,23.95,81.45,5
Sandy,53.73,46.11,17.17,6.4,0.22,0.06,21.57,61.31,4
Silty,133.52,11.9,81.84,7.04,0.73,1.21,32.04,72.19,5
Loamy,82.21,13.96,148.07,6.77,0.43,0.68,37.51,43.97,3
Clayey,107.64,54.51,49.23,6.85,1.38,2.44,18.82,82.54,2
Sandy,95.96,45.59,52.93,5.8,0.44,0.2,31.25,84.66,4
Alluvial,56.81,80.05,198.03,6.23,1.16,0.4,20.33,82.11,0
Clayey,5.79,71.96,255.82,6.82,0.77,1.97,26.55,45.27,2
Loamy,68.71,5.44,129.48,6.3,1.16,1.36,33.95,77.78,3
Sandy,115.21,14.37,115.47,5.76,0.4,0.09,36.36,71.59,4
Loamy,125.77,74.18,14.75,6.28,1.19,0.35,19.43,45.18,3
Loamy,133.07,49.21,132.99,7.33,1.15,0.46,23.56,84.41,3
Alluvial,82.31,80.62,96.12,6.63,1.08,0.13,37.97,51.0,0
Sandy,86.65,51.09,144.09,6.93,0.49,0.36,37.75,41.92,4
Clayey,123.39,32.07,48.25,6.62,0.87,2.4,34.25,64.75,2
Sandy,44.03,16.79,199.18,7.13,0.36,0.36,29.1,43.54,4
Alluvial,13.22,9.3,153.58,6.81,1.03,1.41,31.73,50.4,0
Silty,135.15,82.9,222.43,6.79,0.55,1.06,21.7,51.76,5
Loamy,112.68,64.26,156.26,7.44,0.53,0.41,28.75,55.96,3
Loamy,118.37,9.37,32.04,6.29,0.57,0.78,33.1,76.28,3
Clayey,130.03,52.33,60.53,6.89,1.04,1.88,28.61,71.76,2
Black,63.99,25.5,47.05,8.21,1.61,1.64,30.43,64.22,1
Alluvial,64.08,23.7,22.97,6.45,0.48,0.73,18.51,43.56,0
Clayey,96.7,6.83,113.55,6.5,1.47,2.2,33.19,76.21,2
Black,50.19,88.2,12.44,7.21,1.76,1.39,23.65,80.27,1
Loamy,128.62,2.32,119.62,7.38,0.75,1.13,36.54,77.6,3
Clayey,106.36,45.21,241.31,7.67,0.81,0.58,34.48,57.85,2
Black,6.66,9.35,69.68,7.37,1.34,0.84,21.49,41.61,1
Alluvial,55.13,47.44,39.71,6.84,0.45,1.15,25.09,59.98,0
Loamy,107.52,40.03,77.99,6.83,0.96,0.92,34.13,61.14,3
Silty,54.81,11.79,34.49,6.35,0.54,0.48,27.97,89.2,5
Sandy,11.47,64.61,37.23,6.14,0.39,0.4,29.37,72.86,4
Clayey,58.85,65.41,31.38,6.89,1.29,2.34,37.61,84.74,2
Alluvial,76.08,60.62,211.71,6.22,0.83,0.64,30.29,93.12,0
Black,86.11,30.75,156.99,8.41,1.68,1.5,37.87,89.62,1
Alluvial,74.14,6.76,151.37,6.6,0.44,1.13,24.98,75.69,0
Black,112.77,73.76,129.21,7.25,1.76,1.56,28.86,54.58,1
Silty,71.8,7.06,93.55,7.26,0.59,0.78,20.84,91.88,5
Alluvial,132.11,33.68,50.35,6.84,1.05,0.38,29.05,49.48,0
Loamy,136.53,75.23,166.78,7.39,1.07,0.98,34.71,60.46,3
Black,111.99,65.76,115.14,8.21,1.83,1.37,37.32,75.13,1
Black,56.27,59.75,264.66,7.35,1.77,1.42,21.5,70.2,1
Sandy,80.67,88.88,25.21,5.76,0.43,0.38,31.4,88.63,4
Loamy,88.68,70.08,34.95,6.55,0.73,0.27,25.72,64.63,3
Alluvial,138.78,47.33,84.66,6.19,0.87,1.47,36.87,65.77,0
Sandy,11.28,87.16,154.53,6.64,0.3,0.14,19.24,70.75,4
Black,135.77,58.03,185.39,8.4,1.44,1.63,24.21,88.69,1
Sandy,55.14,87.73,96.74,5.83,0.13,0.1,27.97,83.55,4
Alluvial,87.71,52.1,138.62,6.77,0.79,1.11,18.74,77.44,0
Alluvial,65.87,67.09,177.98,6.86,0.93,1.45,26.73,48.08,0
Sandy,57.92,3.45,163.16,7.06,0.28,0.06,24.5,58.84,4
Alluvial,60.3,6.28,279.17,7.06,1.07,0.94,26.67,59.74,0
Silty,135.68,59.91,127.21,7.18,0.43,0.68,33.4,67.79,5
Silty,55.86,59.03,240.2,6.41,0.9,0.43,25.57,51.48,5
Silty,5.57,76.54,33.08,6.62,0.94,0.76,20.42,68.18,5
Clayey,117.21,79.89,175.61,7.39,1.14,0.74,24.64,86.84,2
Silty,88.58,19.97,174.53,6.24,0.78,1.42,26.06,43.35,5
Black,53.97,30.26,94.83,7.67,1.885,0.82,32.32,67.82,1
Silty,102.99,14.28,178.68,6.34,0.91,1.23,22.07,76.8,5
Loamy,5.13,67.36,79.0,7.4,0.87,0.86,36.94,58.97,3
Silty,65.55,67.1,107.28,6.44,0.45,1.17,30.01,62.98,5
Silty,54.2,49.63,214.98,7.48,0.43,1.23,27.53,72.61,5
Loamy,64.05,44.63,11.67,6.9,0.64,0.73,28.21,71.6,3
Loamy,112.31,62.46,94.64,7.13,1.01,1.4,37.15,69.81,3
Loamy,122.32,6.26,23.97,6.62,0.74,1.24,29.78,78.47,3
Clayey,87.18,45.61,247.05,7.3,1.19,1.53,27.52,83.66,2
Alluvial,60.68,61.39,112.87,7.31,0.62,0.36,21.76,50.15,0
Loamy,123.55,26.2,39.55,7.23,0.45,0.22,19.26,64.94,3
Black,12.53,23.16,134.63,7.57,1.885,1.53,18.06,42.25,1
Clayey,118.07,64.34,54.39,7.55,0.74,2.43,27.31,75.83,2
Clayey,86.61,63.78,279.27,6.56,1.39,0.51,25.42,92.18,2
Clayey,107.65,17.65,271.57,8.13,1.3,1.17,32.88,78.26,2
Loamy,109.45,6.36,197.47,6.43,0.95,0.13,23.32,67.93,3
Loamy,101.3,55.76,91.17,6.73,0.69,0.95,20.22,68.7,3
Silty,84.34,61.33,244.43,6.72,0.59,0.91,24.75,66.74,5
Alluvial,2.8,16.27,150.95,6.32,0.47,1.05,18.66,86.51,0
Alluvial,9.22,89.24,25.74,7.08,0.9,0.29,32.28,55.26,0
Alluvial,83.72,40.33,27.88,7.41,0.95,0.76,29.72,69.56,0
Black,51.55,29.15,245.72,8.33,1.63,1.61,31.34,74.74,1
Silty,131.7,50.59,88.69,7.22,1.1,1.01,31.87,70.99,5
Alluvial,82.86,45.1,10.93,6.87,0.63,0.51,19.12,76.59,0
Loamy,63.14,44.2,180.52,6.87,1.1,1.47,25.42,51.28,3
Black,97.87,14.85,200.79,7.62,1.73,0.48,25.69,61.84,1
Clayey,110.02,82.49,47.29,6.57,1.23,1.66,26.86,48.21,2
Silty,9.88,9.02,203.51,7.16,0.77,0.31,21.94,93.4,5
Black,50.43,25.96,267.45,7.98,1.29,1.17,28.17,78.7,1
Alluvial,106.14,40.46,80.46,6.39,0.77,0.56,33.17,79.81,0
Loamy,125.68,53.2,147.72,6.94,0.92,0.37,37.87,41.23,3
Loamy,80.28,48.39,128.47,6.41,0.66,0.2,28.42,50.78,3
Silty,68.05,87.33,276.85,7.29,0.65,0.35,31.94,67.61,5
Black,87.55,16.29,130.79,8.14,1.39,1.36,20.44,43.97,1
Black,133.09,12.89,271.21,7.94,1.4,0.74,32.89,77.74,1
Black,120.95,38.18,28.33,7.92,0.93,1.43,24.25,80.59,1
Sandy,26.51,82.91,103.93,5.81,0.29,0.25,30.71,47.53,4
Black,132.81,4.11,36.88,8.21,1.885,0.98,32.16,71.79,1
Sandy,10.26,35.85,113.0,6.62,0.14,0.28,34.93,93.82,4
Clayey,92.59,31.95,33.42,6.4,1.14,1.62,30.56,60.77,2
Black,120.37,34.27,64.46,7.27,1.75,1.55,28.44,71.37,1
Alluvial,90.47,5.47,213.61,6.15,0.44,0.73,35.99,49.32,0
Loamy,79.61,59.84,74.65,7.19,0.63,1.12,33.82,55.47,3
Silty,56.79,81.12,197.49,6.26,1.12,0.86,22.41,79.85,5
Clayey,116.14,62.06,223.96,6.08,0.68,1.37,37.97,91.34,2
Black,125.73,48.21,18.23,7.93,1.885,0.97,23.16,43.95,1
Black,82.66,86.12,168.14,7.73,1.21,1.48,21.85,65.97,1
Sandy,23.91,86.83,205.49,6.29,0.36,0.17,25.85,50.08,4
Loamy,58.4,27.22,205.94,6.72,0.49,1.44,19.63,63.82,3
Loamy,98.5,23.56,199.96,6.2,0.88,0.56,18.65,68.07,3
Alluvial,81.15,5.16,51.94,6.02,1.11,0.92,21.58,66.64,0
Sandy,54.74,43.57,140.27,6.16,0.34,0.07,19.36,73.3,4
Silty,80.17,39.91,116.34,6.17,1.16,0.75,31.86,59.0,5
Alluvial,93.01,28.77,275.4,7.36,0.69,0.49,22.93,81.97,0
Loamy,86.81,3.15,46.28,6.41,0.7,0.6,28.83,64.98,3
Silty,132.75,75.26,176.83,6.15,0.87,1.4,20.61,84.69,5
Silty,115.95,2.53,208.57,6.59,0.55,1.28,24.87,91.64,5
Alluvial,67.71,40.33,187.17,6.85,0.62,0.42,23.7,60.65,0
Loamy,132.82,5.61,146.96,6.87,0.42,1.36,36.33,60.1,3
Loamy,126.34,55.93,219.63,6.25,1.12,0.86,31.17,43.36,3
Clayey,72.64,13.19,125.07,7.22,0.68,1.27,27.22,89.76,2
Alluvial,12.05,27.01,61.02,6.27,0.4,0.21,30.33,75.85,0
Loamy,61.99,63.46,130.39,6.49,0.84,0.32,37.73,75.96,3
Black,61.75,33.56,191.03,8.41,1.86,0.84,21.41,94.4,1
Silty,53.73,53.57,138.99,6.14,0.93,0.24,24.15,68.99,5
Clayey,119.88,68.06,227.62,7.68,0.71,1.01,29.96,55.88,2
Loamy,120.12,76.56,202.04,7.31,1.18,0.68,24.98,53.42,3
Clayey,139.59,22.54,240.03,6.34,1.41,2.29,29.74,77.31,2
Alluvial,137.87,27.59,237.32,6.99,1.09,1.49,21.38,68.38,0
Silty,114.82,55.98,144.33,7.34,0.9,1.31,26.99,63.38,5
Sandy,12.22,72.91,157.79,6.98,0.14,0.35,20.48,61.89,4
Silty,81.42,46.6,31.1,7.09,0.91,0.28,32.17,60.69,5
Silty,119.91,17.2,252.71,6.08,0.62,0.7,35.35,93.41,5
Silty,137.27,30.77,175.58,7.38,0.84,0.84,27.29,70.07,5
Sandy,24.28,79.93,191.25,6.77,0.13,0.16,27.36,69.73,4
Sandy,6.51,68.82,272.64,5.92,0.46,0.09,35.88,79.78,4
Black,53.48,59.11,88.28,8.37,0.91,1.13,37.81,43.58,1
Clayey,66.8,68.07,234.3,6.77,0.77,2.1,27.25,60.84,2
Loamy,124.55,74.9,31.18,7.4,0.7,0.5,31.72,52.67,3
Loamy,92.52,67.31,254.89,6.96,1.0,0.89,19.02,45.9,3
Loamy,118.24,73.68,24.27,7.44,0.68,0.81,24.5,45.84,3
Loamy,10.61,4.24,148.64,6.48,0.54,0.18,23.83,71.37,3
Sandy,29.6,24.56,33.85,5.79,0.23,0.15,35.15,42.9,4
Alluvial,97.67,7.56,117.83,7.4,0.69,0.35,29.13,50.46,0
Sandy,78.42,16.23,128.85,5.85,0.43,0.06,32.88,51.68,4
Alluvial,73.9,8.58,34.86,7.29,0.6,1.12,19.55,93.04,0
Black,92.54,34.36,217.33,7.59,0.98,1.7,22.22,67.18,1
Alluvial,101.98,85.16,32.31,7.03,0.49,1.19,19.87,93.99,0
Loamy,4.06,4.05,172.79,7.33,0.59,0.12,26.51,40.43,3
Sandy,49.37,60.73,20.75,5.86,0.39,0.1,37.19,81.94,4
Loamy,6.65,35.41,99.76,7.33,1.03,0.68,35.3,67.93,3
Black,126.51,60.35,105.18,7.52,1.08,1.27,25.88,60.64,1
Loamy,108.14,7.81,38.8,6.03,0.7,0.19,19.37,50.96,3
Clayey,113.95,13.82,99.51,6.01,1.35,1.34,27.86,45.46,2
Loamy,117.55,25.66,109.75,7.09,0.58,0.35,37.13,94.13,3
Black,102.1,26.84,268.32,8.01,1.885,1.68,33.11,61.02,1
Alluvial,81.46,55.85,91.9,6.19,0.84,0.9,28.08,70.64,0
Alluvial,65.31,65.03,203.82,7.46,1.08,0.78,32.38,45.55,0
Alluvial,70.35,17.81,144.76,6.26,0.98,0.84,29.9,71.95,0
Alluvial,87.59,5.63,153.76,6.59,1.14,1.4,33.98,41.99,0
Loamy,5.28,84.48,137.99,7.15,0.69,0.19,26.03,93.59,3
Alluvial,76.48,80.43,125.09,6.39,1.14,1.08,29.13,46.62,0
Silty,68.5,38.28,221.45,6.41,1.04,0.23,37.0,88.34,5
Alluvial,59.71,89.07,69.73,7.45,0.61,0.8,27.71,56.72,0
Alluvial,113.27,87.87,51.29,6.68,1.11,0.23,25.36,67.07,0
Clayey,55.55,69.79,141.99,6.44,1.2,0.84,35.76,59.92,2
Silty,106.74,89.28,173.51,6.48,1.06,0.88,24.3,53.4,5
Alluvial,125.53,87.37,261.86,7.16,1.19,1.48,30.44,80.4,0
Loamy,96.21,59.04,19.95,6.49,0.48,0.91,18.64,49.02,3
Black,98.4,29.11,10.63,8.1,1.62,1.19,33.67,86.98,1
Loamy,78.48,14.41,267.4,7.45,0.65,0.29,30.17,41.99,3
Loamy,109.0,79.01,82.5,7.1,0.55,0.62,32.97,42.17,3
Alluvial,117.13,38.77,278.13,6.3,0.84,1.09,37.58,83.92,0
Silty,54.17,31.51,148.05,7.2,0.87,1.26,36.66,43.44,5
Sandy,31.07,12.08,260.13,6.58,0.17,0.11,19.5,48.6,4
Clayey,58.0,23.16,42.42,6.92,1.37,0.94,30.82,69.33,2
Alluvial,64.72,67.64,111.32,6.12,1.14,0.7,33.71,81.24,0
Clayey,2.69,56.04,165.3,8.11,1.06,1.69,20.07,63.52,2
Alluvial,83.41,54.73,37.6,6.47,0.44,0.66,25.42,70.72,0
Clayey,86.18,66.92,101.63,6.19,0.69,0.97,18.07,70.64,2
Sandy,26.43,77.42,266.71,6.7,0.36,0.31,23.94,54.45,4
Black,54.83,49.34,14.68,7.27,1.37,0.45,18.07,74.79,1
Black,106.63,30.24,150.62,8.43,1.27,1.27,26.99,69.29,1
Clayey,61.51,66.65,184.79,6.72,0.72,1.1,24.33,94.62,2
Silty,121.61,52.74,101.33,6.18,1.02,1.38,36.42,40.96,5
Sandy,47.06,36.76,56.33,6.77,0.33,0.25,33.44,52.27,4
Loamy,125.47,20.93,231.56,7.48,0.84,0.52,20.4,53.63,3
Sandy,4.36,28.98,278.45,5.62,0.47,0.25,22.48,87.83,4
Alluvial,10.19,49.14,28.37,7.42,0.82,0.17,18.65,65.73,0
Loamy,70.71,89.7,103.54,6.48,1.17,0.26,25.76,86.62,3
Black,3.93,21.48,172.95,7.6,1.16,1.44,28.41,54.5,1
Sandy,55.65,82.68,34.73,6.01,0.29,0.22,31.0,44.09,4
Silty,130.83,9.44,65.85,7.11,0.83,0.91,26.07,48.55,5
Black,57.19,15.42,271.73,7.33,1.84,1.67,31.21,49.79,1
Loamy,7.82,84.24,264.16,6.24,0.75,0.65,30.83,61.34,3
Black,126.07,48.62,37.98,7.85,1.39,1.44,20.83,79.5,1
Alluvial,82.81,87.43,217.83,6.06,0.75,0.89,25.44,54.42,0
Loamy,3.39,18.58,91.45,6.45,0.77,1.42,33.45,62.21,3
Black,9.12,74.26,194.34,8.1,1.0,0.79,28.73,75.43,1
Sandy,20.38,17.13,53.75,6.49,0.32,0.36,37.0,85.23,4
Black,59.93,30.82,223.13,7.58,1.77,0.49,24.64,77.93,1
Clayey,76.46,27.73,184.32,6.72,0.68,0.78,26.59,77.67,2
Clayey,87.5,58.98,259.08,6.64,0.6,2.35,36.55,70.99,2
Silty,85.99,29.19,163.8,6.14,0.82,1.18,27.36,64.73,5
Loamy,71.82,29.85,89.71,6.31,0.88,0.13,23.43,54.45,3
Alluvial,80.03,6.43,23.58,7.1,0.83,0.95,27.16,48.0,0
Alluvial,51.28,43.98,259.15,7.32,1.18,0.12,31.17,72.08,0
Silty,133.17,35.77,188.45,6.06,0.5,0.69,35.41,85.01,5
Black,11.19,67.26,110.48,7.91,1.52,0.53,35.21,74.24,1
Sandy,35.73,25.52,24.39,7.06,0.31,0.26,18.98,52.21,4
Alluvial,85.83,12.62,134.52,7.12,1.17,0.98,28.22,67.1,0
Clayey,106.4,16.87,96.16,7.94,0.74,1.06,37.88,54.86,2
Loamy,130.35,2.99,110.81,7.07,1.16,0.13,28.41,87.72,3
Alluvial,98.58,29.17,262.07,7.02,0.57,0.22,26.08,62.16,0
Loamy,51.8,26.63,34.34,7.47,1.1,1.19,33.84,54.7,3
Clayey,123.24,17.95,211.86,7.49,1.2,2.44,22.1,43.95,2
Sandy,47.91,5.95,34.06,5.76,0.15,0.38,24.64,67.28,4
Alluvial,89.04,73.26,13.94,6.05,0.47,0.82,23.1,44.23,0
Loamy,136.13,55.41,113.27,7.07,1.06,0.58,33.99,63.67,3
Silty,115.38,47.85,237.64,6.27,0.83,1.48,26.08,56.66,5
Loamy,91.72,77.24,181.97,6.89,0.43,0.35,37.3,87.04,3
Loamy,132.79,42.41,179.01,6.62,0.46,0.84,31.84,41.05,3
Alluvial,89.06,41.21,208.59,6.53,0.54,1.32,23.19,43.76,0
Clayey,3.89,66.54,122.28,6.05,0.66,1.16,25.55,75.19,2
Clayey,106.76,78.42,259.0,6.79,0.98,2.35,36.99,76.3,2
Loamy,55.79,10.81,218.77,6.52,1.05,0.77,37.71,53.96,3
Silty,105.77,81.68,239.54,6.84,1.11,0.81,33.66,77.16,5
Loamy,65.89,23.89,228.82,7.27,0.79,1.29,33.71,52.39,3
Black,136.26,31.12,137.6,7.63,0.96,0.79,32.99,55.08,1
Clayey,139.29,65.87,109.84,7.75,1.13,1.0,24.98,41.68,2
Loamy,115.4,49.71,270.46,6.02,1.01,0.5,18.44,68.7,3
Loamy,6.84,27.03,36.61,6.6,1.03,0.58,34.12,53.78,3
Sandy,10.43,8.83,227.21,7.13,0.39,0.27,22.93,93.19,4
Alluvial,77.17,60.45,229.04,6.41,0.67,0.32,22.1,44.85,0
Sandy,8.86,62.84,233.84,6.97,0.44,0.09,24.09,92.48,4
Alluvial,129.42,80.58,174.8,7.45,0.89,0.77,26.74,75.85,0
Black,82.22,81.03,47.23,7.71,1.43,1.48,34.83,91.05,1
Sandy,25.98,8.2,107.72,5.55,0.22,0.39,23.64,60.39,4
Silty,99.88,14.94,202.1,7.01,0.45,1.34,29.96,79.95,5
Alluvial,127.51,17.86,277.55,6.3,0.57,0.98,30.22,41.26,0
Loamy,79.47,57.88,67.0,6.03,1.13,0.99,19.97,43.27,3
Clayey,119.6,56.18,152.91,7.43,1.29,2.16,23.2,42.94,2
Sandy,16.13,27.36,253.36,5.5,0.29,0.27,18.81,71.33,4
Sandy,38.37,86.54,238.92,6.55,0.29,0.3,30.18,69.63,4
Black,63.88,21.69,33.05,7.62,1.32,1.71,22.5,63.48,1
Black,50.38,69.28,30.02,7.58,0.92,1.66,24.1,82.81,1
Loamy,125.74,21.08,44.12,6.71,0.85,1.49,25.8,47.58,3
Sandy,53.07,23.75,274.35,5.58,0.43,0.27,19.71,80.64,4
Black,7.93,15.03,144.26,8.31,1.35,0.64,30.59,87.39,1
Black,59.46,18.05,168.98,7.59,1.81,1.65,24.11,54.49,1
Black,53.34,22.21,104.28,7.36,1.885,1.0,30.6,93.4,1
Clayey,93.8,70.61,180.28,6.02,1.04,2.29,27.95,70.45,2
Alluvial,11.47,21.19,78.79,6.89,0.57,1.3,30.6,45.81,0
Alluvial,126.16,12.38,15.77,6.18,0.96,0.17,23.44,72.91,0
Black,97.38,16.22,46.67,7.65,1.3,0.54,27.83,70.87,1
Sandy,24.25,42.19,252.33,5.89,0.35,0.06,19.93,43.62,4
Silty,114.9,59.07,158.46,6.54,0.85,0.67,20.56,72.21,5
Sandy,24.26,10.93,208.87,5.67,0.4,0.13,20.92,79.8,4
Sandy,35.86,74.35,105.7,7.12,0.26,0.26,32.29,45.46,4
Black,112.23,19.14,217.03,8.47,1.11,1.21,26.52,94.58,1
Black,93.02,34.89,83.46,7.59,0.89,0.58,36.5,41.79,1
Loamy,11.99,55.9,191.52,6.15,0.55,1.06,18.35,40.48,3
Silty,90.08,11.63,134.21,6.97,0.54,1.12,22.96,78.35,5
Loamy,87.15,87.28,265.02,7.0,0.7,1.05,35.51,63.97,3
Clayey,9.35,86.28,156.61,6.69,1.49,1.89,24.23,62.35,2
Loamy,72.93,61.78,31.44,6.34,1.03,0.19,21.98,64.72,3
Clayey,14.87,81.65,223.37,7.68,1.02,0.77,32.82,81.49,2
Alluvial,121.97,71.52,160.65,6.56,1.06,0.46,25.92,93.26,0
Alluvial,114.5,45.32,171.02,7.34,1.07,0.65,26.72,50.82,0
Loamy,100.56,9.01,86.62,6.54,1.14,1.14,27.49,52.19,3
Sandy,125.35,50.46,85.37,6.56,0.48,0.19,34.25,54.91,4
Alluvial,78.41,36.43,175.08,6.94,1.07,0.26,32.24,40.62,0
Black,128.34,68.69,253.25,8.06,1.14,0.45,36.59,64.73,1
Alluvial,73.13,2.83,215.91,7.11,0.41,0.91,24.76,63.58,0
Loamy,80.79,43.97,205.98,6.65,0.44,0.34,30.84,67.12,3
Alluvial,115.71,22.25,141.28,7.42,0.45,0.13,21.87,40.57,0
Clayey,124.97,23.44,102.49,6.42,0.9,1.54,29.55,46.78,2
Sandy,33.62,18.06,198.34,6.38,0.23,0.28,32.51,50.79,4
Alluvial,55.75,3.93,273.09,6.32,0.79,1.24,21.29,87.57,0
Sandy,91.46,7.02,43.85,6.75,0.46,0.1,27.42,55.7,4
Sandy,33.16,9.37,59.11,6.26,0.3,0.2,23.71,51.59,4
Alluvial,122.35,14.05,59.26,6.53,0.81,0.79,19.65,71.07,0
Loamy,103.77,7.75,33.56,6.14,1.01,0.59,19.81,81.05,3
Clayey,82.43,49.37,58.72,7.98,1.43,2.3,19.02,43.23,2
Black,50.28,11.24,144.65,8.26,1.86,1.41,31.07,83.67,1
Alluvial,76.47,48.92,212.46,6.58,1.2,0.67,18.95,85.96,0
Loamy,76.8,3.26,104.42,7.43,0.46,1.27,25.58,66.21,3
Silty,5.07,10.36,195.91,7.21,0.57,1.36,26.01,73.25,5
Alluvial,71.31,34.59,97.0,6.27,0.67,1.42,20.43,57.2,0
Alluvial,105.33,44.32,155.78,7.46,1.06,0.61,21.52,77.41,0
Black,10.61,58.96,225.38,7.66,1.61,0.84,32.52,73.6,1
Silty,122.98,53.49,23.54,7.39,0.51,0.91,35.93,59.86,5
Loamy,74.01,20.03,228.68,6.21,1.14,1.06,37.01,52.44,3
Sandy,53.1,55.29,30.65,6.81,0.36,0.3,32.22,48.19,4
Alluvial,5.48,3.99,183.32,6.95,0.93,1.09,21.7,43.31,0
Silty,89.14,61.29,240.86,7.29,0.73,0.16,30.15,80.53,5
Alluvial,106.12,50.28,220.16,7.45,1.06,1.48,23.23,59.38,0
Clayey,12.95,67.29,91.11,6.16,0.85,1.27,36.85,63.27,2
Clayey,88.96,46.08,133.33,7.17,1.24,0.89,21.51,61.45,2
Black,80.21,85.15,45.68,8.13,1.34,0.69,24.2,80.61,1
Sandy,26.06,69.78,15.1,5.81,0.24,0.28,37.84,84.53,4
Black,133.61,65.88,253.84,8.27,1.5,1.18,21.5,67.69,1
Sandy,40.56,10.06,96.97,7.14,0.31,0.15,37.99,93.61,4
Black,84.05,48.48,214.9,7.55,1.08,1.79,21.04,54.64,1
Black,134.21,33.65,15.3,7.73,1.74,1.21,35.51,74.45,1
Silty,61.81,9.22,243.65,6.21,1.03,0.87,20.83,84.47,5
Sandy,32.22,74.94,75.39,6.25,0.15,0.05,23.5,44.3,4
Alluvial,55.71,4.03,26.99,6.66,0.66,0.85,20.01,91.94,0
Silty,104.79,31.66,64.84,6.84,0.99,0.76,25.53,45.22,5
Alluvial,92.81,40.49,251.6,6.71,1.04,0.8,28.42,93.56,0
Loamy,69.92,56.9,225.11,7.21,0.51,0.6,22.48,62.11,3
Silty,119.57,11.26,124.06,6.48,1.17,1.04,35.91,54.48,5
Silty,119.84,3.76,10.22,7.45,0.69,1.13,24.03,55.6,5
Sandy,3.95,3.56,154.39,6.49,0.47,0.4,18.85,42.45,4
Loamy,10.54,88.42,232.68,6.33,0.93,0.65,26.28,60.66,3
Loamy,75.89,11.1,154.32,7.25,0.81,0.64,36.52,55.03,3
Clayey,78.15,27.42,114.54,6.89,0.75,1.23,18.36,78.68,2
Clayey,57.49,8.84,209.17,6.21,1.26,0.96,33.48,79.62,2
Clayey,91.77,29.13,50.71,6.55,1.06,1.22,34.92,72.61,2
Loamy,89.09,50.01,226.72,6.99,1.01,0.38,37.86,85.73,3
Loamy,69.73,69.53,146.19,6.39,1.12,0.17,18.3,82.54,3
Black,110.34,7.74,25.08,8.04,0.89,0.73,32.05,92.28,1
Clayey,9.27,13.16,221.48,6.07,1.39,1.83,21.42,42.51,2
Sandy,47.81,44.24,37.13,6.38,0.23,0.22,26.25,81.96,4
Silty,135.52,6.64,138.23,7.47,0.51,0.47,21.12,54.45,5
Loamy,84.7,60.0,150.88,6.82,1.06,1.42,34.83,85.81,3
Sandy,118.98,42.13,170.39,6.48,0.42,0.39,24.95,78.33,4
Silty,68.92,79.63,259.45,7.31,1.06,1.12,32.32,72.96,5
Silty,70.16,49.34,147.35,6.09,1.09,0.29,28.24,46.29,5
Black,101.47,8.74,149.84,7.3,0.86,1.28,26.38,72.5,1
Loamy,2.14,13.87,247.09,6.68,1.1,0.49,33.18,45.27,3
Alluvial,65.9,14.28,22.4,6.63,0.48,0.58,28.79,54.04,0
Black,58.76,4.78,59.06,7.8,1.2,0.55,31.52,82.49,1
Alluvial,75.32,26.56,245.67,6.23,0.75,1.03,30.96,65.77,0
Silty,70.2,56.14,277.69,6.5,0.93,1.21,32.2,77.49,5
Alluvial,129.34,84.18,207.02,6.09,1.04,0.46,33.4,40.39,0
Loamy,5.02,64.01,77.4,6.84,0.96,0.51,21.41,41.34,3
Black,99.75,18.44,90.8,7.9,0.94,1.38,33.6,65.5,1
Loamy,106.5,79.29,27.44,6.78,0.65,1.24,33.13,74.54,3
Alluvial,136.03,39.27,171.19,6.39,0.88,0.53,28.68,43.41,0
Sandy,77.06,40.06,20.21,7.08,0.42,0.2,22.54,40.48,4
Silty,11.07,38.51,163.18,6.15,1.05,0.24,27.71,86.92,5
Sandy,57.08,23.61,17.72,5.58,0.12,0.16,30.83,65.38,4
Sandy,9.14,15.05,41.55,5.66,0.22,0.06,34.24,42.27,4
Silty,131.71,7.29,173.47,6.07,0.46,0.8,26.56,68.03,5
Silty,60.73,46.82,130.67,6.36,0.99,0.93,31.49,49.35,5
Loamy,76.47,86.14,234.18,6.92,0.55,0.36,21.22,85.87,3
Alluvial,106.49,42.17,68.09,6.92,0.74,0.89,19.41,89.83,0
Silty,99.67,38.4,28.84,7.21,0.62,0.75,29.24,72.91,5
Silty,95.89,34.68,135.68,6.47,0.62,0.77,36.3,90.41,5
Loamy,120.03,76.24,73.2,7.43,1.15,0.27,31.39,84.94,3
Black,92.91,61.04,53.91,7.26,1.885,1.36,31.3,49.75,1
Black,63.74,13.67,36.5,8.3,1.17,1.32,29.02,85.52,1
Alluvial,7.4,89.88,234.31,6.68,0.68,0.38,26.69,80.88,0
Loamy,128.2,48.64,112.59,6.43,0.45,1.08,33.18,62.96,3
Loamy,133.74,21.86,82.91,6.03,0.93,1.44,34.35,62.02,3
Loamy,132.98,36.3,57.78,6.56,0.97,1.13,36.9,69.74,3
Silty,100.16,33.35,270.24,6.15,0.54,0.2,35.05,84.18,5
Sandy,6.71,45.48,131.39,5.58,0.31,0.05,34.47,78.67,4
Clayey,131.2,31.13,174.42,7.37,1.35,1.96,18.63,89.06,2
Alluvial,14.18,77.86,194.23,7.34,0.52,1.2,31.13,71.88,0
Alluvial,113.56,22.4,27.31,6.68,1.2,0.52,32.56,93.59,0
Silty,127.85,59.12,136.65,7.29,0.94,0.38,34.49,65.57,5
Sandy,31.27,26.76,81.05,5.62,0.35,0.07,27.62,55.44,4
Alluvial,136.08,52.56,54.51,7.43,0.57,0.92,27.16,41.48,0
Silty,75.14,55.7,216.33,6.51,0.41,1.49,23.03,68.83,5
Black,66.39,48.72,196.17,7.98,1.55,1.72,25.48,70.4,1
Alluvial,100.67,16.98,62.92,6.93,0.77,0.64,19.03,92.39,0
Sandy,2.4,50.84,162.53,5.68,0.13,0.35,30.18,78.59,4
Loamy,99.56,28.47,39.27,6.49,0.67,1.26,21.34,89.47,3
Black,133.03,5.9,35.91,8.07,0.92,1.73,24.05,77.93,1
Black,76.42,77.32,276.71,8.08,0.89,0.86,23.62,59.86,1
Sandy,25.61,5.05,77.28,6.83,0.25,0.22,32.03,89.47,4
Sandy,28.26,14.43,218.44,6.04,0.33,0.24,30.09,93.7,4
Loamy,99.77,46.85,34.6,6.75,0.91,0.86,18.3,50.37,3
Loamy,14.37,23.31,51.61,6.66,1.14,1.14,22.39,69.27,3
Loamy,135.86,84.41,29.7,7.33,0.97,1.25,23.35,61.86,3
Loamy,101.25,42.24,166.36,6.13,0.92,0.26,22.78,70.62,3
Loamy,125.93,74.72,189.96,7.21,0.86,0.5,24.1,75.01,3
Sandy,2.18,64.93,263.02,6.71,0.39,0.34,26.35,92.35,4
Alluvial,130.89,63.38,266.72,6.28,1.07,1.48,24.36,53.34,0
Silty,4.04,15.98,15.87,6.3,0.44,1.45,20.36,75.41,5
Silty,10.72,13.41,203.91,7.29,1.18,0.73,18.78,70.4,5
Loamy,88.81,88.32,105.15,6.04,0.96,1.13,35.69,72.28,3
Clayey,124.25,80.01,29.75,6.21,1.34,1.87,37.52,45.11,2
Sandy,121.86,21.68,172.88,6.51,0.42,0.08,26.5,73.4,4
Black,127.5,44.88,168.8,8.11,0.93,0.76,22.13,83.51,1
Black,14.68,53.77,101.18,7.39,1.885,0.45,22.11,68.29,1
Loamy,95.77,23.27,270.66,6.78,1.14,1.01,36.29,92.38,3
Sandy,9.96,60.8,64.57,6.31,0.43,0.31,37.95,46.89,4
Black,66.14,76.66,40.51,7.73,1.42,1.79,35.7,46.08,1
Black,107.63,39.12,110.14,7.35,1.27,0.86,37.0,55.0,1
Clayey,86.45,62.39,107.68,8.18,0.79,1.21,25.39,72.87,2
Alluvial,12.87,50.89,77.25,6.85,0.61,0.19,36.71,56.89,0
Loamy,94.71,64.35,32.61,6.6,0.76,0.88,31.69,79.29,3
Clayey,55.59,11.69,271.04,8.2,1.1,1.78,26.81,73.68,2
Alluvial,85.78,63.24,128.92,6.42,1.08,0.28,22.78,41.82,0
Sandy,16.68,20.43,253.8,6.46,0.11,0.29,31.67,61.34,4
Alluvial,129.96,26.45,251.2,6.47,1.1,0.44,22.2,90.15,0
Loamy,11.57,70.55,31.36,7.25,0.67,1.1,26.53,49.29,3
Loamy,60.16,21.91,177.59,7.33,1.2,0.78,20.48,44.14,3
Loamy,126.39,39.07,106.58,7.47,0.58,0.92,34.39,70.2,3
Clayey,126.94,19.05,101.07,6.06,0.97,1.75,34.33,54.57,2
Sandy,18.29,7.87,75.6,7.11,0.34,0.28,24.29,61.45,4
Sandy,16.76,39.79,73.27,5.94,0.12,0.07,24.89,64.45,4
Sandy,112.63,6.96,258.5,6.78,0.48,0.21,28.89,87.07,4
Loamy,126.9,42.58,52.92,7.24,1.0,1.46,37.32,78.27,3
Alluvial,106.57,81.75,180.18,7.2,0.54,0.95,34.53,49.67,0
Sandy,39.69,56.23,130.81,5.84,0.26,0.33,32.1,41.57,4
Silty,6.55,5.7,132.19,7.06,0.71,1.22,25.02,47.96,5
Loamy,69.82,41.91,172.17,6.89,0.58,0.9,33.21,57.59,3
Loamy,8.73,84.87,21.82,7.37,0.58,1.27,33.19,59.18,3
Clayey,139.75,6.41,66.71,6.41,0.8,2.24,34.69,53.96,2
Loamy,131.9,7.91,24.58,6.25,0.4,0.17,27.58,77.73,3
Black,73.99,18.21,111.18,8.19,1.885,1.67,30.35,57.41,1
Silty,5.65,63.5,141.34,7.31,1.19,0.39,34.33,67.07,5
Sandy,3.17,80.98,237.72,5.61,0.12,0.28,25.35,80.97,4
Silty,110.41,89.17,221.99,6.71,0.83,0.19,37.91,67.39,5
Sandy,3.44,10.73,36.66,7.15,0.28,0.16,21.38,79.49,4
Clayey,130.89,85.34,78.93,6.87,1.24,2.01,36.22,79.2,2
Loamy,99.71,71.23,244.61,7.04,0.87,0.77,34.01,56.91,3
Sandy,29.88,86.11,153.17,6.33,0.34,0.13,27.69,83.7,4
Black,53.53,26.44,113.22,7.58,1.83,1.01,19.41,50.38,1
Loamy,86.84,8.33,213.49,6.38,1.11,0.57,27.54,84.99,3
Loamy,76.13,26.17,217.79,6.29,0.71,0.99,18.16,62.4,3
Silty,119.31,32.88,223.24,7.48,0.86,0.99,36.57,56.23,5
Sandy,39.79,66.1,36.95,6.83,0.17,0.21,28.89,57.36,4
Clayey,135.57,46.95,232.99,6.48,1.3,0.64,29.51,85.3,2
Loamy,55.55,44.25,259.58,6.42,0.83,1.34,26.79,55.27,3
Loamy,78.29,6.91,100.65,6.72,0.74,1.28,27.25,70.13,3
Black,94.52,52.36,37.55,7.33,1.74,1.52,32.34,60.17,1
Silty,77.67,43.45,183.56,6.36,1.11,0.71,33.38,53.35,5
Alluvial,60.16,18.64,109.1,7.29,0.79,0.88,26.26,60.56,0
Alluvial,53.85,70.0,209.41,7.36,0.44,0.18,19.46,50.32,0
Silty,120.97,42.02,279.91,6.35,0.9,1.28,19.83,70.43,5
Clayey,63.25,3.48,21.35,7.69,0.92,2.17,29.93,40.64,2
Clayey,128.39,87.03,24.22,6.34,1.25,0.88,36.03,84.82,2
Clayey,83.14,2.24,46.56,6.44,0.61,1.94,25.31,89.49,2
Clayey,78.61,35.67,63.27,8.1,1.03,1.15,22.45,81.83,2
Loamy,134.24,19.44,31.48,6.01,0.89,1.27,22.67,90.44,3
Black,115.08,22.75,234.89,7.55,0.95,0.89,30.24,66.54,1
Alluvial,77.63,88.41,131.77,6.38,1.13,0.65,36.24,43.25,0
Loamy,118.39,76.08,277.28,7.13,0.57,1.09,19.92,65.97,3
Alluvial,114.77,84.07,36.63,6.03,0.61,0.74,27.09,74.27,0
Loamy,88.94,3.89,144.51,6.23,0.9,0.72,24.85,74.64,3
Alluvial,61.66,4.82,33.85,7.01,0.41,1.16,29.63,61.84,0
Clayey,108.65,26.08,169.53,7.25,0.64,2.17,28.61,74.08,2
Sandy,28.07,18.99,39.29,6.25,0.3,0.28,21.85,47.6,4
Alluvial,104.23,53.7,125.37,7.06,0.44,1.09,37.01,84.03,0
Silty,6.98,23.74,241.06,6.78,0.66,0.38,28.16,46.02,5
Loamy,65.57,23.69,230.93,6.12,1.07,1.42,34.79,63.06,3
Black,77.75,46.1,107.73,7.9,0.93,1.67,29.02,55.01,1
Alluvial,125.53,37.58,107.93,6.37,0.87,0.65,27.26,55.29,0
Loamy,89.93,14.0,261.43,6.58,1.1,1.39,29.74,79.18,3
Sandy,7.41,10.39,74.77,5.85,0.42,0.13,20.37,64.96,4
Sandy,77.25,39.75,33.77,6.88,0.46,0.27,23.35,63.18,4
Loamy,13.93,44.75,101.33,6.93,0.97,0.32,37.97,90.75,3
Sandy,37.23,4.75,228.15,6.21,0.23,0.07,18.88,94.35,4
Alluvial,88.69,56.07,272.3,6.55,0.66,1.1,30.84,45.33,0
Silty,126.79,73.8,55.62,6.56,0.81,0.35,19.51,86.94,5
Loamy,8.9,75.44,227.23,7.32,0.7,1.27,26.99,41.48,3
Alluvial,64.95,18.02,37.82,7.29,0.78,1.25,19.31,79.95,0
Silty,119.64,10.66,156.2,6.96,0.97,1.12,28.48,53.16,5
Black,90.74,85.04,58.25,8.26,0.87,0.57,21.14,40.1,1
Sandy,49.33,45.29,78.4,6.8,0.39,0.11,30.6,86.94,4
Alluvial,123.7,50.75,91.7,6.16,0.49,0.51,18.36,68.82,0
Alluvial,94.4,70.26,12.01,6.19,0.67,0.65,35.34,66.22,0
Loamy,109.23,77.29,208.84,7.0,1.07,1.43,30.12,59.7,3
Sandy,17.8,81.29,75.39,6.84,0.11,0.27,26.46,69.0,4
Clayey,86.05,29.21,90.99,7.31,1.38,2.44,21.02,79.97,2
Black,113.8,75.54,185.41,7.55,1.43,0.57,36.89,75.91,1
Sandy,40.81,34.32,205.37,5.69,0.21,0.29,20.84,76.61,4
Silty,6.41,5.52,119.02,7.09,0.63,1.05,19.69,56.69,5
Alluvial,94.31,71.54,178.23,7.38,0.44,1.34,24.81,53.48,0
Silty,2.38,58.59,199.76,7.3,0.85,0.85,25.79,92.82,5
Alluvial,114.93,19.58,145.32,7.43,0.78,1.26,35.13,67.04,0
Loamy,71.21,32.85,162.57,6.21,0.53,0.69,36.24,61.21,3
Silty,89.74,86.91,131.71,7.34,1.11,1.48,20.27,58.75,5
Sandy,23.02,41.24,159.97,6.13,0.28,0.25,26.72,45.13,4
Loamy,76.59,54.02,14.54,6.69,1.07,0.4,18.7,89.74,3
Black,115.09,35.79,153.14,7.73,1.58,0.48,32.23,93.07,1
Alluvial,92.86,48.24,33.77,7.26,0.83,0.97,34.08,47.0,0
Sandy,57.72,5.16,33.97,7.06,0.38,0.25,22.19,68.47,4
Alluvial,101.83,18.33,124.28,6.55,0.92,0.22,37.1,49.13,0
Alluvial,124.44,46.26,68.06,6.26,0.93,0.88,33.92,47.34,0
Loamy,11.54,29.29,144.36,7.02,1.01,0.51,34.32,73.75,3
Loamy,72.78,87.66,216.76,7.05,0.55,0.1,23.91,48.74,3
Loamy,66.92,79.33,130.37,6.76,0.95,0.25,18.31,74.55,3
Clayey,114.84,85.0,239.38,7.47,1.37,1.67,36.55,58.88,2
Loamy,55.63,48.74,202.99,7.11,1.02,0.21,23.09,77.54,3
Loamy,12.1,8.74,34.99,7.38,1.07,0.74,34.15,45.1,3
Black,110.04,35.34,25.64,8.31,1.84,0.51,18.47,86.06,1
Black,115.35,57.49,35.64,7.4,1.75,1.23,33.24,85.74,1
Black,83.8,69.46,124.16,8.22,0.87,1.8,36.73,60.8,1
Alluvial,14.03,51.13,137.66,6.8,0.73,0.58,21.93,93.71,0
Black,92.88,75.18,219.25,7.34,0.96,1.17,20.65,92.86,1
Black,105.0,53.31,240.66,7.62,1.01,1.31,22.27,48.33,1
Alluvial,111.95,2.17,36.64,6.37,1.04,1.4,29.85,74.82,0
Loamy,76.35,71.76,249.27,6.51,0.81,0.42,23.97,60.72,3
Black,109.59,22.39,36.97,7.48,1.885,1.53,23.78,45.79,1
Loamy,91.72,69.01,254.48,6.32,1.19,0.23,32.58,82.42,3
Black,69.24,67.08,182.48,7.35,1.21,0.86,25.11,85.99,1
Loamy,65.22,34.02,56.06,7.17,0.94,1.15,21.79,82.81,3
Sandy,59.18,76.18,129.55,6.86,0.24,0.36,20.2,88.09,4
Black,87.75,55.05,230.3,8.17,1.6,0.56,23.06,62.71,1
Sandy,56.47,2.82,168.02,7.1,0.36,0.36,19.94,52.25,4
Black,123.1,82.39,216.4,8.27,0.87,0.98,22.89,78.63,1
Alluvial,69.14,5.16,266.8,6.19,0.78,1.23,19.66,80.89,0
Loamy,60.27,21.72,34.97,7.16,0.63,0.51,37.22,46.61,3
Alluvial,122.69,35.69,101.54,6.81,1.14,0.46,26.22,70.28,0
Alluvial,3.5,80.37,65.06,6.22,0.53,1.09,28.56,67.83,0
Alluvial,130.56,35.26,23.39,7.01,0.87,1.25,29.34,94.15,0
Silty,125.85,76.92,267.97,6.86,0.53,1.39,31.17,83.11,5
Black,122.15,48.76,19.58,7.33,0.82,0.82,30.04,43.87,1
Alluvial,6.1,38.31,24.09,7.17,1.17,1.36,20.75,94.98,0
Loamy,12.59,65.97,138.22,6.9,0.96,0.21,23.98,70.03,3
Black,10.65,75.62,168.36,8.0,1.885,1.39,24.68,93.37,1
Black,56.94,44.69,119.83,7.99,0.88,1.71,20.96,85.21,1
Alluvial,61.32,4.52,123.07,6.89,0.99,1.33,30.6,50.92,0
Loamy,79.12,78.93,214.2,6.91,1.2,1.5,30.32,89.95,3
Black,3.89,39.99,33.54,8.38,1.77,0.65,21.69,92.92,1
Clayey,93.41,22.51,16.03,7.99,1.03,1.52,24.12,54.6,2
Alluvial,121.7,36.44,123.7,6.81,0.53,1.37,35.17,76.14,0
Silty,93.67,49.68,42.98,6.13,0.97,1.05,33.11,40.11,5
Alluvial,56.5,7.36,207.22,6.31,0.54,1.12,29.6,53.44,0
Sandy,70.13,20.38,65.21,6.29,0.42,0.36,33.94,61.14,4
Sandy,62.62,9.45,10.24,5.55,0.44,0.33,30.87,70.95,4
Silty,59.82,4.74,241.67,6.24,0.46,1.32,33.84,53.26,5
Sandy,35.94,84.89,93.79,5.56,0.35,0.39,20.25,72.83,4
Black,115.86,18.51,148.11,7.47,0.83,1.58,36.58,44.1,1
Black,101.4,19.82,247.38,7.76,1.74,0.95,19.87,50.16,1
Alluvial,60.61,16.19,104.59,6.22,0.69,1.32,21.99,65.37,0
Loamy,7.93,9.83,136.05,6.9,0.58,1.12,34.29,44.06,3
Loamy,83.5,16.35,121.84,6.03,0.59,1.05,25.61,60.63,3
Alluvial,133.78,47.23,183.51,7.18,0.77,0.33,34.31,93.01,0
Sandy,113.49,4.59,230.96,5.7,0.41,0.08,21.69,91.52,4
Silty,79.32,83.91,242.8,6.42,1.16,0.12,27.2,57.47,5
Loamy,131.68,6.66,25.73,6.91,1.0,0.75,36.31,60.92,3
Sandy,42.02,46.19,158.81,7.19,0.17,0.28,34.91,91.65,4
Clayey,122.6,43.03,155.08,6.34,1.16,1.81,30.86,62.58,2
Loamy,14.91,57.95,205.67,7.19,0.73,0.22,21.82,47.22,3
Loamy,120.55,81.06,23.65,6.09,0.77,0.48,19.27,46.52,3
Alluvial,59.74,23.56,90.55,6.4,1.18,1.26,22.75,40.9,0
Loamy,115.34,5.41,140.34,6.16,0.41,0.41,27.84,83.13,3
Alluvial,113.75,16.81,165.75,6.44,1.1,1.2,35.42,86.34,0
Loamy,107.8,10.62,31.62,6.18,1.19,0.89,21.58,54.9,3
Loamy,9.94,47.74,157.8,6.94,0.94,0.45,32.57,67.91,3
Loamy,79.5,31.0,200.0,6.09,0.89,0.97,32.71,51.51,3
Loamy,74.63,35.53,31.62,7.41,0.88,0.84,23.97,53.8,3
Silty,68.46,7.83,219.05,6.53,0.98,0.44,22.8,60.22,5
Loamy,12.89,80.67,165.38,7.36,1.08,0.97,34.83,80.91,3
Alluvial,115.19,18.24,244.38,6.08,1.09,1.43,20.49,50.73,0
Loamy,68.64,80.42,159.68,7.31,0.83,0.27,30.28,54.15,3
Loamy,102.87,76.55,41.44,7.46,0.62,0.51,18.04,68.55,3
Sandy,13.6,43.45,207.89,6.2,0.31,0.09,24.47,57.22,4
Alluvial,110.99,36.39,77.88,6.43,1.19,1.17,33.47,51.53,0
Sandy,52.81,80.45,39.07,6.88,0.19,0.06,33.22,85.97,4
Alluvial,110.38,50.78,123.91,7.12,0.95,0.48,24.04,69.43,0
Alluvial,91.76,36.06,181.77,6.67,0.42,1.22,31.51,48.84,0
Silty,8.79,12.99,195.5,7.4,0.82,0.79,30.08,90.05,5
Sandy,99.64,54.9,251.29,6.58,0.43,0.24,22.19,64.13,4
Alluvial,67.98,87.56,107.44,6.0,1.13,0.6,30.27,79.97,0
Clayey,82.89,56.15,121.63,6.63,0.62,0.91,34.5,66.06,2
Loamy,51.62,8.77,220.26,6.15,0.95,0.84,25.69,84.27,3
Alluvial,58.91,58.58,196.3,7.31,0.97,1.5,30.62,71.24,0
Clayey,68.7,27.19,186.87,6.37,0.69,0.97,27.76,87.43,2
Loamy,131.15,3.05,49.63,6.8,0.94,0.26,24.79,66.3,3
Sandy,42.3,51.27,90.28,7.17,0.3,0.18,23.06,59.92,4
Silty,58.14,6.31,84.11,6.02,0.75,0.39,32.84,61.23,5
Black,59.71,22.86,196.7,8.2,1.13,0.59,22.79,93.3,1
Clayey,60.04,52.51,115.72,7.45,1.41,1.2,21.21,83.88,2
Loamy,2.11,54.64,122.87,6.45,0.74,0.91,32.7,58.75,3
Silty,112.85,5.39,246.76,7.38,0.65,0.88,24.61,50.88,5
Loamy,9.11,82.54,141.34,7.47,0.93,0.48,26.55,78.57,3
Sandy,133.18,24.11,51.42,7.06,0.49,0.34,20.54,48.94,4
Silty,80.25,62.26,82.78,6.67,0.96,1.42,33.32,62.77,5
Silty,88.17,8.32,136.73,6.54,0.62,1.31,35.0,43.82,5
Clayey,124.17,85.85,22.37,6.57,1.41,1.52,30.11,72.37,2
Alluvial,122.22,6.43,15.53,6.3,0.94,1.35,28.42,79.1,0
Sandy,75.22,21.06,160.86,5.56,0.42,0.24,20.03,87.83,4
Silty,69.82,58.28,246.47,7.11,0.52,0.28,29.86,93.57,5
Clayey,92.71,84.66,247.92,6.55,0.83,1.95,33.58,83.46,2
Black,137.06,38.26,143.23,7.69,0.84,0.55,34.29,90.52,1
Alluvial,87.48,20.27,163.17,6.6,0.45,1.44,37.58,53.92,0
Black,53.17,21.46,204.24,7.54,1.82,1.45,32.81,82.15,1
Loamy,76.38,44.42,177.98,6.1,1.18,0.74,21.04,68.33,3
Black,105.23,51.66,150.82,7.25,0.98,1.38,25.33,63.11,1
Black,50.35,37.05,66.25,8.34,1.73,1.45,25.82,71.66,1
Alluvial,80.08,26.44,110.88,6.68,1.17,0.37,21.79,88.25,0
Sandy,59.04,16.21,227.37,6.77,0.21,0.14,20.46,56.4,4
Alluvial,137.15,5.11,35.26,6.59,0.96,0.24,26.94,46.45,0
Clayey,122.7,59.04,106.59,6.16,0.64,2.05,30.28,67.87,2
Alluvial,56.71,11.68,133.25,6.25,0.85,0.92,24.61,71.23,0
Alluvial,5.17,28.23,79.12,6.84,0.49,0.46,30.73,90.03,0
Loamy,66.4,31.89,24.81,6.24,0.54,0.59,25.84,67.47,3
Loamy,120.72,56.52,32.24,6.31,1.15,1.41,23.95,54.49,3
Sandy,68.32,54.0,121.44,6.47,0.45,0.12,25.25,74.93,4
Clayey,9.84,51.34,209.91,7.89,1.19,2.12,21.52,86.87,2
Silty,55.93,56.3,112.22,7.41,0.54,0.86,31.39,92.41,5
Alluvial,123.13,35.08,246.77,6.49,1.09,1.22,23.11,71.47,0
Loamy,80.72,72.84,236.54,6.9,0.43,0.98,24.64,77.52,3
Sandy,13.2,74.97,140.52,5.66,0.25,0.05,29.77,91.91,4
Loamy,106.08,60.44,169.02,6.03,0.68,1.17,36.76,91.62,3
Alluvial,68.32,53.03,195.11,6.73,0.65,0.36,31.1,60.06,0
Alluvial,129.12,5.1,39.52,6.94,0.75,0.57,25.08,40.28,0
Black,123.94,64.75,32.46,8.04,1.75,0.98,18.87,71.34,1
Loamy,52.99,51.7,265.58,7.14,0.74,0.99,22.36,44.26,3
Silty,70.15,45.53,51.36,6.15,0.78,1.25,37.92,57.24,5
Black,10.07,53.35,66.47,8.03,1.7,1.73,24.7,83.41,1
Loamy,56.64,53.17,11.63,6.88,1.01,0.98,26.74,78.73,3
Loamy,128.09,34.51,13.08,7.16,1.2,0.28,37.05,92.53,3
Loamy,97.73,89.2,96.3,7.12,0.44,1.35,22.36,58.41,3
Loamy,73.69,89.78,95.32,6.28,0.89,0.96,27.34,61.19,3
Alluvial,130.58,29.84,267.26,6.26,0.67,1.08,18.34,77.5,0
Black,126.55,28.06,23.44,7.33,1.72,0.57,20.85,56.96,1
Sandy,32.44,50.63,245.06,5.68,0.14,0.28,37.15,68.17,4
Loamy,107.45,30.32,113.12,6.05,0.85,0.86,22.83,43.08,3
Loamy,59.08,29.17,30.99,7.41,0.88,1.17,28.82,62.47,3
Alluvial,84.37,56.9,128.59,6.64,0.51,1.49,22.69,74.6,0
Silty,51.21,3.38,246.27,6.53,1.07,0.15,34.3,84.62,5
Loamy,137.27,11.6,237.64,6.49,0.68,0.23,37.87,64.0,3
Loamy,58.22,16.78,119.4,7.23,1.1,1.42,32.1,40.68,3
Clayey,110.29,66.51,111.01,7.03,0.85,1.08,24.45,66.79,2
Silty,64.91,53.1,24.85,6.96,0.94,0.96,20.21,47.04,5
Alluvial,125.36,79.2,27.26,7.38,0.97,1.0,28.29,83.05,0
Loamy,92.83,77.33,22.66,6.78,0.82,1.01,29.69,46.31,3
Silty,124.57,5.84,239.23,7.03,0.49,0.41,30.11,84.56,5
Alluvial,53.89,12.78,73.75,6.49,0.9,0.72,26.98,62.96,0
Black,62.41,16.18,160.25,8.49,1.09,0.91,27.37,44.31,1
Black,88.86,25.29,267.71,7.89,0.92,1.74,26.95,46.48,1
Alluvial,122.36,18.91,237.65,7.36,1.05,0.4,28.84,84.88,0
Alluvial,62.99,80.88,163.27,6.21,0.66,0.33,27.39,78.75,0
Black,5.76,40.14,232.26,7.71,0.84,1.04,20.75,94.09,1
Silty,98.55,7.81,263.38,7.27,0.97,0.35,33.46,80.87,5
Alluvial,77.68,9.53,36.83,6.42,0.86,0.78,30.02,79.51,0
Loamy,12.08,10.73,193.12,6.72,0.49,1.19,34.58,55.86,3
Black,128.16,14.75,277.27,7.81,1.06,0.51,36.94,75.24,1
Sandy,73.2,17.65,154.66,5.93,0.45,0.15,24.55,68.71,4
Black,109.71,46.28,42.98,8.44,1.64,1.45,36.13,72.44,1
Silty,123.8,23.47,129.73,6.13,0.53,0.57,26.31,57.4,5
Alluvial,95.79,67.86,167.7,6.25,0.71,0.47,18.71,84.19,0
Silty,13.03,23.62,261.8,6.51,1.02,0.57,32.11,63.85,5
Alluvial,95.55,35.5,18.37,6.72,0.45,0.96,22.02,72.24,0
Silty,122.09,25.37,265.58,6.42,0.79,0.38,28.02,55.59,5
Clayey,55.65,60.17,234.39,6.5,1.19,2.12,34.69,69.3,2
Black,68.2,22.7,27.07,7.86,1.14,0.61,23.32,84.5,1
Black,116.77,84.62,249.78,8.38,1.67,0.66,28.99,48.37,1
Loamy,107.55,9.38,81.09,6.28,1.02,0.58,19.39,49.15,3
Black,7.31,21.3,19.12,8.2,1.4,1.15,29.46,58.17,1
Loamy,123.67,10.21,143.57,6.26,0.87,0.54,26.7,76.91,3
Clayey,138.48,6.65,124.36,8.02,1.27,1.99,36.09,87.34,2
Sandy,103.38,27.23,105.32,6.97,0.46,0.08,27.13,74.52,4
Loamy,84.97,47.7,181.14,7.27,1.01,1.39,27.51,56.33,3
Sandy,20.98,60.79,112.08,6.62,0.14,0.1,35.9,65.8,4
Alluvial,57.35,75.14,179.18,7.13,1.19,1.06,24.73,71.99,0
Loamy,84.17,14.27,17.0,6.87,1.07,0.21,28.93,79.34,3
Silty,83.05,3.34,35.34,6.39,0.7,1.22,31.23,60.05,5
Sandy,42.53,68.94,229.3,6.36,0.13,0.24,20.98,42.08,4
Loamy,52.87,25.59,219.77,6.61,0.52,0.99,30.62,93.81,3
Clayey,66.03,53.93,199.18,7.81,1.02,2.1,25.93,89.8,2
Clayey,52.53,71.18,183.17,7.29,1.35,2.01,19.61,46.52,2
Sandy,42.96,54.22,155.16,6.95,0.35,0.16,22.26,40.87,4
Sandy,46.23,72.89,24.28,5.93,0.28,0.1,19.2,90.45,4
Black,111.46,51.88,271.33,7.61,0.82,1.08,29.96,74.79,1
Silty,4.45,7.37,205.08,6.88,0.59,0.61,24.37,89.09,5
Loamy,2.64,78.82,89.72,6.84,0.9,0.97,33.17,71.31,3
Alluvial,58.93,56.7,189.38,7.39,1.14,1.1,20.52,59.04,0
Silty,107.69,4.46,164.18,7.41,0.5,1.39,34.33,59.69,5
Alluvial,121.42,2.37,73.71,6.64,0.59,1.3,28.04,61.12,0
Loamy,12.58,80.59,216.54,7.07,0.85,0.47,18.38,84.54,3
Loamy,110.94,77.0,265.74,6.72,0.64,0.95,21.03,74.44,3
Loamy,62.54,24.72,257.86,6.9,0.56,0.49,37.13,40.29,3
Loamy,107.7,35.86,160.74,6.44,0.41,1.28,34.17,49.97,3
Sandy,75.55,4.78,39.46,6.28,0.41,0.21,28.63,56.98,4
Loamy,63.56,88.68,258.78,7.0,0.44,0.83,37.86,59.82,3
Alluvial,129.65,81.34,51.37,7.09,0.76,1.42,35.94,66.93,0
Loamy,132.38,10.72,110.25,6.54,0.99,0.87,36.92,67.4,3
Loamy,99.28,7.6,176.31,6.12,0.69,0.93,35.57,55.74,3
Clayey,78.71,58.92,36.92,8.07,0.68,0.84,27.42,40.91,2
Loamy,93.42,32.53,87.94,7.31,0.46,0.66,25.1,94.67,3
Loamy,9.94,59.23,40.27,7.2,1.1,0.61,35.99,82.69,3
Sandy,11.37,33.96,229.36,6.39,0.19,0.21,34.85,58.15,4
Silty,5.76,12.18,208.71,6.22,1.19,0.94,26.87,40.6,5
Black,94.22,7.69,173.54,8.35,1.1,0.87,30.91,72.39,1
Loamy,132.87,2.08,35.52,6.38,0.89,1.45,33.74,92.52,3
Alluvial,114.84,84.81,217.42,6.52,0.96,0.97,35.35,53.04,0
Clayey,58.11,3.91,19.12,6.33,1.37,2.27,33.87,61.08,2
Loamy,89.56,49.75,223.75,6.49,0.66,0.84,34.86,50.58,3
Loamy,5.27,42.12,90.38,6.51,0.58,0.68,30.39,79.98,3
Alluvial,110.27,77.79,34.6,6.99,0.46,1.05,36.76,93.9,0
Loamy,70.34,48.66,244.62,6.33,1.05,0.54,22.33,71.37,3
Alluvial,90.75,16.34,16.84,7.3,1.05,1.49,18.59,59.95,0
Loamy,79.19,89.39,143.03,6.82,0.47,0.44,36.23,91.75,3
Clayey,108.51,76.11,59.18,6.24,0.66,1.29,19.34,62.33,2
Loamy,13.02,33.4,190.97,6.02,0.88,1.22,35.67,52.71,3
Alluvial,4.24,10.48,131.22,6.43,0.96,0.69,24.01,43.0,0
Black,73.82,77.01,50.56,7.26,1.66,0.69,24.89,40.44,1
Alluvial,59.79,47.64,187.94,6.07,1.18,1.13,23.81,77.11,0
Silty,3.95,22.45,26.66,6.94,0.48,0.59,19.34,66.09,5
Silty,84.55,57.27,225.83,6.63,0.86,1.17,30.75,50.24,5
Sandy,50.08,8.72,135.6,6.27,0.37,0.21,37.92,43.66,4
Silty,67.96,27.43,270.15,7.3,0.97,0.6,28.34,64.55,5
