Crop_Recommended,Soil_Health_Score,Soil_Health_Class,Nutrient_Deficiencies,Soil_Fertility_Status,Crop_Recommended_enc,Soil_Health_Class_enc,Nutrient_Deficiencies_enc,Soil_Fertility_Status_enc
Soybean,76.65,Good,"Nitrogen, Phosphorus",Infertile,6,1,1,1
Sugarcane,83.48,Excellent,Phosphorus,Moderately Fertile,7,0,5,2
Tomato,85.66,Excellent,None,Fertile,8,0,4,0
Potato,65.86,Good,Nitrogen,Moderately Fertile,4,1,0,2
Potato,58.2,Moderate,"Nitrogen, Phosphorus",Infertile,4,2,1,1
Potato,69.71,Good,Phosphorus,Moderately Fertile,4,1,5,2
Sugarcane,64.29,Good,"Nitrogen, Phosphorus",Infertile,7,1,1,1
Soybean,81.77,Excellent,Potassium,Moderately Fertile,6,0,7,2
Tomato,79.9,Good,None,Fertile,8,1,4,0
Tomato,82.95,Excellent,None,Fertile,8,0,4,0
Cotton,71.9,Good,Potassium,Moderately Fertile,0,1,7,2
Groundnut,81.47,Excellent,None,Fertile,1,0,4,0
Wheat,89.18,Excellent,None,Fertile,9,0,4,0
Jute,82.06,Excellent,None,Fertile,2,0,4,0
Wheat,70.35,Good,"Nitrogen, Potassium",Infertile,9,1,3,1
Tomato,68.31,Good,Nitrogen,Moderately Fertile,8,1,0,2
Groundnut,70.37,Good,Potassium,Moderately Fertile,1,1,7,2
Sugarcane,81.63,Excellent,None,Fertile,7,0,4,0
Tomato,81.2,Excellent,Potassium,Moderately Fertile,8,0,7,2
Soybean,60.75,Good,"Phosphorus, Potassium",Infertile,6,1,6,1
Soybean,56.09,Moderate,"Nitrogen, Phosphorus, Potassium",Infertile,6,2,2,1
Sugarcane,82.52,Excellent,None,Fertile,7,0,4,0
Soybean,79.51,Good,"Phosphorus, Potassium",Infertile,6,1,6,1
Soybean,73.91,Good,"Nitrogen, Potassium",Infertile,6,1,3,1
Jute,87.75,Excellent,None,Fertile,2,0,4,0
Sugarcane,86.52,Excellent,None,Fertile,7,0,4,0
Wheat,67.89,Good,"Phosphorus, Potassium",Infertile,9,1,6,1
Tomato,83.0,Excellent,None,Fertile,8,0,4,0
Maize,82.72,Excellent,None,Fertile,3,0,4,0
Wheat,82.46,Excellent,Nitrogen,Moderately Fertile,9,0,0,2
Sugarcane,65.3,Good,Phosphorus,Moderately Fertile,7,1,5,2
Rice,83.89,Excellent,Phosphorus,Moderately Fertile,5,0,5,2
Soybean,80.59,Excellent,Potassium,Moderately Fertile,6,0,7,2
Cotton,89.08,Excellent,None,Fertile,0,0,4,0
Sugarcane,76.52,Good,"Phosphorus, Potassium",Infertile,7,1,6,1
Jute,82.01,Excellent,None,Fertile,2,0,4,0
Rice,93.75,Excellent,None,Fertile,5,0,4,0
Sugarcane,52.67,Moderate,"Nitrogen, Phosphorus, Potassium",Infertile,7,2,2,1
Sugarcane,87.34,Excellent,Potassium,Moderately Fertile,7,0,7,2
Potato,69.3,Good,Nitrogen,Moderately Fertile,4,1,0,2
Soybean,74.99,Good,Nitrogen,Moderately Fertile,6,1,0,2
Soybean,87.42,Excellent,None,Fertile,6,0,4,0
Wheat,78.8,Good,Phosphorus,Moderately Fertile,9,1,5,2
Wheat,63.18,Good,"Phosphorus, Potassium",Infertile,9,1,6,1
Potato,79.44,Good,None,Fertile,4,1,4,0
Maize,60.83,Good,"Phosphorus, Potassium",Infertile,3,1,6,1
Soybean,78.81,Good,None,Fertile,6,1,4,0
Potato,61.02,Good,Nitrogen,Moderately Fertile,4,1,0,2
Potato,73.24,Good,None,Fertile,4,1,4,0
Tomato,72.32,Good,Nitrogen,Moderately Fertile,8,1,0,2
Cotton,77.93,Good,None,Fertile,0,1,4,0
Potato,65.0,Good,"Nitrogen, Phosphorus",Infertile,4,1,1,1
Potato,69.02,Good,None,Fertile,4,1,4,0
Wheat,79.45,Good,Nitrogen,Moderately Fertile,9,1,0,2
Cotton,91.42,Excellent,None,Fertile,0,0,4,0
Jute,77.31,Good,Phosphorus,Moderately Fertile,2,1,5,2
Jute,75.17,Good,Nitrogen,Moderately Fertile,2,1,0,2
Cotton,82.33,Excellent,Potassium,Moderately Fertile,0,0,7,2
Cotton,73.31,Good,Phosphorus,Moderately Fertile,0,1,5,2
Groundnut,69.12,Good,"Nitrogen, Potassium",Infertile,1,1,3,1
Jute,88.05,Excellent,None,Fertile,2,0,4,0
Potato,68.71,Good,None,Fertile,4,1,4,0
Wheat,86.18,Excellent,None,Fertile,9,0,4,0
Tomato,82.88,Excellent,None,Fertile,8,0,4,0
Cotton,62.06,Good,"Phosphorus, Potassium",Infertile,0,1,6,1
Sugarcane,79.41,Good,Potassium,Moderately Fertile,7,1,7,2
Potato,75.73,Good,None,Fertile,4,1,4,0
Maize,67.0,Good,"Nitrogen, Phosphorus",Infertile,3,1,1,1
Potato,75.59,Good,Phosphorus,Moderately Fertile,4,1,5,2
Sugarcane,75.48,Good,Phosphorus,Moderately Fertile,7,1,5,2
Rice,60.79,Good,"Phosphorus, Potassium",Infertile,5,1,6,1
Groundnut,81.63,Excellent,None,Fertile,1,0,4,0
Sugarcane,84.19,Excellent,Phosphorus,Moderately Fertile,7,0,5,2
Soybean,96.25,Excellent,None,Fertile,6,0,4,0
Potato,70.84,Good,Nitrogen,Moderately Fertile,4,1,0,2
Jute,79.15,Good,None,Fertile,2,1,4,0
Sugarcane,90.23,Excellent,None,Fertile,7,0,4,0
Sugarcane,89.62,Excellent,Phosphorus,Moderately Fertile,7,0,5,2
Potato,50.56,Moderate,"Nitrogen, Phosphorus, Potassium",Infertile,4,2,2,1
Sugarcane,82.71,Excellent,None,Fertile,7,0,4,0
Tomato,69.55,Good,Potassium,Moderately Fertile,8,1,7,2
Maize,59.7,Moderate,"Nitrogen, Potassium",Infertile,3,2,3,1
Wheat,78.39,Good,Potassium,Moderately Fertile,9,1,7,2
Soybean,74.32,Good,Potassium,Moderately Fertile,6,1,7,2
Rice,77.12,Good,Phosphorus,Moderately Fertile,5,1,5,2
Groundnut,90.11,Excellent,None,Fertile,1,0,4,0
Cotton,96.7,Excellent,None,Fertile,0,0,4,0
Tomato,66.34,Good,"Nitrogen, Potassium",Infertile,8,1,3,1
Cotton,80.69,Excellent,Potassium,Moderately Fertile,0,0,7,2
Tomato,54.3,Moderate,"Nitrogen, Potassium",Infertile,8,2,3,1
Cotton,81.62,Excellent,None,Fertile,0,0,4,0
Groundnut,68.65,Good,"Nitrogen, Potassium",Infertile,1,1,3,1
Potato,72.59,Good,None,Fertile,4,1,4,0
Jute,90.63,Excellent,None,Fertile,2,0,4,0
Soybean,88.6,Excellent,None,Fertile,6,0,4,0
Jute,83.27,Excellent,None,Fertile,2,0,4,0
Jute,81.62,Excellent,None,Fertile,2,0,4,0
Potato,86.88,Excellent,None,Fertile,4,0,4,0
Maize,58.76,Moderate,"Nitrogen, Phosphorus",Infertile,3,2,1,1
Soybean,71.88,Good,Potassium,Moderately Fertile,6,1,7,2
Jute,81.19,Excellent,None,Fertile,2,0,4,0
Sugarcane,70.53,Good,"Phosphorus, Potassium",Infertile,7,1,6,1
Sugarcane,82.88,Excellent,None,Fertile,7,0,4,0
Maize,78.18,Good,None,Fertile,3,1,4,0
Groundnut,82.03,Excellent,None,Fertile,1,0,4,0
Wheat,82.87,Excellent,Potassium,Moderately Fertile,9,0,7,2
Tomato,61.38,Good,"Nitrogen, Phosphorus",Infertile,8,1,1,1
Soybean,72.65,Good,Potassium,Moderately Fertile,6,1,7,2
Jute,87.55,Excellent,None,Fertile,2,0,4,0
Sugarcane,84.71,Excellent,Potassium,Moderately Fertile,7,0,7,2
Wheat,79.79,Good,Phosphorus,Moderately Fertile,9,1,5,2
Cotton,89.68,Excellent,None,Fertile,0,0,4,0
Jute,78.15,Good,Nitrogen,Moderately Fertile,2,1,0,2
Rice,67.66,Good,"Phosphorus, Potassium",Infertile,5,1,6,1
Soybean,79.38,Good,None,Fertile,6,1,4,0
Sugarcane,91.08,Excellent,None,Fertile,7,0,4,0
Wheat,79.33,Good,Phosphorus,Moderately Fertile,9,1,5,2
Tomato,80.35,Excellent,None,Fertile,8,0,4,0
Potato,67.78,Good,"Phosphorus, Potassium",Infertile,4,1,6,1
Maize,93.47,Excellent,None,Fertile,3,0,4,0
Jute,70.89,Good,Nitrogen,Moderately Fertile,2,1,0,2
Maize,88.17,Excellent,None,Fertile,3,0,4,0
Tomato,58.44,Moderate,Potassium,Moderately Fertile,8,2,7,2
Maize,73.1,Good,Potassium,Moderately Fertile,3,1,7,2
Wheat,65.84,Good,Phosphorus,Moderately Fertile,9,1,5,2
Wheat,81.44,Excellent,Potassium,Moderately Fertile,9,0,7,2
Sugarcane,70.7,Good,"Phosphorus, Potassium",Infertile,7,1,6,1
Maize,88.73,Excellent,None,Fertile,3,0,4,0
Rice,71.99,Good,Potassium,Moderately Fertile,5,1,7,2
Soybean,63.15,Good,"Phosphorus, Potassium",Infertile,6,1,6,1
Wheat,79.55,Good,Phosphorus,Moderately Fertile,9,1,5,2
Tomato,57.4,Moderate,"Nitrogen, Phosphorus",Infertile,8,2,1,1
Maize,78.84,Good,None,Fertile,3,1,4,0
Rice,83.27,Excellent,None,Fertile,5,0,4,0
Groundnut,89.39,Excellent,None,Fertile,1,0,4,0
Rice,78.51,Good,Potassium,Moderately Fertile,5,1,7,2
Potato,60.11,Good,"Phosphorus, Potassium",Infertile,4,1,6,1
Tomato,76.69,Good,Potassium,Moderately Fertile,8,1,7,2
Groundnut,56.69,Moderate,"Nitrogen, Potassium",Infertile,1,2,3,1
Maize,73.49,Good,Potassium,Moderately Fertile,3,1,7,2
Soybean,70.59,Good,Phosphorus,Moderately Fertile,6,1,5,2
Soybean,67.29,Good,Potassium,Moderately Fertile,6,1,7,2
Jute,75.29,Good,Potassium,Moderately Fertile,2,1,7,2
Tomato,69.2,Good,"Phosphorus, Potassium",Infertile,8,1,6,1
Tomato,57.1,Moderate,Nitrogen,Moderately Fertile,8,2,0,2
Potato,71.67,Good,Nitrogen,Moderately Fertile,4,1,0,2
Sugarcane,79.47,Good,None,Fertile,7,1,4,0
Rice,73.74,Good,Potassium,Moderately Fertile,5,1,7,2
Potato,72.84,Good,Potassium,Moderately Fertile,4,1,7,2
Groundnut,60.46,Good,"Phosphorus, Potassium",Infertile,1,1,6,1
Tomato,88.21,Excellent,None,Fertile,8,0,4,0
Potato,85.89,Excellent,Potassium,Moderately Fertile,4,0,7,2
Sugarcane,78.4,Good,None,Fertile,7,1,4,0
Soybean,83.92,Excellent,Phosphorus,Moderately Fertile,6,0,5,2
Tomato,77.79,Good,Nitrogen,Moderately Fertile,8,1,0,2
Wheat,70.8,Good,"Phosphorus, Potassium",Infertile,9,1,6,1
Groundnut,72.61,Good,Potassium,Moderately Fertile,1,1,7,2
Cotton,78.09,Good,Potassium,Moderately Fertile,0,1,7,2
Wheat,82.81,Excellent,None,Fertile,9,0,4,0
Cotton,59.54,Moderate,"Nitrogen, Phosphorus, Potassium",Infertile,0,2,2,1
Sugarcane,89.18,Excellent,None,Fertile,7,0,4,0
Wheat,88.49,Excellent,Potassium,Moderately Fertile,9,0,7,2
Rice,68.3,Good,Potassium,Moderately Fertile,5,1,7,2
Soybean,64.38,Good,Potassium,Moderately Fertile,6,1,7,2
Groundnut,84.21,Excellent,None,Fertile,1,0,4,0
Rice,86.53,Excellent,None,Fertile,5,0,4,0
Sugarcane,84.89,Excellent,None,Fertile,7,0,4,0
Rice,85.22,Excellent,None,Fertile,5,0,4,0
Cotton,84.48,Excellent,None,Fertile,0,0,4,0
Maize,66.11,Good,"Nitrogen, Potassium",Infertile,3,1,3,1
Jute,86.72,Excellent,None,Fertile,2,0,4,0
Maize,90.28,Excellent,None,Fertile,3,0,4,0
Sugarcane,92.42,Excellent,None,Fertile,7,0,4,0
Sugarcane,68.76,Good,"Nitrogen, Potassium",Infertile,7,1,3,1
Jute,83.91,Excellent,Phosphorus,Moderately Fertile,2,0,5,2
Cotton,91.17,Excellent,None,Fertile,0,0,4,0
Rice,72.7,Good,Potassium,Moderately Fertile,5,1,7,2
Maize,86.89,Excellent,None,Fertile,3,0,4,0
Groundnut,59.59,Moderate,"Nitrogen, Phosphorus",Infertile,1,2,1,1
Cotton,87.28,Excellent,None,Fertile,0,0,4,0
Soybean,73.74,Good,"Nitrogen, Potassium",Infertile,6,1,3,1
Maize,81.05,Excellent,None,Fertile,3,0,4,0
Maize,71.05,Good,Potassium,Moderately Fertile,3,1,7,2
Wheat,66.68,Good,"Phosphorus, Potassium",Infertile,9,1,6,1
Groundnut,75.84,Good,Phosphorus,Moderately Fertile,1,1,5,2
Potato,64.63,Good,Potassium,Moderately Fertile,4,1,7,2
Jute,69.36,Good,Nitrogen,Moderately Fertile,2,1,0,2
Maize,82.92,Excellent,None,Fertile,3,0,4,0
Groundnut,65.03,Good,Nitrogen,Moderately Fertile,1,1,0,2
Potato,81.92,Excellent,None,Fertile,4,0,4,0
Rice,72.61,Good,Phosphorus,Moderately Fertile,5,1,5,2
Tomato,81.78,Excellent,None,Fertile,8,0,4,0
Potato,71.04,Good,"Phosphorus, Potassium",Infertile,4,1,6,1
Sugarcane,69.25,Good,Phosphorus,Moderately Fertile,7,1,5,2
Jute,83.29,Excellent,None,Fertile,2,0,4,0
Sugarcane,80.21,Excellent,Nitrogen,Moderately Fertile,7,0,0,2
Potato,65.5,Good,Nitrogen,Moderately Fertile,4,1,0,2
Cotton,87.72,Excellent,None,Fertile,0,0,4,0
Cotton,90.67,Excellent,None,Fertile,0,0,4,0
Tomato,84.47,Excellent,None,Fertile,8,0,4,0
Wheat,71.35,Good,Nitrogen,Moderately Fertile,9,1,0,2
Jute,79.81,Good,None,Fertile,2,1,4,0
Sugarcane,79.39,Good,None,Fertile,7,1,4,0
Sugarcane,72.59,Good,Potassium,Moderately Fertile,7,1,7,2
Jute,75.82,Good,None,Fertile,2,1,4,0
Rice,86.73,Excellent,None,Fertile,5,0,4,0
Rice,80.18,Excellent,Nitrogen,Moderately Fertile,5,0,0,2
Sugarcane,83.39,Excellent,None,Fertile,7,0,4,0
Wheat,65.63,Good,Phosphorus,Moderately Fertile,9,1,5,2
Sugarcane,70.9,Good,"Phosphorus, Potassium",Infertile,7,1,6,1
Wheat,84.67,Excellent,Potassium,Moderately Fertile,9,0,7,2
Potato,68.19,Good,"Phosphorus, Potassium",Infertile,4,1,6,1
Cotton,93.5,Excellent,None,Fertile,0,0,4,0
Soybean,85.68,Excellent,None,Fertile,6,0,4,0
Soybean,77.79,Good,Potassium,Moderately Fertile,6,1,7,2
Cotton,84.02,Excellent,None,Fertile,0,0,4,0
Jute,71.64,Good,Potassium,Moderately Fertile,2,1,7,2
Rice,77.51,Good,Phosphorus,Moderately Fertile,5,1,5,2
Maize,86.22,Excellent,None,Fertile,3,0,4,0
Tomato,76.06,Good,"Phosphorus, Potassium",Infertile,8,1,6,1
Wheat,73.72,Good,Phosphorus,Moderately Fertile,9,1,5,2
Sugarcane,74.8,Good,Phosphorus,Moderately Fertile,7,1,5,2
Groundnut,61.23,Good,"Nitrogen, Potassium",Infertile,1,1,3,1
Jute,84.19,Excellent,Phosphorus,Moderately Fertile,2,0,5,2
Jute,62.37,Good,"Nitrogen, Phosphorus, Potassium",Infertile,2,1,2,1
Maize,82.49,Excellent,None,Fertile,3,0,4,0
Wheat,76.67,Good,Potassium,Moderately Fertile,9,1,7,2
Maize,85.37,Excellent,None,Fertile,3,0,4,0
Jute,68.96,Good,Potassium,Moderately Fertile,2,1,7,2
Rice,77.98,Good,Potassium,Moderately Fertile,5,1,7,2
Jute,79.38,Good,Potassium,Moderately Fertile,2,1,7,2
Soybean,83.54,Excellent,Potassium,Moderately Fertile,6,0,7,2
Soybean,64.66,Good,"Phosphorus, Potassium",Infertile,6,1,6,1
Wheat,82.28,Excellent,Potassium,Moderately Fertile,9,0,7,2
Wheat,71.38,Good,"Phosphorus, Potassium",Infertile,9,1,6,1
Soybean,83.35,Excellent,Phosphorus,Moderately Fertile,6,0,5,2
Tomato,82.43,Excellent,None,Fertile,8,0,4,0
Wheat,62.87,Good,"Phosphorus, Potassium",Infertile,9,1,6,1
Groundnut,65.62,Good,Phosphorus,Moderately Fertile,1,1,5,2
Maize,72.22,Good,Phosphorus,Moderately Fertile,3,1,5,2
Cotton,84.27,Excellent,None,Fertile,0,0,4,0
Jute,91.73,Excellent,None,Fertile,2,0,4,0
Rice,82.14,Excellent,None,Fertile,5,0,4,0
Sugarcane,87.37,Excellent,None,Fertile,7,0,4,0
Potato,71.65,Good,None,Fertile,4,1,4,0
Soybean,70.66,Good,Potassium,Moderately Fertile,6,1,7,2
Rice,74.73,Good,Potassium,Moderately Fertile,5,1,7,2
Jute,83.16,Excellent,None,Fertile,2,0,4,0
Maize,89.45,Excellent,None,Fertile,3,0,4,0
Groundnut,82.28,Excellent,Potassium,Moderately Fertile,1,0,7,2
Groundnut,68.93,Good,"Phosphorus, Potassium",Infertile,1,1,6,1
Jute,66.64,Good,"Nitrogen, Potassium",Infertile,2,1,3,1
Soybean,90.65,Excellent,None,Fertile,6,0,4,0
Soybean,68.23,Good,"Nitrogen, Phosphorus",Infertile,6,1,1,1
Cotton,81.1,Excellent,None,Fertile,0,0,4,0
Potato,70.05,Good,"Phosphorus, Potassium",Infertile,4,1,6,1
Sugarcane,79.43,Good,None,Fertile,7,1,4,0
Groundnut,51.04,Moderate,"Nitrogen, Phosphorus, Potassium",Infertile,1,2,2,1
Tomato,82.02,Excellent,Phosphorus,Moderately Fertile,8,0,5,2
Groundnut,74.49,Good,None,Fertile,1,1,4,0
Wheat,92.26,Excellent,None,Fertile,9,0,4,0
Sugarcane,68.91,Good,Nitrogen,Moderately Fertile,7,1,0,2
Rice,70.24,Good,Nitrogen,Moderately Fertile,5,1,0,2
Groundnut,90.8,Excellent,None,Fertile,1,0,4,0
Cotton,82.43,Excellent,None,Fertile,0,0,4,0
Tomato,72.01,Good,Phosphorus,Moderately Fertile,8,1,5,2
Potato,69.57,Good,Phosphorus,Moderately Fertile,4,1,5,2
Groundnut,70.16,Good,Nitrogen,Moderately Fertile,1,1,0,2
Wheat,77.15,Good,None,Fertile,9,1,4,0
Potato,60.96,Good,"Phosphorus, Potassium",Infertile,4,1,6,1
Wheat,77.8,Good,Potassium,Moderately Fertile,9,1,7,2
Maize,67.04,Good,"Nitrogen, Potassium",Infertile,3,1,3,1
Jute,72.26,Good,Phosphorus,Moderately Fertile,2,1,5,2
Potato,69.44,Good,Phosphorus,Moderately Fertile,4,1,5,2
Soybean,61.42,Good,"Nitrogen, Phosphorus, Potassium",Infertile,6,1,2,1
Sugarcane,58.07,Moderate,"Nitrogen, Phosphorus",Infertile,7,2,1,1
Groundnut,65.28,Good,Nitrogen,Moderately Fertile,1,1,0,2
Jute,73.6,Good,Nitrogen,Moderately Fertile,2,1,0,2
Rice,83.38,Excellent,None,Fertile,5,0,4,0
Sugarcane,70.27,Good,Potassium,Moderately Fertile,7,1,7,2
Tomato,87.94,Excellent,None,Fertile,8,0,4,0
Soybean,90.94,Excellent,None,Fertile,6,0,4,0
Potato,64.0,Good,"Phosphorus, Potassium",Infertile,4,1,6,1
Jute,69.56,Good,Potassium,Moderately Fertile,2,1,7,2
Maize,73.01,Good,Phosphorus,Moderately Fertile,3,1,5,2
Groundnut,58.07,Moderate,"Nitrogen, Potassium",Infertile,1,2,3,1
Tomato,77.62,Good,Potassium,Moderately Fertile,8,1,7,2
Potato,78.04,Good,Potassium,Moderately Fertile,4,1,7,2
Jute,75.94,Good,Potassium,Moderately Fertile,2,1,7,2
Cotton,81.55,Excellent,Potassium,Moderately Fertile,0,0,7,2
Soybean,79.79,Good,None,Fertile,6,1,4,0
Maize,79.32,Good,None,Fertile,3,1,4,0
Maize,66.15,Good,"Nitrogen, Phosphorus",Infertile,3,1,1,1
Rice,78.24,Good,Phosphorus,Moderately Fertile,5,1,5,2
Maize,72.32,Good,Potassium,Moderately Fertile,3,1,7,2
Groundnut,48.99625000000002,Moderate,"Nitrogen, Phosphorus",Infertile,1,2,1,1
Cotton,79.86,Good,Potassium,Moderately Fertile,0,1,7,2
Jute,90.55,Excellent,None,Fertile,2,0,4,0
Sugarcane,81.05,Excellent,Nitrogen,Moderately Fertile,7,0,0,2
Cotton,91.5,Excellent,Potassium,Moderately Fertile,0,0,7,2
Tomato,59.41,Moderate,"Nitrogen, Potassium",Infertile,8,2,3,1
Groundnut,91.39,Excellent,None,Fertile,1,0,4,0
Sugarcane,79.21,Good,Potassium,Moderately Fertile,7,1,7,2
Groundnut,61.17,Good,Nitrogen,Moderately Fertile,1,1,0,2
Jute,77.01,Good,None,Fertile,2,1,4,0
Soybean,90.55,Excellent,None,Fertile,6,0,4,0
Cotton,82.6,Excellent,Potassium,Moderately Fertile,0,0,7,2
Wheat,79.32,Good,None,Fertile,9,1,4,0
Soybean,76.33,Good,Nitrogen,Moderately Fertile,6,1,0,2
Groundnut,60.36,Good,Phosphorus,Moderately Fertile,1,1,5,2
Wheat,89.22,Excellent,None,Fertile,9,0,4,0
Jute,76.09,Good,Potassium,Moderately Fertile,2,1,7,2
Jute,61.37,Good,"Nitrogen, Phosphorus",Infertile,2,1,1,1
Groundnut,75.46,Good,None,Fertile,1,1,4,0
Sugarcane,81.47,Excellent,Potassium,Moderately Fertile,7,0,7,2
Soybean,81.47,Excellent,Potassium,Moderately Fertile,6,0,7,2
Cotton,69.84,Good,Nitrogen,Moderately Fertile,0,1,0,2
Sugarcane,83.23,Excellent,Phosphorus,Moderately Fertile,7,0,5,2
Tomato,60.0,Good,"Phosphorus, Potassium",Infertile,8,1,6,1
Wheat,79.15,Good,"Phosphorus, Potassium",Infertile,9,1,6,1
Maize,85.29,Excellent,Potassium,Moderately Fertile,3,0,7,2
Maize,74.74,Good,Potassium,Moderately Fertile,3,1,7,2
Soybean,76.68,Good,Phosphorus,Moderately Fertile,6,1,5,2
Soybean,71.64,Good,"Nitrogen, Potassium",Infertile,6,1,3,1
Cotton,91.8,Excellent,None,Fertile,0,0,4,0
Tomato,74.19,Good,Nitrogen,Moderately Fertile,8,1,0,2
Wheat,85.95,Excellent,None,Fertile,9,0,4,0
Rice,82.75,Excellent,Potassium,Moderately Fertile,5,0,7,2
Maize,80.49,Excellent,None,Fertile,3,0,4,0
Maize,80.92,Excellent,Potassium,Moderately Fertile,3,0,7,2
Potato,62.31,Good,"Nitrogen, Potassium",Infertile,4,1,3,1
Soybean,92.5,Excellent,None,Fertile,6,0,4,0
Sugarcane,55.8,Moderate,"Nitrogen, Potassium",Infertile,7,2,3,1
Groundnut,71.79,Good,Phosphorus,Moderately Fertile,1,1,5,2
Soybean,64.26,Good,"Phosphorus, Potassium",Infertile,6,1,6,1
Wheat,76.12,Good,None,Fertile,9,1,4,0
Soybean,88.81,Excellent,None,Fertile,6,0,4,0
Rice,67.84,Good,"Phosphorus, Potassium",Infertile,5,1,6,1
Cotton,68.63,Good,Phosphorus,Moderately Fertile,0,1,5,2
Sugarcane,78.38,Good,Phosphorus,Moderately Fertile,7,1,5,2
Groundnut,59.82,Moderate,Nitrogen,Moderately Fertile,1,2,0,2
Soybean,59.38,Moderate,"Phosphorus, Potassium",Infertile,6,2,6,1
Groundnut,76.55,Good,None,Fertile,1,1,4,0
Wheat,67.73,Good,"Phosphorus, Potassium",Infertile,9,1,6,1
Jute,59.64,Moderate,"Phosphorus, Potassium",Infertile,2,2,6,1
Groundnut,52.53,Moderate,"Phosphorus, Potassium",Infertile,1,2,6,1
Wheat,71.68,Good,"Phosphorus, Potassium",Infertile,9,1,6,1
Rice,77.48,Good,None,Fertile,5,1,4,0
Maize,83.98,Excellent,Phosphorus,Moderately Fertile,3,0,5,2
Jute,68.77,Good,Potassium,Moderately Fertile,2,1,7,2
Soybean,79.66,Good,Potassium,Moderately Fertile,6,1,7,2
Cotton,85.95,Excellent,None,Fertile,0,0,4,0
Maize,73.39,Good,Phosphorus,Moderately Fertile,3,1,5,2
Potato,82.2,Excellent,None,Fertile,4,0,4,0
Sugarcane,70.35,Good,Nitrogen,Moderately Fertile,7,1,0,2
Tomato,71.96,Good,None,Fertile,8,1,4,0
Rice,70.54,Good,Phosphorus,Moderately Fertile,5,1,5,2
Tomato,74.9,Good,Potassium,Moderately Fertile,8,1,7,2
Wheat,76.7,Good,Potassium,Moderately Fertile,9,1,7,2
Soybean,84.28,Excellent,None,Fertile,6,0,4,0
Groundnut,58.62,Moderate,"Nitrogen, Phosphorus",Infertile,1,2,1,1
Wheat,94.68,Excellent,None,Fertile,9,0,4,0
Soybean,65.8,Good,"Nitrogen, Phosphorus",Infertile,6,1,1,1
Tomato,90.43,Excellent,None,Fertile,8,0,4,0
Jute,79.4,Good,Potassium,Moderately Fertile,2,1,7,2
Rice,61.09,Good,"Nitrogen, Phosphorus",Infertile,5,1,1,1
Soybean,82.1,Excellent,"Phosphorus, Potassium",Infertile,6,0,6,1
Tomato,76.75,Good,Phosphorus,Moderately Fertile,8,1,5,2
Potato,70.79,Good,None,Fertile,4,1,4,0
Jute,75.13,Good,Phosphorus,Moderately Fertile,2,1,5,2
Jute,71.56,Good,"Phosphorus, Potassium",Infertile,2,1,6,1
Sugarcane,91.18,Excellent,None,Fertile,7,0,4,0
Rice,92.72,Excellent,None,Fertile,5,0,4,0
Sugarcane,73.04,Good,Nitrogen,Moderately Fertile,7,1,0,2
Jute,85.93,Excellent,None,Fertile,2,0,4,0
Jute,89.76,Excellent,None,Fertile,2,0,4,0
Maize,70.67,Good,"Phosphorus, Potassium",Infertile,3,1,6,1
Jute,77.83,Good,Phosphorus,Moderately Fertile,2,1,5,2
Wheat,83.06,Excellent,Potassium,Moderately Fertile,9,0,7,2
Soybean,88.69,Excellent,None,Fertile,6,0,4,0
Wheat,60.73,Good,"Phosphorus, Potassium",Infertile,9,1,6,1
Soybean,57.64,Moderate,"Nitrogen, Phosphorus",Infertile,6,2,1,1
Potato,83.35,Excellent,None,Fertile,4,0,4,0
Sugarcane,92.83,Excellent,None,Fertile,7,0,4,0
Jute,67.21,Good,"Phosphorus, Potassium",Infertile,2,1,6,1
Rice,87.9,Excellent,None,Fertile,5,0,4,0
Sugarcane,57.68,Moderate,"Nitrogen, Phosphorus, Potassium",Infertile,7,2,2,1
Maize,70.68,Good,Potassium,Moderately Fertile,3,1,7,2
Sugarcane,86.53,Excellent,None,Fertile,7,0,4,0
Potato,87.44,Excellent,None,Fertile,4,0,4,0
Soybean,68.83,Good,"Nitrogen, Phosphorus, Potassium",Infertile,6,1,2,1
Jute,76.47,Good,Potassium,Moderately Fertile,2,1,7,2
Jute,77.59,Good,Potassium,Moderately Fertile,2,1,7,2
Potato,78.27,Good,Potassium,Moderately Fertile,4,1,7,2
Tomato,50.3,Moderate,"Nitrogen, Phosphorus, Potassium",Infertile,8,2,2,1
Cotton,88.14,Excellent,None,Fertile,0,0,4,0
Potato,77.79,Good,Potassium,Moderately Fertile,4,1,7,2
Soybean,64.14,Good,"Phosphorus, Potassium",Infertile,6,1,6,1
Groundnut,76.93,Good,Nitrogen,Moderately Fertile,1,1,0,2
Jute,87.32,Excellent,None,Fertile,2,0,4,0
Potato,49.95,Moderate,"Nitrogen, Potassium",Infertile,4,2,3,1
Groundnut,59.46,Moderate,"Nitrogen, Potassium",Infertile,1,2,3,1
Maize,67.68,Good,Potassium,Moderately Fertile,3,1,7,2
Groundnut,67.25,Good,Nitrogen,Moderately Fertile,1,1,0,2
Jute,84.7,Excellent,None,Fertile,2,0,4,0
Groundnut,81.06,Excellent,None,Fertile,1,0,4,0
Tomato,73.88,Good,Phosphorus,Moderately Fertile,8,1,5,2
Tomato,80.49,Excellent,None,Fertile,8,0,4,0
Maize,76.34,Good,Nitrogen,Moderately Fertile,3,1,0,2
Cotton,72.87,Good,Potassium,Moderately Fertile,0,1,7,2
Potato,76.17,Good,None,Fertile,4,1,4,0
Sugarcane,67.57,Good,None,Fertile,7,1,4,0
Soybean,59.45,Moderate,"Nitrogen, Potassium",Infertile,6,2,3,1
Cotton,70.95,Good,Potassium,Moderately Fertile,0,1,7,2
Wheat,77.58,Good,Potassium,Moderately Fertile,9,1,7,2
Maize,77.71,Good,Phosphorus,Moderately Fertile,3,1,5,2
Maize,70.21,Good,Nitrogen,Moderately Fertile,3,1,0,2
Maize,55.94,Moderate,"Phosphorus, Potassium",Infertile,3,2,6,1
Sugarcane,67.39,Good,Nitrogen,Moderately Fertile,7,1,0,2
Wheat,66.99,Good,Potassium,Moderately Fertile,9,1,7,2
Potato,65.36,Good,Potassium,Moderately Fertile,4,1,7,2
Rice,83.06,Excellent,Potassium,Moderately Fertile,5,0,7,2
Tomato,65.86,Good,"Phosphorus, Potassium",Infertile,8,1,6,1
Wheat,77.91,Good,None,Fertile,9,1,4,0
Soybean,84.03,Excellent,None,Fertile,6,0,4,0
Tomato,71.06,Good,Phosphorus,Moderately Fertile,8,1,5,2
Jute,71.05,Good,Potassium,Moderately Fertile,2,1,7,2
Wheat,60.27,Good,"Nitrogen, Phosphorus",Infertile,9,1,1,1
Groundnut,81.72,Excellent,None,Fertile,1,0,4,0
Maize,64.95,Good,"Phosphorus, Potassium",Infertile,3,1,6,1
Groundnut,66.69,Good,Nitrogen,Moderately Fertile,1,1,0,2
Sugarcane,72.55,Good,Phosphorus,Moderately Fertile,7,1,5,2
Jute,83.87,Excellent,Phosphorus,Moderately Fertile,2,0,5,2
Wheat,70.58,Good,"Phosphorus, Potassium",Infertile,9,1,6,1
Potato,74.14,Good,Phosphorus,Moderately Fertile,4,1,5,2
Maize,81.2,Excellent,Phosphorus,Moderately Fertile,3,0,5,2
Soybean,84.33,Excellent,None,Fertile,6,0,4,0
Rice,76.68,Good,Potassium,Moderately Fertile,5,1,7,2
Rice,86.37,Excellent,None,Fertile,5,0,4,0
Sugarcane,90.47,Excellent,None,Fertile,7,0,4,0
Potato,60.44,Good,Nitrogen,Moderately Fertile,4,1,0,2
Jute,71.01,Good,"Phosphorus, Potassium",Infertile,2,1,6,1
Sugarcane,82.49,Excellent,Potassium,Moderately Fertile,7,0,7,2
Sugarcane,76.12,Good,Phosphorus,Moderately Fertile,7,1,5,2
Wheat,84.76,Excellent,Phosphorus,Moderately Fertile,9,0,5,2
Rice,64.16,Good,"Nitrogen, Phosphorus",Infertile,5,1,1,1
Wheat,54.6,Moderate,"Nitrogen, Phosphorus, Potassium",Infertile,9,2,2,1
Groundnut,85.25,Excellent,Phosphorus,Moderately Fertile,1,0,5,2
Potato,52.15,Moderate,"Nitrogen, Phosphorus",Infertile,4,2,1,1
Groundnut,79.52,Good,None,Fertile,1,1,4,0
Tomato,70.92,Good,Potassium,Moderately Fertile,8,1,7,2
Sugarcane,69.47,Good,Nitrogen,Moderately Fertile,7,1,0,2
Tomato,85.66,Excellent,None,Fertile,8,0,4,0
Rice,80.71,Excellent,Phosphorus,Moderately Fertile,5,0,5,2
Soybean,86.43,Excellent,None,Fertile,6,0,4,0
Rice,94.95,Excellent,None,Fertile,5,0,4,0
Tomato,65.69,Good,"Phosphorus, Potassium",Infertile,8,1,6,1
Potato,69.98,Good,Nitrogen,Moderately Fertile,4,1,0,2
Soybean,85.43,Excellent,None,Fertile,6,0,4,0
Maize,81.23,Excellent,Potassium,Moderately Fertile,3,0,7,2
Sugarcane,74.23,Good,Potassium,Moderately Fertile,7,1,7,2
Rice,83.27,Excellent,None,Fertile,5,0,4,0
Potato,71.71,Good,Potassium,Moderately Fertile,4,1,7,2
Groundnut,76.58,Good,None,Fertile,1,1,4,0
Tomato,59.43,Moderate,"Nitrogen, Potassium",Infertile,8,2,3,1
Potato,57.56,Moderate,"Nitrogen, Phosphorus",Infertile,4,2,1,1
Rice,87.51,Excellent,None,Fertile,5,0,4,0
Maize,81.12,Excellent,None,Fertile,3,0,4,0
Soybean,84.85,Excellent,Potassium,Moderately Fertile,6,0,7,2
Rice,78.78,Good,None,Fertile,5,1,4,0
Maize,68.06,Good,"Phosphorus, Potassium",Infertile,3,1,6,1
Maize,90.3,Excellent,None,Fertile,3,0,4,0
Soybean,86.18,Excellent,None,Fertile,6,0,4,0
Soybean,85.43,Excellent,Potassium,Moderately Fertile,6,0,7,2
Soybean,75.62,Good,Potassium,Moderately Fertile,6,1,7,2
Jute,76.84,Good,Potassium,Moderately Fertile,2,1,7,2
Rice,74.76,Good,"Phosphorus, Potassium",Infertile,5,1,6,1
Maize,76.06,Good,Potassium,Moderately Fertile,3,1,7,2
Maize,79.87,Good,Phosphorus,Moderately Fertile,3,1,5,2
Groundnut,68.17,Good,Nitrogen,Moderately Fertile,1,1,0,2
Jute,81.45,Excellent,None,Fertile,2,0,4,0
Rice,69.8,Good,Potassium,Moderately Fertile,5,1,7,2
Rice,82.78,Excellent,None,Fertile,5,0,4,0
Jute,76.9,Good,Potassium,Moderately Fertile,2,1,7,2
Groundnut,82.77,Excellent,None,Fertile,1,0,4,0
Jute,63.94,Good,Potassium,Moderately Fertile,2,1,7,2
Maize,79.72,Good,None,Fertile,3,1,4,0
Tomato,74.07,Good,None,Fertile,8,1,4,0
Jute,67.59,Good,"Phosphorus, Potassium",Infertile,2,1,6,1
Soybean,82.37,Excellent,Potassium,Moderately Fertile,6,0,7,2
Sugarcane,80.91,Excellent,"Phosphorus, Potassium",Infertile,7,0,6,1
Jute,78.36,Good,None,Fertile,2,1,4,0
Soybean,76.87,Good,"Phosphorus, Potassium",Infertile,6,1,6,1
Sugarcane,82.15,Excellent,None,Fertile,7,0,4,0
Groundnut,78.21,Good,Phosphorus,Moderately Fertile,1,1,5,2
Tomato,73.1,Good,Potassium,Moderately Fertile,8,1,7,2
Tomato,70.09,Good,Phosphorus,Moderately Fertile,8,1,5,2
Tomato,81.94,Excellent,Phosphorus,Moderately Fertile,8,0,5,2
Wheat,78.18,Good,Potassium,Moderately Fertile,9,1,7,2
Cotton,79.03,Good,None,Fertile,0,1,4,0
Jute,77.22,Good,Phosphorus,Moderately Fertile,2,1,5,2
Cotton,74.81,Good,"Nitrogen, Phosphorus",Infertile,0,1,1,1
Sugarcane,90.36,Excellent,None,Fertile,7,0,4,0
Cotton,81.4,Excellent,None,Fertile,0,0,4,0
Tomato,90.28,Excellent,None,Fertile,8,0,4,0
Maize,79.85,Good,Phosphorus,Moderately Fertile,3,1,5,2
Tomato,73.49,Good,Potassium,Moderately Fertile,8,1,7,2
Potato,60.0,Good,Nitrogen,Moderately Fertile,4,1,0,2
Sugarcane,87.84,Excellent,None,Fertile,7,0,4,0
Sugarcane,90.79,Excellent,None,Fertile,7,0,4,0
Potato,61.17,Good,Nitrogen,Moderately Fertile,4,1,0,2
Rice,63.72,Good,"Phosphorus, Potassium",Infertile,5,1,6,1
Rice,80.81,Excellent,None,Fertile,5,0,4,0
Soybean,69.98,Good,"Phosphorus, Potassium",Infertile,6,1,6,1
Soybean,73.89,Good,Potassium,Moderately Fertile,6,1,7,2
Soybean,83.17,Excellent,Phosphorus,Moderately Fertile,6,0,5,2
Potato,81.31,Excellent,None,Fertile,4,0,4,0
Sugarcane,85.13,Excellent,Potassium,Moderately Fertile,7,0,7,2
Sugarcane,73.33,Good,None,Fertile,7,1,4,0
Wheat,78.91,Good,None,Fertile,9,1,4,0
Groundnut,85.59,Excellent,None,Fertile,1,0,4,0
Soybean,75.24,Good,"Phosphorus, Potassium",Infertile,6,1,6,1
Potato,54.2,Moderate,"Nitrogen, Potassium",Infertile,4,2,3,1
Jute,78.53,Good,Potassium,Moderately Fertile,2,1,7,2
Rice,69.15,Good,"Phosphorus, Potassium",Infertile,5,1,6,1
Groundnut,57.25,Moderate,"Nitrogen, Potassium",Infertile,1,2,3,1
Rice,82.05,Excellent,None,Fertile,5,0,4,0
Rice,73.13,Good,Potassium,Moderately Fertile,5,1,7,2
Tomato,71.08,Good,Potassium,Moderately Fertile,8,1,7,2
Groundnut,79.3,Good,None,Fertile,1,1,4,0
Sugarcane,88.25,Excellent,None,Fertile,7,0,4,0
Tomato,86.25,Excellent,None,Fertile,8,0,4,0
Jute,84.27,Excellent,None,Fertile,2,0,4,0
Jute,73.96,Good,Phosphorus,Moderately Fertile,2,1,5,2
Rice,79.02,Good,None,Fertile,5,1,4,0
Rice,88.83,Excellent,None,Fertile,5,0,4,0
Rice,77.36,Good,Phosphorus,Moderately Fertile,5,1,5,2
Wheat,75.72,Good,Potassium,Moderately Fertile,9,1,7,2
Cotton,89.23,Excellent,None,Fertile,0,0,4,0
Tomato,65.04,Good,Nitrogen,Moderately Fertile,8,1,0,2
Soybean,70.54,Good,Nitrogen,Moderately Fertile,6,1,0,2
Maize,86.23,Excellent,None,Fertile,3,0,4,0
Maize,81.27,Excellent,None,Fertile,3,0,4,0
Groundnut,66.44,Good,"Phosphorus, Potassium",Infertile,1,1,6,1
Tomato,77.22,Good,Nitrogen,Moderately Fertile,8,1,0,2
Sugarcane,91.79,Excellent,None,Fertile,7,0,4,0
Cotton,77.33,Good,Potassium,Moderately Fertile,0,1,7,2
Soybean,74.13,Good,Potassium,Moderately Fertile,6,1,7,2
Cotton,90.42,Excellent,None,Fertile,0,0,4,0
Rice,92.82,Excellent,None,Fertile,5,0,4,0
Maize,90.48,Excellent,None,Fertile,3,0,4,0
Cotton,85.42,Excellent,Potassium,Moderately Fertile,0,0,7,2
Maize,64.98,Good,"Nitrogen, Potassium",Infertile,3,1,3,1
Maize,70.27,Good,Nitrogen,Moderately Fertile,3,1,0,2
Cotton,94.58,Excellent,None,Fertile,0,0,4,0
Potato,67.0,Good,Nitrogen,Moderately Fertile,4,1,0,2
Maize,82.52,Excellent,Phosphorus,Moderately Fertile,3,0,5,2
Rice,77.74,Good,Phosphorus,Moderately Fertile,5,1,5,2
Groundnut,78.24,Good,Potassium,Moderately Fertile,1,1,7,2
Rice,87.41,Excellent,None,Fertile,5,0,4,0
Sugarcane,80.55,Excellent,Phosphorus,Moderately Fertile,7,0,5,2
Jute,80.68,Excellent,Phosphorus,Moderately Fertile,2,0,5,2
Wheat,76.64,Good,Potassium,Moderately Fertile,9,1,7,2
Groundnut,89.37,Excellent,None,Fertile,1,0,4,0
Cotton,65.81,Good,"Nitrogen, Phosphorus, Potassium",Infertile,0,1,2,1
Wheat,77.5,Good,Potassium,Moderately Fertile,9,1,7,2
Soybean,75.01,Good,Potassium,Moderately Fertile,6,1,7,2
Rice,78.16,Good,Potassium,Moderately Fertile,5,1,7,2
Soybean,48.99625000000002,Moderate,"Nitrogen, Phosphorus, Potassium",Infertile,6,2,2,1
Groundnut,69.04,Good,Potassium,Moderately Fertile,1,1,7,2
Cotton,73.54,Good,Potassium,Moderately Fertile,0,1,7,2
Rice,79.55,Good,None,Fertile,5,1,4,0
Rice,83.15,Excellent,None,Fertile,5,0,4,0
Cotton,85.72,Excellent,None,Fertile,0,0,4,0
Potato,57.5,Moderate,"Nitrogen, Potassium",Infertile,4,2,3,1
Jute,83.93,Excellent,None,Fertile,2,0,4,0
Cotton,70.18,Good,"Nitrogen, Phosphorus",Infertile,0,1,1,1
Rice,78.75,Good,None,Fertile,5,1,4,0
Potato,73.82,Good,Nitrogen,Moderately Fertile,4,1,0,2
Rice,70.82,Good,Potassium,Moderately Fertile,5,1,7,2
Potato,72.04,Good,Phosphorus,Moderately Fertile,4,1,5,2
Maize,66.23,Good,Phosphorus,Moderately Fertile,3,1,5,2
Sugarcane,84.32,Excellent,None,Fertile,7,0,4,0
Groundnut,66.88,Good,"Phosphorus, Potassium",Infertile,1,1,6,1
Maize,83.0,Excellent,None,Fertile,3,0,4,0
Wheat,87.94,Excellent,None,Fertile,9,0,4,0
Rice,65.96,Good,"Phosphorus, Potassium",Infertile,5,1,6,1
Cotton,75.49,Good,Phosphorus,Moderately Fertile,0,1,5,2
Cotton,83.36,Excellent,Phosphorus,Moderately Fertile,0,0,5,2
Wheat,81.52,Excellent,"Nitrogen, Potassium",Infertile,9,0,3,1
Jute,71.28,Good,Nitrogen,Moderately Fertile,2,1,0,2
Cotton,63.69,Good,"Nitrogen, Phosphorus",Infertile,0,1,1,1
Rice,72.35,Good,Potassium,Moderately Fertile,5,1,7,2
Groundnut,63.94,Good,"Phosphorus, Potassium",Infertile,1,1,6,1
Rice,67.6,Good,Potassium,Moderately Fertile,5,1,7,2
Groundnut,82.67,Excellent,None,Fertile,1,0,4,0
Potato,73.12,Good,Nitrogen,Moderately Fertile,4,1,0,2
Potato,55.77,Moderate,"Nitrogen, Potassium",Infertile,4,2,3,1
Soybean,71.38,Good,Nitrogen,Moderately Fertile,6,1,0,2
Soybean,93.02,Excellent,None,Fertile,6,0,4,0
Wheat,72.09,Good,Potassium,Moderately Fertile,9,1,7,2
Wheat,75.91,Good,Phosphorus,Moderately Fertile,9,1,5,2
Sugarcane,75.7,Good,"Phosphorus, Potassium",Infertile,7,1,6,1
Potato,48.99625000000002,Moderate,"Nitrogen, Phosphorus, Potassium",Infertile,4,2,2,1
Cotton,83.33,Excellent,Phosphorus,Moderately Fertile,0,0,5,2
Groundnut,68.66,Good,Nitrogen,Moderately Fertile,1,1,0,2
Potato,54.29,Moderate,"Nitrogen, Phosphorus",Infertile,4,2,1,1
Tomato,81.9,Excellent,None,Fertile,8,0,4,0
Maize,84.17,Excellent,None,Fertile,3,0,4,0
Cotton,67.42,Good,"Phosphorus, Potassium",Infertile,0,1,6,1
Wheat,75.07,Good,"Phosphorus, Potassium",Infertile,9,1,6,1
Potato,69.06,Good,Nitrogen,Moderately Fertile,4,1,0,2
Sugarcane,59.19,Moderate,"Phosphorus, Potassium",Infertile,7,2,6,1
Jute,53.3,Moderate,"Nitrogen, Phosphorus, Potassium",Infertile,2,2,2,1
Sugarcane,76.1,Good,Phosphorus,Moderately Fertile,7,1,5,2
Groundnut,72.35,Good,None,Fertile,1,1,4,0
Sugarcane,70.72,Good,"Phosphorus, Potassium",Infertile,7,1,6,1
Tomato,69.04,Good,Nitrogen,Moderately Fertile,8,1,0,2
Cotton,74.02,Good,Nitrogen,Moderately Fertile,0,1,0,2
Sugarcane,84.17,Excellent,None,Fertile,7,0,4,0
Wheat,87.49,Excellent,None,Fertile,9,0,4,0
Tomato,67.46,Good,Nitrogen,Moderately Fertile,8,1,0,2
Jute,87.65,Excellent,Potassium,Moderately Fertile,2,0,7,2
Jute,76.26,Good,Phosphorus,Moderately Fertile,2,1,5,2
Jute,84.13,Excellent,None,Fertile,2,0,4,0
Potato,69.92,Good,Nitrogen,Moderately Fertile,4,1,0,2
Maize,75.96,Good,Potassium,Moderately Fertile,3,1,7,2
Soybean,53.55,Moderate,"Nitrogen, Phosphorus, Potassium",Infertile,6,2,2,1
Rice,64.8,Good,"Phosphorus, Potassium",Infertile,5,1,6,1
Wheat,90.41,Excellent,None,Fertile,9,0,4,0
Jute,92.55,Excellent,None,Fertile,2,0,4,0
Wheat,70.29,Good,Potassium,Moderately Fertile,9,1,7,2
Wheat,89.8,Excellent,None,Fertile,9,0,4,0
Groundnut,74.09,Good,Phosphorus,Moderately Fertile,1,1,5,2
Tomato,74.0,Good,None,Fertile,8,1,4,0
Cotton,68.14,Good,"Phosphorus, Potassium",Infertile,0,1,6,1
Cotton,83.4,Excellent,None,Fertile,0,0,4,0
Tomato,71.19,Good,Potassium,Moderately Fertile,8,1,7,2
Potato,72.09,Good,Nitrogen,Moderately Fertile,4,1,0,2
Sugarcane,61.42,Good,"Phosphorus, Potassium",Infertile,7,1,6,1
Soybean,72.14,Good,Potassium,Moderately Fertile,6,1,7,2
Potato,63.56,Good,"Nitrogen, Phosphorus",Infertile,4,1,1,1
Rice,79.6,Good,None,Fertile,5,1,4,0
Soybean,91.07,Excellent,None,Fertile,6,0,4,0
Potato,78.93,Good,Potassium,Moderately Fertile,4,1,7,2
Tomato,71.13,Good,Potassium,Moderately Fertile,8,1,7,2
Maize,74.13,Good,Potassium,Moderately Fertile,3,1,7,2
Jute,74.22,Good,Potassium,Moderately Fertile,2,1,7,2
Tomato,67.01,Good,"Phosphorus, Potassium",Infertile,8,1,6,1
Cotton,87.68,Excellent,None,Fertile,0,0,4,0
Rice,76.23,Good,Potassium,Moderately Fertile,5,1,7,2
Rice,71.71,Good,"Phosphorus, Potassium",Infertile,5,1,6,1
Groundnut,54.36,Moderate,"Nitrogen, Potassium",Infertile,1,2,3,1
Cotton,76.2,Good,Nitrogen,Moderately Fertile,0,1,0,2
Tomato,74.07,Good,Potassium,Moderately Fertile,8,1,7,2
Soybean,83.67,Excellent,Potassium,Moderately Fertile,6,0,7,2
Rice,70.25,Good,Potassium,Moderately Fertile,5,1,7,2
Jute,76.61,Good,Potassium,Moderately Fertile,2,1,7,2
Soybean,84.09,Excellent,Phosphorus,Moderately Fertile,6,0,5,2
Soybean,84.5,Excellent,None,Fertile,6,0,4,0
Jute,85.32,Excellent,Potassium,Moderately Fertile,2,0,7,2
Maize,80.71,Excellent,None,Fertile,3,0,4,0
Jute,78.26,Good,None,Fertile,2,1,4,0
Jute,76.14,Good,Phosphorus,Moderately Fertile,2,1,5,2
Wheat,76.16,Good,Potassium,Moderately Fertile,9,1,7,2
Jute,79.09,Good,None,Fertile,2,1,4,0
Maize,78.36,Good,Phosphorus,Moderately Fertile,3,1,5,2
Jute,63.42,Good,"Nitrogen, Potassium",Infertile,2,1,3,1
Potato,81.29,Excellent,None,Fertile,4,0,4,0
Tomato,70.89,Good,"Nitrogen, Potassium",Infertile,8,1,3,1
Potato,72.58,Good,Nitrogen,Moderately Fertile,4,1,0,2
Rice,90.3,Excellent,None,Fertile,5,0,4,0
Maize,82.31,Excellent,Potassium,Moderately Fertile,3,0,7,2
Jute,80.34,Excellent,None,Fertile,2,0,4,0
Cotton,84.0,Excellent,None,Fertile,0,0,4,0
Tomato,67.15,Good,Nitrogen,Moderately Fertile,8,1,0,2
Sugarcane,69.73,Good,Phosphorus,Moderately Fertile,7,1,5,2
Wheat,61.41,Good,"Phosphorus, Potassium",Infertile,9,1,6,1
Wheat,84.78,Excellent,None,Fertile,9,0,4,0
Sugarcane,92.2,Excellent,None,Fertile,7,0,4,0
Rice,55.94,Moderate,"Nitrogen, Phosphorus, Potassium",Infertile,5,2,2,1
Groundnut,92.65,Excellent,None,Fertile,1,0,4,0
Soybean,57.7,Moderate,"Nitrogen, Potassium",Infertile,6,2,3,1
Tomato,76.48,Good,None,Fertile,8,1,4,0
Maize,74.1,Good,Potassium,Moderately Fertile,3,1,7,2
Groundnut,57.7,Moderate,"Phosphorus, Potassium",Infertile,1,2,6,1
Sugarcane,73.38,Good,"Phosphorus, Potassium",Infertile,7,1,6,1
Rice,76.76,Good,Phosphorus,Moderately Fertile,5,1,5,2
Maize,75.75,Good,None,Fertile,3,1,4,0
Jute,81.82,Excellent,None,Fertile,2,0,4,0
Maize,65.1,Good,"Phosphorus, Potassium",Infertile,3,1,6,1
Sugarcane,87.53,Excellent,None,Fertile,7,0,4,0
Soybean,70.27,Good,"Phosphorus, Potassium",Infertile,6,1,6,1
Potato,65.4,Good,Nitrogen,Moderately Fertile,4,1,0,2
Tomato,69.72,Good,"Phosphorus, Potassium",Infertile,8,1,6,1
Rice,77.21,Good,Potassium,Moderately Fertile,5,1,7,2
Groundnut,51.03,Moderate,"Nitrogen, Phosphorus",Infertile,1,2,1,1
Jute,77.61,Good,Potassium,Moderately Fertile,2,1,7,2
Jute,64.27,Good,"Phosphorus, Potassium",Infertile,2,1,6,1
Wheat,78.0,Good,"Phosphorus, Potassium",Infertile,9,1,6,1
Wheat,80.31,Excellent,Phosphorus,Moderately Fertile,9,0,5,2
Wheat,74.34,Good,Potassium,Moderately Fertile,9,1,7,2
Rice,72.78,Good,Phosphorus,Moderately Fertile,5,1,5,2
Sugarcane,84.15,Excellent,None,Fertile,7,0,4,0
Tomato,91.38,Excellent,None,Fertile,8,0,4,0
Maize,59.18,Moderate,"Nitrogen, Phosphorus, Potassium",Infertile,3,2,2,1
Potato,66.1,Good,Potassium,Moderately Fertile,4,1,7,2
Cotton,63.33,Good,"Nitrogen, Potassium",Infertile,0,1,3,1
Cotton,90.72,Excellent,None,Fertile,0,0,4,0
Cotton,82.07,Excellent,None,Fertile,0,0,4,0
Jute,81.38,Excellent,None,Fertile,2,0,4,0
Sugarcane,79.28,Good,Potassium,Moderately Fertile,7,1,7,2
Tomato,91.17,Excellent,None,Fertile,8,0,4,0
Tomato,81.81,Excellent,Potassium,Moderately Fertile,8,0,7,2
Soybean,90.7,Excellent,None,Fertile,6,0,4,0
Soybean,50.88,Moderate,"Nitrogen, Phosphorus, Potassium",Infertile,6,2,2,1
Tomato,62.71,Good,"Nitrogen, Phosphorus, Potassium",Infertile,8,1,2,1
Maize,72.35,Good,"Phosphorus, Potassium",Infertile,3,1,6,1
Soybean,83.1,Excellent,None,Fertile,6,0,4,0
Sugarcane,83.48,Excellent,None,Fertile,7,0,4,0
Wheat,89.0,Excellent,None,Fertile,9,0,4,0
Soybean,78.11,Good,None,Fertile,6,1,4,0
Soybean,84.46,Excellent,Phosphorus,Moderately Fertile,6,0,5,2
Wheat,96.65,Excellent,None,Fertile,9,0,4,0
Sugarcane,71.32,Good,"Phosphorus, Potassium",Infertile,7,1,6,1
Rice,78.53,Good,Nitrogen,Moderately Fertile,5,1,0,2
Potato,78.71,Good,None,Fertile,4,1,4,0
Rice,81.25,Excellent,None,Fertile,5,0,4,0
Groundnut,74.04,Good,"Phosphorus, Potassium",Infertile,1,1,6,1
Rice,82.52,Excellent,None,Fertile,5,0,4,0
Maize,85.86,Excellent,None,Fertile,3,0,4,0
Tomato,54.53,Moderate,"Nitrogen, Phosphorus, Potassium",Infertile,8,2,2,1
Soybean,77.95,Good,"Nitrogen, Phosphorus",Infertile,6,1,1,1
Cotton,84.82,Excellent,Phosphorus,Moderately Fertile,0,0,5,2
Wheat,74.55,Good,Potassium,Moderately Fertile,9,1,7,2
Wheat,82.33,Excellent,None,Fertile,9,0,4,0
Potato,71.35,Good,None,Fertile,4,1,4,0
Sugarcane,68.63,Good,"Phosphorus, Potassium",Infertile,7,1,6,1
Groundnut,71.27,Good,Nitrogen,Moderately Fertile,1,1,0,2
Groundnut,64.68,Good,Nitrogen,Moderately Fertile,1,1,0,2
Maize,71.84,Good,Potassium,Moderately Fertile,3,1,7,2
Rice,85.44,Excellent,"Phosphorus, Potassium",Infertile,5,0,6,1
Cotton,71.86,Good,"Nitrogen, Phosphorus",Infertile,0,1,1,1
Jute,68.12,Good,"Phosphorus, Potassium",Infertile,2,1,6,1
Maize,90.68,Excellent,None,Fertile,3,0,4,0
Jute,82.85,Excellent,None,Fertile,2,0,4,0
Rice,83.58,Excellent,None,Fertile,5,0,4,0
Maize,78.07,Good,Phosphorus,Moderately Fertile,3,1,5,2
Maize,79.61,Good,Phosphorus,Moderately Fertile,3,1,5,2
Soybean,78.52,Good,None,Fertile,6,1,4,0
Wheat,69.82,Good,Phosphorus,Moderately Fertile,9,1,5,2
Soybean,85.5,Excellent,None,Fertile,6,0,4,0
Wheat,71.58,Good,"Nitrogen, Phosphorus",Infertile,9,1,1,1
Jute,78.38,Good,Phosphorus,Moderately Fertile,2,1,5,2
Tomato,89.97,Excellent,None,Fertile,8,0,4,0
Soybean,80.22,Excellent,Phosphorus,Moderately Fertile,6,0,5,2
Sugarcane,66.04,Good,"Phosphorus, Potassium",Infertile,7,1,6,1
Wheat,65.82,Good,"Nitrogen, Phosphorus",Infertile,9,1,1,1
Jute,56.27,Moderate,"Nitrogen, Phosphorus",Infertile,2,2,1,1
Tomato,62.91,Good,Nitrogen,Moderately Fertile,8,1,0,2
Jute,79.04,Good,Nitrogen,Moderately Fertile,2,1,0,2
Cotton,84.89,Excellent,Potassium,Moderately Fertile,0,0,7,2
Sugarcane,74.02,Good,Phosphorus,Moderately Fertile,7,1,5,2
Potato,78.04,Good,None,Fertile,4,1,4,0
Cotton,80.74,Excellent,Phosphorus,Moderately Fertile,0,0,5,2
Sugarcane,81.19,Excellent,Potassium,Moderately Fertile,7,0,7,2
Jute,72.09,Good,Potassium,Moderately Fertile,2,1,7,2
Sugarcane,61.34,Good,"Nitrogen, Potassium",Infertile,7,1,3,1
Groundnut,88.85,Excellent,None,Fertile,1,0,4,0
Maize,83.9,Excellent,None,Fertile,3,0,4,0
Sugarcane,66.86,Good,"Phosphorus, Potassium",Infertile,7,1,6,1
Tomato,80.48,Excellent,Phosphorus,Moderately Fertile,8,0,5,2
Soybean,82.03,Excellent,Potassium,Moderately Fertile,6,0,7,2
Sugarcane,75.17,Good,Potassium,Moderately Fertile,7,1,7,2
Tomato,79.94,Good,Nitrogen,Moderately Fertile,8,1,0,2
Potato,71.15,Good,Nitrogen,Moderately Fertile,4,1,0,2
Cotton,91.44,Excellent,None,Fertile,0,0,4,0
Rice,73.59,Good,Phosphorus,Moderately Fertile,5,1,5,2
Tomato,76.9,Good,Potassium,Moderately Fertile,8,1,7,2
Maize,80.03,Excellent,None,Fertile,3,0,4,0
Rice,80.2,Excellent,Potassium,Moderately Fertile,5,0,7,2
Groundnut,71.78,Good,None,Fertile,1,1,4,0
Maize,70.32,Good,Nitrogen,Moderately Fertile,3,1,0,2
Tomato,72.77,Good,Nitrogen,Moderately Fertile,8,1,0,2
Maize,78.01,Good,Potassium,Moderately Fertile,3,1,7,2
Tomato,87.4,Excellent,None,Fertile,8,0,4,0
Groundnut,65.96,Good,"Phosphorus, Potassium",Infertile,1,1,6,1
Groundnut,77.52,Good,None,Fertile,1,1,4,0
Soybean,65.52,Good,"Nitrogen, Potassium",Infertile,6,1,3,1
Maize,69.38,Good,Nitrogen,Moderately Fertile,3,1,0,2
Soybean,75.24,Good,Phosphorus,Moderately Fertile,6,1,5,2
Tomato,78.22,Good,None,Fertile,8,1,4,0
Jute,87.03,Excellent,None,Fertile,2,0,4,0
Jute,74.58,Good,Potassium,Moderately Fertile,2,1,7,2
Tomato,76.33,Good,Potassium,Moderately Fertile,8,1,7,2
Soybean,83.58,Excellent,Potassium,Moderately Fertile,6,0,7,2
Soybean,56.17,Moderate,"Phosphorus, Potassium",Infertile,6,2,6,1
Groundnut,80.54,Excellent,Nitrogen,Moderately Fertile,1,0,0,2
Maize,75.56,Good,Phosphorus,Moderately Fertile,3,1,5,2
Sugarcane,80.2,Excellent,None,Fertile,7,0,4,0
Tomato,92.12,Excellent,None,Fertile,8,0,4,0
Soybean,63.68,Good,"Nitrogen, Potassium",Infertile,6,1,3,1
Wheat,91.15,Excellent,None,Fertile,9,0,4,0
Sugarcane,90.94,Excellent,None,Fertile,7,0,4,0
Groundnut,51.46,Moderate,"Nitrogen, Phosphorus, Potassium",Infertile,1,2,2,1
Tomato,50.12,Moderate,"Nitrogen, Phosphorus, Potassium",Infertile,8,2,2,1
Groundnut,76.98,Good,Potassium,Moderately Fertile,1,1,7,2
Tomato,76.39,Good,Potassium,Moderately Fertile,8,1,7,2
Cotton,71.14,Good,Potassium,Moderately Fertile,0,1,7,2
Potato,63.98,Good,Nitrogen,Moderately Fertile,4,1,0,2
Maize,77.91,Good,"Phosphorus, Potassium",Infertile,3,1,6,1
Sugarcane,85.29,Excellent,None,Fertile,7,0,4,0
Groundnut,77.23,Good,Potassium,Moderately Fertile,1,1,7,2
Soybean,72.67,Good,"Nitrogen, Potassium",Infertile,6,1,3,1
Wheat,73.09,Good,Potassium,Moderately Fertile,9,1,7,2
Sugarcane,69.57,Good,"Phosphorus, Potassium",Infertile,7,1,6,1
Cotton,84.0,Excellent,None,Fertile,0,0,4,0
Sugarcane,67.77,Good,"Phosphorus, Potassium",Infertile,7,1,6,1
Rice,77.22,Good,Potassium,Moderately Fertile,5,1,7,2
Tomato,59.02,Moderate,"Nitrogen, Potassium",Infertile,8,2,3,1
Cotton,63.61,Good,"Nitrogen, Phosphorus, Potassium",Infertile,0,1,2,1
Wheat,83.01,Excellent,Phosphorus,Moderately Fertile,9,0,5,2
Maize,78.86,Good,Phosphorus,Moderately Fertile,3,1,5,2
Tomato,81.73,Excellent,Potassium,Moderately Fertile,8,0,7,2
Tomato,81.65,Excellent,None,Fertile,8,0,4,0
Cotton,91.13,Excellent,None,Fertile,0,0,4,0
Potato,79.74,Good,Potassium,Moderately Fertile,4,1,7,2
Maize,71.26,Good,Potassium,Moderately Fertile,3,1,7,2
Tomato,60.33,Good,"Nitrogen, Potassium",Infertile,8,1,3,1
Jute,87.37,Excellent,None,Fertile,2,0,4,0
Rice,73.36,Good,"Nitrogen, Potassium",Infertile,5,1,3,1
Cotton,74.16,Good,Potassium,Moderately Fertile,0,1,7,2
Rice,69.65,Good,Potassium,Moderately Fertile,5,1,7,2
Rice,78.67,Good,None,Fertile,5,1,4,0
Cotton,63.38,Good,"Phosphorus, Potassium",Infertile,0,1,6,1
Soybean,83.65,Excellent,None,Fertile,6,0,4,0
Wheat,85.52,Excellent,None,Fertile,9,0,4,0
Rice,73.17,Good,Phosphorus,Moderately Fertile,5,1,5,2
Jute,71.26,Good,Nitrogen,Moderately Fertile,2,1,0,2
Jute,70.28,Good,"Phosphorus, Potassium",Infertile,2,1,6,1
Jute,77.5,Good,Phosphorus,Moderately Fertile,2,1,5,2
Maize,83.3,Excellent,None,Fertile,3,0,4,0
Wheat,68.75,Good,Potassium,Moderately Fertile,9,1,7,2
Maize,75.8,Good,Phosphorus,Moderately Fertile,3,1,5,2
Jute,63.51,Good,"Phosphorus, Potassium",Infertile,2,1,6,1
Maize,81.48,Excellent,Potassium,Moderately Fertile,3,0,7,2
Jute,82.05,Excellent,None,Fertile,2,0,4,0
Sugarcane,83.62,Excellent,None,Fertile,7,0,4,0
Groundnut,66.99,Good,Potassium,Moderately Fertile,1,1,7,2
Tomato,82.12,Excellent,None,Fertile,8,0,4,0
Maize,77.54,Good,Potassium,Moderately Fertile,3,1,7,2
Cotton,69.78,Good,Nitrogen,Moderately Fertile,0,1,0,2
Potato,79.07,Good,None,Fertile,4,1,4,0
Soybean,72.83,Good,Phosphorus,Moderately Fertile,6,1,5,2
Groundnut,67.81,Good,Phosphorus,Moderately Fertile,1,1,5,2
Tomato,81.77,Excellent,Phosphorus,Moderately Fertile,8,0,5,2
Groundnut,83.01,Excellent,Potassium,Moderately Fertile,1,0,7,2
Wheat,75.42,Good,Potassium,Moderately Fertile,9,1,7,2
Soybean,67.48,Good,"Phosphorus, Potassium",Infertile,6,1,6,1
Jute,83.52,Excellent,Nitrogen,Moderately Fertile,2,0,0,2
Jute,79.79,Good,Potassium,Moderately Fertile,2,1,7,2
Potato,48.99625000000002,Moderate,"Nitrogen, Phosphorus, Potassium",Infertile,4,2,2,1
Sugarcane,91.72,Excellent,None,Fertile,7,0,4,0
Sugarcane,65.96,Good,"Phosphorus, Potassium",Infertile,7,1,6,1
Rice,60.64,Good,"Nitrogen, Potassium",Infertile,5,1,3,1
Soybean,93.3,Excellent,None,Fertile,6,0,4,0
Groundnut,60.31,Good,"Phosphorus, Potassium",Infertile,1,1,6,1
Jute,80.81,Excellent,None,Fertile,2,0,4,0
Maize,76.4,Good,Potassium,Moderately Fertile,3,1,7,2
Soybean,82.68,Excellent,Nitrogen,Moderately Fertile,6,0,0,2
Cotton,70.33,Good,"Phosphorus, Potassium",Infertile,0,1,6,1
Potato,82.32,Excellent,Potassium,Moderately Fertile,4,0,7,2
Rice,72.72,Good,Potassium,Moderately Fertile,5,1,7,2
Sugarcane,66.06,Good,"Phosphorus, Potassium",Infertile,7,1,6,1
Wheat,84.92,Excellent,Potassium,Moderately Fertile,9,0,7,2
Groundnut,67.72,Good,Potassium,Moderately Fertile,1,1,7,2
Jute,70.61,Good,"Nitrogen, Phosphorus",Infertile,2,1,1,1
Sugarcane,79.09,Good,Phosphorus,Moderately Fertile,7,1,5,2
Cotton,69.16,Good,Phosphorus,Moderately Fertile,0,1,5,2
Soybean,77.85,Good,Phosphorus,Moderately Fertile,6,1,5,2
Groundnut,80.92,Excellent,None,Fertile,1,0,4,0
Rice,78.71,Good,Phosphorus,Moderately Fertile,5,1,5,2
Tomato,78.81,Good,None,Fertile,8,1,4,0
Cotton,75.03,Good,Potassium,Moderately Fertile,0,1,7,2
Groundnut,72.62,Good,Nitrogen,Moderately Fertile,1,1,0,2
Tomato,67.95,Good,Phosphorus,Moderately Fertile,8,1,5,2
Groundnut,84.16,Excellent,None,Fertile,1,0,4,0
Groundnut,67.6,Good,Nitrogen,Moderately Fertile,1,1,0,2
Groundnut,59.84,Moderate,"Phosphorus, Potassium",Infertile,1,2,6,1
Jute,72.97,Good,Potassium,Moderately Fertile,2,1,7,2
Maize,77.24,Good,Potassium,Moderately Fertile,3,1,7,2
Potato,73.1,Good,Potassium,Moderately Fertile,4,1,7,2
Tomato,71.96,Good,Phosphorus,Moderately Fertile,8,1,5,2
Rice,78.97,Good,None,Fertile,5,1,4,0
Cotton,65.54,Good,"Nitrogen, Phosphorus",Infertile,0,1,1,1
Soybean,79.24,Good,Potassium,Moderately Fertile,6,1,7,2
Rice,90.8,Excellent,None,Fertile,5,0,4,0
Soybean,83.42,Excellent,Phosphorus,Moderately Fertile,6,0,5,2
Jute,71.39,Good,Phosphorus,Moderately Fertile,2,1,5,2
Cotton,73.59,Good,Potassium,Moderately Fertile,0,1,7,2
Cotton,77.03,Good,"Nitrogen, Potassium",Infertile,0,1,3,1
Cotton,69.16,Good,Nitrogen,Moderately Fertile,0,1,0,2
Sugarcane,85.42,Excellent,None,Fertile,7,0,4,0
Potato,65.24,Good,Nitrogen,Moderately Fertile,4,1,0,2
Maize,68.47,Good,Potassium,Moderately Fertile,3,1,7,2
Cotton,77.39,Good,Nitrogen,Moderately Fertile,0,1,0,2
Cotton,89.14,Excellent,None,Fertile,0,0,4,0
Groundnut,48.99625000000002,Moderate,"Nitrogen, Phosphorus, Potassium",Infertile,1,2,2,1
Cotton,69.83,Good,Phosphorus,Moderately Fertile,0,1,5,2
Soybean,87.14,Excellent,None,Fertile,6,0,4,0
Potato,66.11,Good,"Phosphorus, Potassium",Infertile,4,1,6,1
Jute,75.17,Good,Potassium,Moderately Fertile,2,1,7,2
Potato,53.03,Moderate,"Nitrogen, Phosphorus, Potassium",Infertile,4,2,2,1
Tomato,76.63,Good,Phosphorus,Moderately Fertile,8,1,5,2
Groundnut,90.79,Excellent,None,Fertile,1,0,4,0
Potato,66.52,Good,None,Fertile,4,1,4,0
Groundnut,61.57,Good,"Nitrogen, Phosphorus",Infertile,1,1,1,1
Maize,63.69,Good,"Nitrogen, Potassium",Infertile,3,1,3,1
Tomato,80.32,Excellent,None,Fertile,8,0,4,0
Wheat,69.83,Good,Potassium,Moderately Fertile,9,1,7,2
Groundnut,76.12,Good,None,Fertile,1,1,4,0
Wheat,84.71,Excellent,None,Fertile,9,0,4,0
Maize,75.72,Good,"Phosphorus, Potassium",Infertile,3,1,6,1
Maize,76.51,Good,Potassium,Moderately Fertile,3,1,7,2
Sugarcane,64.29,Good,"Nitrogen, Phosphorus",Infertile,7,1,1,1
Rice,63.72,Good,"Phosphorus, Potassium",Infertile,5,1,6,1
Groundnut,51.92,Moderate,"Nitrogen, Phosphorus, Potassium",Infertile,1,2,2,1
Rice,81.53,Excellent,None,Fertile,5,0,4,0
Soybean,91.29,Excellent,None,Fertile,6,0,4,0
Rice,83.26,Excellent,Potassium,Moderately Fertile,5,0,7,2
Jute,86.85,Excellent,Phosphorus,Moderately Fertile,2,0,5,2
Jute,81.98,Excellent,None,Fertile,2,0,4,0
Jute,84.39,Excellent,Phosphorus,Moderately Fertile,2,0,5,2
Cotton,73.68,Good,Potassium,Moderately Fertile,0,1,7,2
Groundnut,75.19,Good,Phosphorus,Moderately Fertile,1,1,5,2
Rice,70.99,Good,Phosphorus,Moderately Fertile,5,1,5,2
Soybean,74.02,Good,Potassium,Moderately Fertile,6,1,7,2
Soybean,80.72,Excellent,Phosphorus,Moderately Fertile,6,0,5,2
Wheat,75.58,Good,None,Fertile,9,1,4,0
Potato,73.21,Good,None,Fertile,4,1,4,0
Soybean,81.52,Excellent,Phosphorus,Moderately Fertile,6,0,5,2
Wheat,89.97,Excellent,None,Fertile,9,0,4,0
Sugarcane,85.1,Excellent,None,Fertile,7,0,4,0
Potato,65.85,Good,"Phosphorus, Potassium",Infertile,4,1,6,1
Maize,68.02,Good,Nitrogen,Moderately Fertile,3,1,0,2
Cotton,80.81,Excellent,Potassium,Moderately Fertile,0,0,7,2
Jute,81.84,Excellent,Potassium,Moderately Fertile,2,0,7,2
Potato,51.61,Moderate,"Nitrogen, Phosphorus, Potassium",Infertile,4,2,2,1
Jute,60.69,Good,"Phosphorus, Potassium",Infertile,2,1,6,1
Maize,79.7,Good,None,Fertile,3,1,4,0
Cotton,85.62,Excellent,Phosphorus,Moderately Fertile,0,0,5,2
Wheat,67.09,Good,Nitrogen,Moderately Fertile,9,1,0,2
Groundnut,73.34,Good,Phosphorus,Moderately Fertile,1,1,5,2
Sugarcane,90.15,Excellent,None,Fertile,7,0,4,0
Tomato,84.26,Excellent,None,Fertile,8,0,4,0
Cotton,70.4,Good,Potassium,Moderately Fertile,0,1,7,2
Rice,83.77,Excellent,None,Fertile,5,0,4,0
Maize,75.12,Good,Phosphorus,Moderately Fertile,3,1,5,2
Jute,72.2,Good,Nitrogen,Moderately Fertile,2,1,0,2
Tomato,74.39,Good,Potassium,Moderately Fertile,8,1,7,2
Potato,81.68,Excellent,None,Fertile,4,0,4,0
Cotton,76.83,Good,"Phosphorus, Potassium",Infertile,0,1,6,1
Tomato,87.94,Excellent,None,Fertile,8,0,4,0
Jute,72.85,Good,Phosphorus,Moderately Fertile,2,1,5,2
Cotton,74.31,Good,Phosphorus,Moderately Fertile,0,1,5,2
Maize,86.16,Excellent,None,Fertile,3,0,4,0
Tomato,70.62,Good,Potassium,Moderately Fertile,8,1,7,2
Sugarcane,66.2,Good,"Nitrogen, Phosphorus",Infertile,7,1,1,1
Soybean,61.83,Good,"Nitrogen, Potassium",Infertile,6,1,3,1
Jute,80.97,Excellent,Potassium,Moderately Fertile,2,0,7,2
Potato,54.94,Moderate,"Nitrogen, Phosphorus",Infertile,4,2,1,1
Maize,88.19,Excellent,None,Fertile,3,0,4,0
Potato,60.43,Good,Nitrogen,Moderately Fertile,4,1,0,2
Tomato,68.04,Good,Potassium,Moderately Fertile,8,1,7,2
Wheat,84.95,Excellent,Potassium,Moderately Fertile,9,0,7,2
Potato,69.92,Good,Nitrogen,Moderately Fertile,4,1,0,2
Soybean,61.2,Good,"Phosphorus, Potassium",Infertile,6,1,6,1
Wheat,85.03,Excellent,None,Fertile,9,0,4,0
Maize,74.91,Good,Potassium,Moderately Fertile,3,1,7,2
Soybean,86.44,Excellent,None,Fertile,6,0,4,0
Cotton,79.67,Good,None,Fertile,0,1,4,0
Maize,63.97,Good,"Phosphorus, Potassium",Infertile,3,1,6,1
Groundnut,63.73,Good,Nitrogen,Moderately Fertile,1,1,0,2
Tomato,71.32,Good,"Nitrogen, Potassium",Infertile,8,1,3,1
Groundnut,77.83,Good,Potassium,Moderately Fertile,1,1,7,2
Jute,90.28,Excellent,None,Fertile,2,0,4,0
Sugarcane,72.62,Good,Phosphorus,Moderately Fertile,7,1,5,2
Maize,75.41,Good,Phosphorus,Moderately Fertile,3,1,5,2
Jute,76.52,Good,"Phosphorus, Potassium",Infertile,2,1,6,1
Jute,78.8,Good,Phosphorus,Moderately Fertile,2,1,5,2
Tomato,63.7,Good,"Phosphorus, Potassium",Infertile,8,1,6,1
Groundnut,81.65,Excellent,None,Fertile,1,0,4,0
Cotton,82.41,Excellent,None,Fertile,0,0,4,0
Maize,61.43,Good,"Nitrogen, Phosphorus",Infertile,3,1,1,1
Groundnut,69.84,Good,Nitrogen,Moderately Fertile,1,1,0,2
Wheat,85.14,Excellent,Potassium,Moderately Fertile,9,0,7,2
Tomato,79.8,Good,None,Fertile,8,1,4,0
Jute,69.76,Good,Phosphorus,Moderately Fertile,2,1,5,2
Maize,70.47,Good,Phosphorus,Moderately Fertile,3,1,5,2
Tomato,48.99625000000002,Moderate,"Nitrogen, Phosphorus, Potassium",Infertile,8,2,2,1
Potato,78.98,Good,None,Fertile,4,1,4,0
Wheat,84.55,Excellent,Potassium,Moderately Fertile,9,0,7,2
Groundnut,75.83,Good,None,Fertile,1,1,4,0
Rice,80.73,Excellent,None,Fertile,5,0,4,0
Tomato,50.23,Moderate,"Nitrogen, Phosphorus, Potassium",Infertile,8,2,2,1
Wheat,70.65,Good,"Phosphorus, Potassium",Infertile,9,1,6,1
Groundnut,84.21,Excellent,Phosphorus,Moderately Fertile,1,0,5,2
Rice,66.95,Good,"Nitrogen, Phosphorus",Infertile,5,1,1,1
Tomato,65.26,Good,Potassium,Moderately Fertile,8,1,7,2
Groundnut,71.67,Good,"Nitrogen, Phosphorus",Infertile,1,1,1,1
Soybean,61.05,Good,"Nitrogen, Potassium",Infertile,6,1,3,1
Groundnut,87.38,Excellent,None,Fertile,1,0,4,0
Groundnut,63.01,Good,Phosphorus,Moderately Fertile,1,1,5,2
Soybean,78.74,Good,Potassium,Moderately Fertile,6,1,7,2
Sugarcane,66.32,Good,"Nitrogen, Potassium",Infertile,7,1,3,1
Rice,89.85,Excellent,None,Fertile,5,0,4,0
Potato,67.05,Good,Phosphorus,Moderately Fertile,4,1,5,2
Potato,74.86,Good,None,Fertile,4,1,4,0
Potato,72.74,Good,Potassium,Moderately Fertile,4,1,7,2
Jute,70.0,Good,Potassium,Moderately Fertile,2,1,7,2
Wheat,78.22,Good,None,Fertile,9,1,4,0
Groundnut,65.76,Good,"Phosphorus, Potassium",Infertile,1,1,6,1
Potato,68.28,Good,Nitrogen,Moderately Fertile,4,1,0,2
Wheat,68.94,Good,"Phosphorus, Potassium",Infertile,9,1,6,1
Tomato,79.92,Good,None,Fertile,8,1,4,0
Soybean,68.25,Good,"Nitrogen, Potassium",Infertile,6,1,3,1
Maize,63.76,Good,"Nitrogen, Phosphorus",Infertile,3,1,1,1
Potato,82.33,Excellent,None,Fertile,4,0,4,0
Sugarcane,78.66,Good,Potassium,Moderately Fertile,7,1,7,2
Wheat,82.31,Excellent,Potassium,Moderately Fertile,9,0,7,2
Soybean,87.27,Excellent,Phosphorus,Moderately Fertile,6,0,5,2
Rice,76.11,Good,Potassium,Moderately Fertile,5,1,7,2
Soybean,86.46,Excellent,None,Fertile,6,0,4,0
Groundnut,56.15,Moderate,"Nitrogen, Phosphorus, Potassium",Infertile,1,2,2,1
Potato,48.99625000000002,Moderate,"Nitrogen, Phosphorus, Potassium",Infertile,4,2,2,1
Potato,70.94,Good,None,Fertile,4,1,4,0
Cotton,85.75,Excellent,Potassium,Moderately Fertile,0,0,7,2
Potato,79.29,Good,Nitrogen,Moderately Fertile,4,1,0,2
Sugarcane,88.3,Excellent,Potassium,Moderately Fertile,7,0,7,2
Potato,49.88,Moderate,"Phosphorus, Potassium",Infertile,4,2,6,1
Potato,56.55,Moderate,"Nitrogen, Potassium",Infertile,4,2,3,1
Tomato,55.65,Moderate,"Nitrogen, Phosphorus, Potassium",Infertile,8,2,2,1
Wheat,68.86,Good,None,Fertile,9,1,4,0
Maize,83.27,Excellent,None,Fertile,3,0,4,0
Soybean,73.65,Good,Nitrogen,Moderately Fertile,6,1,0,2
Sugarcane,79.92,Good,Nitrogen,Moderately Fertile,7,1,0,2
Maize,65.84,Good,Phosphorus,Moderately Fertile,3,1,5,2
Jute,75.06,Good,Phosphorus,Moderately Fertile,2,1,5,2
Tomato,64.74,Good,Nitrogen,Moderately Fertile,8,1,0,2
Groundnut,71.77,Good,None,Fertile,1,1,4,0
Maize,83.18,Excellent,Phosphorus,Moderately Fertile,3,0,5,2
Potato,52.9,Moderate,"Nitrogen, Phosphorus",Infertile,4,2,1,1
Potato,78.25,Good,Phosphorus,Moderately Fertile,4,1,5,2
Maize,70.07,Good,Nitrogen,Moderately Fertile,3,1,0,2
Wheat,81.84,Excellent,"Phosphorus, Potassium",Infertile,9,0,6,1
Groundnut,87.87,Excellent,None,Fertile,1,0,4,0
Wheat,90.02,Excellent,None,Fertile,9,0,4,0
Groundnut,83.08,Excellent,None,Fertile,1,0,4,0
Jute,87.86,Excellent,None,Fertile,2,0,4,0
Jute,67.61,Good,"Phosphorus, Potassium",Infertile,2,1,6,1
Jute,73.94,Good,Potassium,Moderately Fertile,2,1,7,2
Cotton,83.45,Excellent,Nitrogen,Moderately Fertile,0,0,0,2
Tomato,89.4,Excellent,None,Fertile,8,0,4,0
Rice,80.56,Excellent,None,Fertile,5,0,4,0
Sugarcane,69.71,Good,Phosphorus,Moderately Fertile,7,1,5,2
Jute,77.69,Good,Potassium,Moderately Fertile,2,1,7,2
Jute,82.63,Excellent,None,Fertile,2,0,4,0
Sugarcane,82.82,Excellent,None,Fertile,7,0,4,0
Potato,79.62,Good,None,Fertile,4,1,4,0
Tomato,80.48,Excellent,Phosphorus,Moderately Fertile,8,0,5,2
Groundnut,80.23,Excellent,None,Fertile,1,0,4,0
Rice,86.75,Excellent,None,Fertile,5,0,4,0
Jute,84.32,Excellent,None,Fertile,2,0,4,0
Tomato,79.78,Good,None,Fertile,8,1,4,0
Jute,83.94,Excellent,Phosphorus,Moderately Fertile,2,0,5,2
Cotton,85.94,Excellent,Phosphorus,Moderately Fertile,0,0,5,2
Tomato,48.99625000000002,Moderate,"Nitrogen, Phosphorus, Potassium",Infertile,8,2,2,1
Maize,74.69,Good,Nitrogen,Moderately Fertile,3,1,0,2
Potato,80.75,Excellent,Nitrogen,Moderately Fertile,4,0,0,2
Wheat,88.87,Excellent,None,Fertile,9,0,4,0
Sugarcane,86.92,Excellent,None,Fertile,7,0,4,0
Potato,77.53,Good,None,Fertile,4,1,4,0
Jute,80.69,Excellent,None,Fertile,2,0,4,0
Sugarcane,88.76,Excellent,None,Fertile,7,0,4,0
Groundnut,78.88,Good,None,Fertile,1,1,4,0
Cotton,73.12,Good,Nitrogen,Moderately Fertile,0,1,0,2
Jute,79.02,Good,Potassium,Moderately Fertile,2,1,7,2
Wheat,70.98,Good,Phosphorus,Moderately Fertile,9,1,5,2
Cotton,93.25,Excellent,None,Fertile,0,0,4,0
Rice,79.51,Good,Potassium,Moderately Fertile,5,1,7,2
Potato,71.32,Good,"Nitrogen, Potassium",Infertile,4,1,3,1
Sugarcane,80.42,Excellent,Phosphorus,Moderately Fertile,7,0,5,2
Wheat,80.73,Excellent,Potassium,Moderately Fertile,9,0,7,2
Cotton,81.95,Excellent,None,Fertile,0,0,4,0
Maize,55.39,Moderate,"Nitrogen, Potassium",Infertile,3,2,3,1
Wheat,72.03,Good,Potassium,Moderately Fertile,9,1,7,2
Maize,68.62,Good,Phosphorus,Moderately Fertile,3,1,5,2
Wheat,78.46,Good,None,Fertile,9,1,4,0
Tomato,91.76,Excellent,None,Fertile,8,0,4,0
Wheat,86.26,Excellent,None,Fertile,9,0,4,0
Tomato,76.65,Good,Phosphorus,Moderately Fertile,8,1,5,2
Potato,79.76,Good,Phosphorus,Moderately Fertile,4,1,5,2
Cotton,73.37,Good,Nitrogen,Moderately Fertile,0,1,0,2
Tomato,61.75,Good,Nitrogen,Moderately Fertile,8,1,0,2
Soybean,90.27,Excellent,None,Fertile,6,0,4,0
Groundnut,83.76,Excellent,None,Fertile,1,0,4,0
Tomato,56.05,Moderate,"Nitrogen, Potassium",Infertile,8,2,3,1
Tomato,73.55,Good,Phosphorus,Moderately Fertile,8,1,5,2
Soybean,61.07,Good,"Phosphorus, Potassium",Infertile,6,1,6,1
Jute,82.73,Excellent,None,Fertile,2,0,4,0
Soybean,82.87,Excellent,Potassium,Moderately Fertile,6,0,7,2
Sugarcane,82.07,Excellent,None,Fertile,7,0,4,0
Groundnut,82.42,Excellent,None,Fertile,1,0,4,0
Wheat,66.02,Good,"Nitrogen, Potassium",Infertile,9,1,3,1
Wheat,79.42,Good,Phosphorus,Moderately Fertile,9,1,5,2
Rice,75.42,Good,Potassium,Moderately Fertile,5,1,7,2
Cotton,89.74,Excellent,None,Fertile,0,0,4,0
Tomato,81.78,Excellent,None,Fertile,8,0,4,0
Sugarcane,89.94,Excellent,None,Fertile,7,0,4,0
Tomato,90.1,Excellent,None,Fertile,8,0,4,0
Sugarcane,94.65,Excellent,None,Fertile,7,0,4,0
Tomato,84.46,Excellent,None,Fertile,8,0,4,0
Wheat,83.72,Excellent,Phosphorus,Moderately Fertile,9,0,5,2
Soybean,84.69,Excellent,None,Fertile,6,0,4,0
Soybean,89.24,Excellent,None,Fertile,6,0,4,0
Tomato,68.03,Good,Potassium,Moderately Fertile,8,1,7,2
Maize,61.09,Good,"Phosphorus, Potassium",Infertile,3,1,6,1
Wheat,95.7,Excellent,None,Fertile,9,0,4,0
Tomato,84.41,Excellent,None,Fertile,8,0,4,0
Cotton,90.78,Excellent,None,Fertile,0,0,4,0
Cotton,88.13,Excellent,None,Fertile,0,0,4,0
Tomato,79.64,Good,Phosphorus,Moderately Fertile,8,1,5,2
Potato,91.43,Excellent,None,Fertile,4,0,4,0
Soybean,73.34,Good,Potassium,Moderately Fertile,6,1,7,2
Potato,59.93,Moderate,"Nitrogen, Potassium",Infertile,4,2,3,1
Groundnut,64.03,Good,"Nitrogen, Phosphorus",Infertile,1,1,1,1
Maize,71.56,Good,Phosphorus,Moderately Fertile,3,1,5,2
Potato,69.2,Good,Nitrogen,Moderately Fertile,4,1,0,2
Sugarcane,70.16,Good,Potassium,Moderately Fertile,7,1,7,2
Groundnut,53.76,Moderate,"Nitrogen, Phosphorus",Infertile,1,2,1,1
Potato,70.27,Good,Phosphorus,Moderately Fertile,4,1,5,2
Potato,72.53,Good,"Phosphorus, Potassium",Infertile,4,1,6,1
Jute,73.84,Good,Nitrogen,Moderately Fertile,2,1,0,2
Groundnut,75.01,Good,None,Fertile,1,1,4,0
Soybean,90.96,Excellent,None,Fertile,6,0,4,0
Sugarcane,81.48,Excellent,Potassium,Moderately Fertile,7,0,7,2
Cotton,79.67,Good,Phosphorus,Moderately Fertile,0,1,5,2
Jute,60.26,Good,"Nitrogen, Phosphorus",Infertile,2,1,1,1
Cotton,90.91,Excellent,None,Fertile,0,0,4,0
Potato,70.78,Good,Potassium,Moderately Fertile,4,1,7,2
Cotton,83.37,Excellent,None,Fertile,0,0,4,0
Sugarcane,81.12,Excellent,Nitrogen,Moderately Fertile,7,0,0,2
Wheat,83.53,Excellent,Phosphorus,Moderately Fertile,9,0,5,2
Tomato,86.68,Excellent,None,Fertile,8,0,4,0
Maize,73.07,Good,Nitrogen,Moderately Fertile,3,1,0,2
Soybean,89.28,Excellent,None,Fertile,6,0,4,0
Jute,76.19,Good,Potassium,Moderately Fertile,2,1,7,2
Jute,60.79,Good,"Nitrogen, Phosphorus, Potassium",Infertile,2,1,2,1
Groundnut,63.96,Good,Nitrogen,Moderately Fertile,1,1,0,2
Cotton,84.7,Excellent,Phosphorus,Moderately Fertile,0,0,5,2
Maize,67.4,Good,"Phosphorus, Potassium",Infertile,3,1,6,1
Jute,80.57,Excellent,None,Fertile,2,0,4,0
Potato,88.78,Excellent,None,Fertile,4,0,4,0
Jute,65.65,Good,"Phosphorus, Potassium",Infertile,2,1,6,1
Potato,79.79,Good,None,Fertile,4,1,4,0
Tomato,82.17,Excellent,None,Fertile,8,0,4,0
Jute,74.7,Good,Nitrogen,Moderately Fertile,2,1,0,2
Tomato,91.98,Excellent,None,Fertile,8,0,4,0
Cotton,86.87,Excellent,None,Fertile,0,0,4,0
Tomato,78.3,Good,Potassium,Moderately Fertile,8,1,7,2
Tomato,80.63,Excellent,None,Fertile,8,0,4,0
Potato,68.9,Good,Phosphorus,Moderately Fertile,4,1,5,2
Cotton,71.78,Good,"Phosphorus, Potassium",Infertile,0,1,6,1
Soybean,83.42,Excellent,None,Fertile,6,0,4,0
Potato,60.43,Good,"Nitrogen, Potassium",Infertile,4,1,3,1
Wheat,89.77,Excellent,None,Fertile,9,0,4,0
Tomato,85.47,Excellent,Phosphorus,Moderately Fertile,8,0,5,2
Sugarcane,82.18,Excellent,None,Fertile,7,0,4,0
Tomato,79.72,Good,Potassium,Moderately Fertile,8,1,7,2
Wheat,77.98,Good,Phosphorus,Moderately Fertile,9,1,5,2
Groundnut,76.62,Good,None,Fertile,1,1,4,0
Potato,66.19,Good,"Nitrogen, Potassium",Infertile,4,1,3,1
Potato,64.7,Good,"Nitrogen, Potassium",Infertile,4,1,3,1
Groundnut,52.01,Moderate,"Nitrogen, Phosphorus, Potassium",Infertile,1,2,2,1
Sugarcane,85.17,Excellent,Potassium,Moderately Fertile,7,0,7,2
Sugarcane,88.38,Excellent,None,Fertile,7,0,4,0
Jute,74.7,Good,Potassium,Moderately Fertile,2,1,7,2
Wheat,81.98,Excellent,Potassium,Moderately Fertile,9,0,7,2
Sugarcane,72.69,Good,Potassium,Moderately Fertile,7,1,7,2
Jute,70.76,Good,"Nitrogen, Potassium",Infertile,2,1,3,1
Soybean,96.9,Excellent,None,Fertile,6,0,4,0
Cotton,80.88,Excellent,Phosphorus,Moderately Fertile,0,0,5,2
Sugarcane,81.15,Excellent,Potassium,Moderately Fertile,7,0,7,2
Groundnut,68.73,Good,"Nitrogen, Potassium",Infertile,1,1,3,1
Groundnut,79.63,Good,Nitrogen,Moderately Fertile,1,1,0,2
Groundnut,72.16,Good,Potassium,Moderately Fertile,1,1,7,2
Sugarcane,74.81,Good,Potassium,Moderately Fertile,7,1,7,2
Potato,67.23,Good,Potassium,Moderately Fertile,4,1,7,2
Groundnut,80.0,Excellent,"Phosphorus, Potassium",Infertile,1,0,6,1
Tomato,82.2,Excellent,None,Fertile,8,0,4,0
Jute,78.85,Good,Potassium,Moderately Fertile,2,1,7,2
Soybean,70.11,Good,Phosphorus,Moderately Fertile,6,1,5,2
Groundnut,75.78,Good,Phosphorus,Moderately Fertile,1,1,5,2
Rice,70.98,Good,"Nitrogen, Phosphorus",Infertile,5,1,1,1
Potato,71.82,Good,Nitrogen,Moderately Fertile,4,1,0,2
Maize,74.06,Good,Potassium,Moderately Fertile,3,1,7,2
Rice,65.44,Good,"Phosphorus, Potassium",Infertile,5,1,6,1
Wheat,83.31,Excellent,Potassium,Moderately Fertile,9,0,7,2
Wheat,84.2,Excellent,None,Fertile,9,0,4,0
Groundnut,72.44,Good,None,Fertile,1,1,4,0
Cotton,97.0,Excellent,None,Fertile,0,0,4,0
Potato,69.88,Good,Nitrogen,Moderately Fertile,4,1,0,2
Sugarcane,74.26,Good,Potassium,Moderately Fertile,7,1,7,2
Rice,61.91,Good,"Nitrogen, Phosphorus",Infertile,5,1,1,1
Soybean,80.79,Excellent,Potassium,Moderately Fertile,6,0,7,2
Jute,88.45,Excellent,None,Fertile,2,0,4,0
Sugarcane,75.81,Good,Phosphorus,Moderately Fertile,7,1,5,2
Sugarcane,83.54,Excellent,None,Fertile,7,0,4,0
Soybean,77.96,Good,Potassium,Moderately Fertile,6,1,7,2
Soybean,80.77,Excellent,Potassium,Moderately Fertile,6,0,7,2
Rice,81.05,Excellent,None,Fertile,5,0,4,0
Maize,82.27,Excellent,Phosphorus,Moderately Fertile,3,0,5,2
Cotton,75.59,Good,None,Fertile,0,1,4,0
Rice,79.22,Good,Potassium,Moderately Fertile,5,1,7,2
Jute,78.03,Good,Potassium,Moderately Fertile,2,1,7,2
Soybean,91.48,Excellent,None,Fertile,6,0,4,0
Wheat,74.29,Good,Potassium,Moderately Fertile,9,1,7,2
Soybean,90.52,Excellent,None,Fertile,6,0,4,0
Soybean,88.61,Excellent,None,Fertile,6,0,4,0
Soybean,85.65,Excellent,None,Fertile,6,0,4,0
Groundnut,83.18,Excellent,None,Fertile,1,0,4,0
Potato,74.48,Good,None,Fertile,4,1,4,0
Sugarcane,62.18,Good,"Nitrogen, Phosphorus",Infertile,7,1,1,1
Potato,64.68,Good,Nitrogen,Moderately Fertile,4,1,0,2
Cotton,77.18,Good,Phosphorus,Moderately Fertile,0,1,5,2
Tomato,86.25,Excellent,None,Fertile,8,0,4,0
Rice,92.35,Excellent,None,Fertile,5,0,4,0
Tomato,65.19,Good,Potassium,Moderately Fertile,8,1,7,2
Cotton,89.05,Excellent,None,Fertile,0,0,4,0
Wheat,79.78,Good,None,Fertile,9,1,4,0
Soybean,90.0,Excellent,None,Fertile,6,0,4,0
Wheat,89.92,Excellent,None,Fertile,9,0,4,0
Wheat,58.73,Moderate,"Nitrogen, Potassium",Infertile,9,2,3,1
Groundnut,79.56,Good,None,Fertile,1,1,4,0
Jute,62.31,Good,"Phosphorus, Potassium",Infertile,2,1,6,1
Maize,72.93,Good,Phosphorus,Moderately Fertile,3,1,5,2
Soybean,76.49,Good,"Nitrogen, Potassium",Infertile,6,1,3,1
Jute,77.46,Good,None,Fertile,2,1,4,0
Maize,78.01,Good,Phosphorus,Moderately Fertile,3,1,5,2
Soybean,85.39,Excellent,None,Fertile,6,0,4,0
Jute,79.52,Good,Phosphorus,Moderately Fertile,2,1,5,2
Wheat,81.6,Excellent,None,Fertile,9,0,4,0
Wheat,78.87,Good,None,Fertile,9,1,4,0
Sugarcane,79.58,Good,None,Fertile,7,1,4,0
Tomato,70.19,Good,"Phosphorus, Potassium",Infertile,8,1,6,1
Groundnut,80.26,Excellent,Potassium,Moderately Fertile,1,0,7,2
Maize,67.42,Good,Potassium,Moderately Fertile,3,1,7,2
Soybean,73.19,Good,"Nitrogen, Phosphorus",Infertile,6,1,1,1
Maize,81.95,Excellent,None,Fertile,3,0,4,0
Groundnut,52.38,Moderate,"Nitrogen, Phosphorus",Infertile,1,2,1,1
Soybean,87.27,Excellent,None,Fertile,6,0,4,0
Tomato,70.01,Good,Nitrogen,Moderately Fertile,8,1,0,2
Sugarcane,85.34,Excellent,Phosphorus,Moderately Fertile,7,0,5,2
Potato,87.84,Excellent,None,Fertile,4,0,4,0
Maize,62.34,Good,"Nitrogen, Potassium",Infertile,3,1,3,1
Soybean,76.92,Good,Phosphorus,Moderately Fertile,6,1,5,2
Sugarcane,81.83,Excellent,Phosphorus,Moderately Fertile,7,0,5,2
Rice,80.54,Excellent,Nitrogen,Moderately Fertile,5,0,0,2
Groundnut,53.71,Moderate,"Nitrogen, Potassium",Infertile,1,2,3,1
Sugarcane,75.28,Good,Nitrogen,Moderately Fertile,7,1,0,2
Potato,80.04,Excellent,Phosphorus,Moderately Fertile,4,0,5,2
Sugarcane,69.62,Good,Phosphorus,Moderately Fertile,7,1,5,2
Cotton,78.64,Good,None,Fertile,0,1,4,0
Wheat,73.03,Good,None,Fertile,9,1,4,0
Tomato,73.15,Good,Nitrogen,Moderately Fertile,8,1,0,2
Sugarcane,71.48,Good,Potassium,Moderately Fertile,7,1,7,2
Jute,78.25,Good,Nitrogen,Moderately Fertile,2,1,0,2
Cotton,89.02,Excellent,None,Fertile,0,0,4,0
Sugarcane,76.86,Good,Potassium,Moderately Fertile,7,1,7,2
Soybean,65.47,Good,"Phosphorus, Potassium",Infertile,6,1,6,1
Tomato,81.43,Excellent,None,Fertile,8,0,4,0
Soybean,75.41,Good,Potassium,Moderately Fertile,6,1,7,2
Cotton,62.78,Good,"Nitrogen, Potassium",Infertile,0,1,3,1
Sugarcane,66.87,Good,"Phosphorus, Potassium",Infertile,7,1,6,1
Wheat,79.24,Good,None,Fertile,9,1,4,0
Sugarcane,90.55,Excellent,None,Fertile,7,0,4,0
Groundnut,50.26,Moderate,"Nitrogen, Phosphorus, Potassium",Infertile,1,2,2,1
Jute,68.76,Good,Nitrogen,Moderately Fertile,2,1,0,2
Tomato,67.44,Good,"Nitrogen, Phosphorus",Infertile,8,1,1,1
Jute,84.63,Excellent,None,Fertile,2,0,4,0
Cotton,81.89,Excellent,Potassium,Moderately Fertile,0,0,7,2
Soybean,80.08,Excellent,Potassium,Moderately Fertile,6,0,7,2
Wheat,86.77,Excellent,None,Fertile,9,0,4,0
Jute,64.81,Good,"Phosphorus, Potassium",Infertile,2,1,6,1
Potato,52.93,Moderate,"Phosphorus, Potassium",Infertile,4,2,6,1
Maize,69.76,Good,"Phosphorus, Potassium",Infertile,3,1,6,1
Jute,90.93,Excellent,None,Fertile,2,0,4,0
Soybean,85.97,Excellent,Potassium,Moderately Fertile,6,0,7,2
Maize,72.21,Good,Phosphorus,Moderately Fertile,3,1,5,2
Groundnut,69.29,Good,Nitrogen,Moderately Fertile,1,1,0,2
Groundnut,66.32,Good,Potassium,Moderately Fertile,1,1,7,2
Maize,78.8,Good,None,Fertile,3,1,4,0
Wheat,73.06,Good,Potassium,Moderately Fertile,9,1,7,2
Wheat,88.25,Excellent,None,Fertile,9,0,4,0
Jute,80.44,Excellent,Phosphorus,Moderately Fertile,2,0,5,2
Soybean,84.57,Excellent,Potassium,Moderately Fertile,6,0,7,2
Sugarcane,67.13,Good,"Phosphorus, Potassium",Infertile,7,1,6,1
Tomato,86.93,Excellent,None,Fertile,8,0,4,0
Rice,85.11,Excellent,None,Fertile,5,0,4,0
Soybean,80.09,Excellent,Phosphorus,Moderately Fertile,6,0,5,2
Maize,79.72,Good,None,Fertile,3,1,4,0
Maize,79.96,Good,None,Fertile,3,1,4,0
Wheat,97.13,Excellent,None,Fertile,9,0,4,0
Soybean,78.39,Good,Potassium,Moderately Fertile,6,1,7,2
Jute,78.4,Good,Phosphorus,Moderately Fertile,2,1,5,2
Soybean,89.47,Excellent,None,Fertile,6,0,4,0
Jute,69.28,Good,Nitrogen,Moderately Fertile,2,1,0,2
Tomato,82.75,Excellent,None,Fertile,8,0,4,0
Sugarcane,87.51,Excellent,None,Fertile,7,0,4,0
Soybean,70.48,Good,"Phosphorus, Potassium",Infertile,6,1,6,1
Maize,74.29,Good,Potassium,Moderately Fertile,3,1,7,2
Jute,60.03,Good,"Phosphorus, Potassium",Infertile,2,1,6,1
Maize,64.4,Good,"Phosphorus, Potassium",Infertile,3,1,6,1
Soybean,75.7,Good,Potassium,Moderately Fertile,6,1,7,2
Maize,80.42,Excellent,None,Fertile,3,0,4,0
Rice,83.84,Excellent,None,Fertile,5,0,4,0
Maize,80.56,Excellent,Potassium,Moderately Fertile,3,0,7,2
Potato,75.58,Good,Potassium,Moderately Fertile,4,1,7,2
Tomato,73.35,Good,None,Fertile,8,1,4,0
Rice,69.15,Good,Potassium,Moderately Fertile,5,1,7,2
Rice,79.92,Good,Potassium,Moderately Fertile,5,1,7,2
Potato,62.04,Good,"Phosphorus, Potassium",Infertile,4,1,6,1
Groundnut,55.45,Moderate,"Nitrogen, Potassium",Infertile,1,2,3,1
Maize,67.23,Good,"Phosphorus, Potassium",Infertile,3,1,6,1
Sugarcane,72.75,Good,Phosphorus,Moderately Fertile,7,1,5,2
Cotton,71.24,Good,Potassium,Moderately Fertile,0,1,7,2
Soybean,62.61,Good,"Nitrogen, Potassium",Infertile,6,1,3,1
Sugarcane,84.06,Excellent,Potassium,Moderately Fertile,7,0,7,2
Soybean,89.82,Excellent,None,Fertile,6,0,4,0
Groundnut,64.37,Good,Nitrogen,Moderately Fertile,1,1,0,2
Rice,79.59,Good,Phosphorus,Moderately Fertile,5,1,5,2
Rice,78.42,Good,Potassium,Moderately Fertile,5,1,7,2
Maize,81.45,Excellent,Potassium,Moderately Fertile,3,0,7,2
Rice,93.78,Excellent,None,Fertile,5,0,4,0
Cotton,68.85,Good,Potassium,Moderately Fertile,0,1,7,2
Maize,82.27,Excellent,None,Fertile,3,0,4,0
Maize,83.16,Excellent,None,Fertile,3,0,4,0
Tomato,85.11,Excellent,None,Fertile,8,0,4,0
Jute,68.21,Good,Phosphorus,Moderately Fertile,2,1,5,2
Wheat,65.9,Good,"Nitrogen, Phosphorus",Infertile,9,1,1,1
Jute,83.45,Excellent,Potassium,Moderately Fertile,2,0,7,2
Sugarcane,85.36,Excellent,Potassium,Moderately Fertile,7,0,7,2
Groundnut,82.84,Excellent,None,Fertile,1,0,4,0
Tomato,57.82,Moderate,"Nitrogen, Potassium",Infertile,8,2,3,1
Potato,61.1,Good,"Nitrogen, Potassium",Infertile,4,1,3,1
Cotton,79.65,Good,None,Fertile,0,1,4,0
Jute,60.92,Good,"Nitrogen, Phosphorus",Infertile,2,1,1,1
Rice,91.8,Excellent,None,Fertile,5,0,4,0
Potato,62.18,Good,"Nitrogen, Phosphorus",Infertile,4,1,1,1
Maize,89.35,Excellent,None,Fertile,3,0,4,0
Potato,54.35,Moderate,"Phosphorus, Potassium",Infertile,4,2,6,1
Jute,81.58,Excellent,None,Fertile,2,0,4,0
Wheat,81.01,Excellent,Potassium,Moderately Fertile,9,0,7,2
Maize,71.8,Good,"Phosphorus, Potassium",Infertile,3,1,6,1
Maize,52.47,Moderate,"Nitrogen, Phosphorus, Potassium",Infertile,3,2,2,1
Wheat,67.06,Good,Phosphorus,Moderately Fertile,9,1,5,2
Groundnut,67.63,Good,Nitrogen,Moderately Fertile,1,1,0,2
Wheat,81.88,Excellent,None,Fertile,9,0,4,0
Groundnut,65.96,Good,Nitrogen,Moderately Fertile,1,1,0,2
Rice,85.47,Excellent,None,Fertile,5,0,4,0
Wheat,84.59,Excellent,None,Fertile,9,0,4,0
Groundnut,75.35,Good,Potassium,Moderately Fertile,1,1,7,2
Sugarcane,63.16,Good,"Nitrogen, Potassium",Infertile,7,1,3,1
Cotton,69.64,Good,"Phosphorus, Potassium",Infertile,0,1,6,1
Sugarcane,71.09,Good,"Nitrogen, Phosphorus",Infertile,7,1,1,1
Cotton,65.93,Good,"Nitrogen, Potassium",Infertile,0,1,3,1
Sugarcane,87.55,Excellent,None,Fertile,7,0,4,0
Sugarcane,78.63,Good,Nitrogen,Moderately Fertile,7,1,0,2
Cotton,68.55,Good,Phosphorus,Moderately Fertile,0,1,5,2
Wheat,91.12,Excellent,None,Fertile,9,0,4,0
Jute,79.28,Good,Nitrogen,Moderately Fertile,2,1,0,2
Cotton,63.51,Good,Phosphorus,Moderately Fertile,0,1,5,2
Soybean,92.07,Excellent,None,Fertile,6,0,4,0
Maize,91.5,Excellent,None,Fertile,3,0,4,0
Sugarcane,83.28,Excellent,Potassium,Moderately Fertile,7,0,7,2
Jute,72.06,Good,"Phosphorus, Potassium",Infertile,2,1,6,1
Potato,75.35,Good,None,Fertile,4,1,4,0
Potato,71.49,Good,None,Fertile,4,1,4,0
Jute,70.67,Good,"Phosphorus, Potassium",Infertile,2,1,6,1
Sugarcane,89.04,Excellent,None,Fertile,7,0,4,0
Tomato,86.89,Excellent,None,Fertile,8,0,4,0
Soybean,80.22,Excellent,None,Fertile,6,0,4,0
Sugarcane,83.39,Excellent,Nitrogen,Moderately Fertile,7,0,0,2
Potato,67.25,Good,Potassium,Moderately Fertile,4,1,7,2
Groundnut,59.8,Moderate,"Phosphorus, Potassium",Infertile,1,2,6,1
Groundnut,75.81,Good,Phosphorus,Moderately Fertile,1,1,5,2
Soybean,92.36,Excellent,None,Fertile,6,0,4,0
Potato,57.33,Moderate,"Phosphorus, Potassium",Infertile,4,2,6,1
Potato,76.74,Good,None,Fertile,4,1,4,0
Soybean,64.41,Good,"Phosphorus, Potassium",Infertile,6,1,6,1
Sugarcane,72.87,Good,Phosphorus,Moderately Fertile,7,1,5,2
Wheat,78.16,Good,Nitrogen,Moderately Fertile,9,1,0,2
Groundnut,64.22,Good,Nitrogen,Moderately Fertile,1,1,0,2
Soybean,70.07,Good,Phosphorus,Moderately Fertile,6,1,5,2
Cotton,81.87,Excellent,Potassium,Moderately Fertile,0,0,7,2
Soybean,75.37,Good,"Phosphorus, Potassium",Infertile,6,1,6,1
Tomato,73.75,Good,Phosphorus,Moderately Fertile,8,1,5,2
Soybean,90.72,Excellent,None,Fertile,6,0,4,0
Tomato,61.62,Good,"Phosphorus, Potassium",Infertile,8,1,6,1
Cotton,86.55,Excellent,None,Fertile,0,0,4,0
Jute,83.16,Excellent,Potassium,Moderately Fertile,2,0,7,2
Rice,78.33,Good,None,Fertile,5,1,4,0
Potato,77.04,Good,None,Fertile,4,1,4,0
Wheat,83.38,Excellent,Potassium,Moderately Fertile,9,0,7,2
Soybean,90.03,Excellent,None,Fertile,6,0,4,0
Wheat,77.43,Good,None,Fertile,9,1,4,0
Maize,86.13,Excellent,None,Fertile,3,0,4,0
Maize,80.96,Excellent,Potassium,Moderately Fertile,3,0,7,2
Sugarcane,92.2,Excellent,None,Fertile,7,0,4,0
Sugarcane,80.2,Excellent,None,Fertile,7,0,4,0
Groundnut,58.24,Moderate,"Nitrogen, Phosphorus",Infertile,1,2,1,1
Rice,90.39,Excellent,None,Fertile,5,0,4,0
Potato,71.33,Good,Nitrogen,Moderately Fertile,4,1,0,2
Sugarcane,71.04,Good,Potassium,Moderately Fertile,7,1,7,2
Groundnut,77.41,Good,Phosphorus,Moderately Fertile,1,1,5,2
Maize,79.63,Good,Phosphorus,Moderately Fertile,3,1,5,2
Cotton,93.74,Excellent,None,Fertile,0,0,4,0
Jute,71.08,Good,"Phosphorus, Potassium",Infertile,2,1,6,1
Tomato,60.19,Good,"Nitrogen, Phosphorus, Potassium",Infertile,8,1,2,1
Sugarcane,85.03,Excellent,None,Fertile,7,0,4,0
Potato,77.92,Good,None,Fertile,4,1,4,0
Rice,63.35,Good,"Nitrogen, Potassium",Infertile,5,1,3,1
Wheat,64.97,Good,"Phosphorus, Potassium",Infertile,9,1,6,1
Cotton,92.58,Excellent,None,Fertile,0,0,4,0
Tomato,61.33,Good,"Nitrogen, Potassium",Infertile,8,1,3,1
Potato,69.28,Good,Nitrogen,Moderately Fertile,4,1,0,2
Groundnut,57.46,Moderate,"Nitrogen, Potassium",Infertile,1,2,3,1
Soybean,94.65,Excellent,None,Fertile,6,0,4,0
Potato,76.67,Good,Phosphorus,Moderately Fertile,4,1,5,2
Maize,80.97,Excellent,Potassium,Moderately Fertile,3,0,7,2
Maize,72.04,Good,Potassium,Moderately Fertile,3,1,7,2
Maize,92.88,Excellent,None,Fertile,3,0,4,0
Sugarcane,72.6,Good,Potassium,Moderately Fertile,7,1,7,2
Wheat,83.33,Excellent,None,Fertile,9,0,4,0
Potato,61.29,Good,"Phosphorus, Potassium",Infertile,4,1,6,1
Maize,72.96,Good,Potassium,Moderately Fertile,3,1,7,2
Tomato,67.53,Good,"Phosphorus, Potassium",Infertile,8,1,6,1
Groundnut,70.13,Good,Potassium,Moderately Fertile,1,1,7,2
Soybean,82.43,Excellent,None,Fertile,6,0,4,0
Tomato,69.11,Good,Potassium,Moderately Fertile,8,1,7,2
Groundnut,82.77,Excellent,None,Fertile,1,0,4,0
Jute,81.52,Excellent,Phosphorus,Moderately Fertile,2,0,5,2
Maize,87.61,Excellent,None,Fertile,3,0,4,0
Potato,81.75,Excellent,None,Fertile,4,0,4,0
Tomato,71.34,Good,Potassium,Moderately Fertile,8,1,7,2
Sugarcane,83.56,Excellent,Phosphorus,Moderately Fertile,7,0,5,2
Rice,92.78,Excellent,None,Fertile,5,0,4,0
Potato,57.51,Moderate,"Nitrogen, Potassium",Infertile,4,2,3,1
Groundnut,68.26,Good,Nitrogen,Moderately Fertile,1,1,0,2
Jute,74.92,Good,Potassium,Moderately Fertile,2,1,7,2
Cotton,89.32,Excellent,None,Fertile,0,0,4,0
Maize,81.08,Excellent,None,Fertile,3,0,4,0
Wheat,67.36,Good,Phosphorus,Moderately Fertile,9,1,5,2
Groundnut,78.13,Good,Phosphorus,Moderately Fertile,1,1,5,2
Cotton,75.58,Good,Phosphorus,Moderately Fertile,0,1,5,2
Groundnut,76.79,Good,None,Fertile,1,1,4,0
Potato,61.58,Good,"Nitrogen, Phosphorus",Infertile,4,1,1,1
Sugarcane,76.72,Good,None,Fertile,7,1,4,0
Soybean,79.83,Good,None,Fertile,6,1,4,0
Jute,78.19,Good,Phosphorus,Moderately Fertile,2,1,5,2
Cotton,89.65,Excellent,None,Fertile,0,0,4,0
Maize,67.11,Good,"Nitrogen, Potassium",Infertile,3,1,3,1
Jute,81.38,Excellent,None,Fertile,2,0,4,0
Cotton,89.76,Excellent,None,Fertile,0,0,4,0
Cotton,79.44,Good,Potassium,Moderately Fertile,0,1,7,2
Groundnut,89.68,Excellent,None,Fertile,1,0,4,0
Potato,87.5,Excellent,None,Fertile,4,0,4,0
Soybean,72.57,Good,Nitrogen,Moderately Fertile,6,1,0,2
Jute,73.97,Good,"Phosphorus, Potassium",Infertile,2,1,6,1
Rice,68.68,Good,Phosphorus,Moderately Fertile,5,1,5,2
Groundnut,56.67,Moderate,"Nitrogen, Potassium",Infertile,1,2,3,1
Cotton,74.72,Good,Potassium,Moderately Fertile,0,1,7,2
Sugarcane,68.95,Good,Potassium,Moderately Fertile,7,1,7,2
Maize,86.69,Excellent,None,Fertile,3,0,4,0
Wheat,71.77,Good,Phosphorus,Moderately Fertile,9,1,5,2
Cotton,71.43,Good,Phosphorus,Moderately Fertile,0,1,5,2
Wheat,84.11,Excellent,Potassium,Moderately Fertile,9,0,7,2
Jute,77.33,Good,Phosphorus,Moderately Fertile,2,1,5,2
Tomato,76.77,Good,Potassium,Moderately Fertile,8,1,7,2
Sugarcane,81.92,Excellent,Phosphorus,Moderately Fertile,7,0,5,2
Jute,77.48,Good,Phosphorus,Moderately Fertile,2,1,5,2
Tomato,55.95,Moderate,"Nitrogen, Potassium",Infertile,8,2,3,1
Sugarcane,70.78,Good,"Nitrogen, Phosphorus",Infertile,7,1,1,1
Soybean,91.18,Excellent,None,Fertile,6,0,4,0
Soybean,70.5,Good,Nitrogen,Moderately Fertile,6,1,0,2
Soybean,81.12,Excellent,None,Fertile,6,0,4,0
Groundnut,74.59,Good,None,Fertile,1,1,4,0
Soybean,74.5,Good,Potassium,Moderately Fertile,6,1,7,2
Jute,73.29,Good,Nitrogen,Moderately Fertile,2,1,0,2
Jute,67.23,Good,Phosphorus,Moderately Fertile,2,1,5,2
Potato,77.53,Good,None,Fertile,4,1,4,0
Groundnut,76.34,Good,None,Fertile,1,1,4,0
Jute,68.86,Good,Potassium,Moderately Fertile,2,1,7,2
Sugarcane,72.38,Good,Potassium,Moderately Fertile,7,1,7,2
Wheat,87.49,Excellent,None,Fertile,9,0,4,0
Groundnut,52.13,Moderate,"Nitrogen, Phosphorus",Infertile,1,2,1,1
Jute,76.53,Good,Phosphorus,Moderately Fertile,2,1,5,2
Sugarcane,75.14,Good,Nitrogen,Moderately Fertile,7,1,0,2
Cotton,85.23,Excellent,None,Fertile,0,0,4,0
Cotton,83.46,Excellent,None,Fertile,0,0,4,0
Wheat,73.36,Good,Potassium,Moderately Fertile,9,1,7,2
Cotton,87.56,Excellent,None,Fertile,0,0,4,0
Tomato,74.9,Good,Potassium,Moderately Fertile,8,1,7,2
Maize,88.74,Excellent,None,Fertile,3,0,4,0
Maize,71.03,Good,Phosphorus,Moderately Fertile,3,1,5,2
Potato,83.32,Excellent,None,Fertile,4,0,4,0
Rice,85.72,Excellent,None,Fertile,5,0,4,0
Tomato,75.24,Good,Phosphorus,Moderately Fertile,8,1,5,2
Groundnut,79.21,Good,Phosphorus,Moderately Fertile,1,1,5,2
Sugarcane,73.42,Good,Nitrogen,Moderately Fertile,7,1,0,2
Maize,75.95,Good,Phosphorus,Moderately Fertile,3,1,5,2
Groundnut,66.35,Good,Nitrogen,Moderately Fertile,1,1,0,2
Tomato,80.38,Excellent,Phosphorus,Moderately Fertile,8,0,5,2
Potato,89.89,Excellent,None,Fertile,4,0,4,0
Tomato,49.1,Moderate,"Nitrogen, Phosphorus, Potassium",Infertile,8,2,2,1
Potato,55.0,Moderate,"Nitrogen, Potassium",Infertile,4,2,3,1
Wheat,87.4,Excellent,Potassium,Moderately Fertile,9,0,7,2
Tomato,79.2,Good,None,Fertile,8,1,4,0
Jute,79.1,Good,Phosphorus,Moderately Fertile,2,1,5,2
Potato,77.53,Good,None,Fertile,4,1,4,0
Sugarcane,67.59,Good,"Phosphorus, Potassium",Infertile,7,1,6,1
Sugarcane,77.37,Good,Potassium,Moderately Fertile,7,1,7,2
Potato,72.35,Good,None,Fertile,4,1,4,0
Potato,72.03,Good,None,Fertile,4,1,4,0
Wheat,75.27,Good,Potassium,Moderately Fertile,9,1,7,2
Cotton,84.51,Excellent,None,Fertile,0,0,4,0
Potato,70.58,Good,Potassium,Moderately Fertile,4,1,7,2
Jute,82.03,Excellent,None,Fertile,2,0,4,0
Tomato,59.09,Moderate,"Nitrogen, Phosphorus",Infertile,8,2,1,1
Potato,59.38,Moderate,"Nitrogen, Phosphorus, Potassium",Infertile,4,2,2,1
Jute,84.07,Excellent,Phosphorus,Moderately Fertile,2,0,5,2
Wheat,63.06,Good,"Phosphorus, Potassium",Infertile,9,1,6,1
Maize,81.45,Excellent,Potassium,Moderately Fertile,3,0,7,2
Sugarcane,80.8,Excellent,None,Fertile,7,0,4,0
Potato,71.05,Good,Nitrogen,Moderately Fertile,4,1,0,2
Rice,85.64,Excellent,None,Fertile,5,0,4,0
Groundnut,70.48,Good,Phosphorus,Moderately Fertile,1,1,5,2
Soybean,62.38,Good,"Phosphorus, Potassium",Infertile,6,1,6,1
Tomato,73.49,Good,Nitrogen,Moderately Fertile,8,1,0,2
Soybean,75.95,Good,Potassium,Moderately Fertile,6,1,7,2
Rice,80.29,Excellent,None,Fertile,5,0,4,0
Soybean,70.97,Good,Phosphorus,Moderately Fertile,6,1,5,2
Maize,78.69,Good,None,Fertile,3,1,4,0
Sugarcane,60.85,Good,"Phosphorus, Potassium",Infertile,7,1,6,1
Jute,82.05,Excellent,None,Fertile,2,0,4,0
Maize,74.5,Good,Potassium,Moderately Fertile,3,1,7,2
Maize,54.94,Moderate,"Nitrogen, Phosphorus, Potassium",Infertile,3,2,2,1
Potato,77.69,Good,None,Fertile,4,1,4,0
Jute,67.41,Good,Phosphorus,Moderately Fertile,2,1,5,2
Wheat,84.79,Excellent,Phosphorus,Moderately Fertile,9,0,5,2
Jute,68.44,Good,Phosphorus,Moderately Fertile,2,1,5,2
Soybean,66.82,Good,"Nitrogen, Potassium",Infertile,6,1,3,1
Wheat,91.02,Excellent,None,Fertile,9,0,4,0
Sugarcane,83.9,Excellent,Potassium,Moderately Fertile,7,0,7,2
Maize,64.18,Good,"Nitrogen, Potassium",Infertile,3,1,3,1
Groundnut,57.37,Moderate,"Nitrogen, Potassium",Infertile,1,2,3,1
Groundnut,54.16,Moderate,"Nitrogen, Phosphorus",Infertile,1,2,1,1
Cotton,88.1,Excellent,None,Fertile,0,0,4,0
Cotton,77.86,Good,None,Fertile,0,1,4,0
Cotton,78.37,Good,Potassium,Moderately Fertile,0,1,7,2
Maize,87.19,Excellent,None,Fertile,3,0,4,0
Sugarcane,81.17,Excellent,Phosphorus,Moderately Fertile,7,0,5,2
Potato,74.92,Good,Potassium,Moderately Fertile,4,1,7,2
Jute,74.69,Good,Phosphorus,Moderately Fertile,2,1,5,2
Sugarcane,69.79,Good,Nitrogen,Moderately Fertile,7,1,0,2
Rice,77.04,Good,Potassium,Moderately Fertile,5,1,7,2
Potato,63.48,Good,Nitrogen,Moderately Fertile,4,1,0,2
Cotton,69.45,Good,"Nitrogen, Potassium",Infertile,0,1,3,1
Cotton,67.1,Good,Potassium,Moderately Fertile,0,1,7,2
Wheat,61.88,Good,"Nitrogen, Phosphorus",Infertile,9,1,1,1
Groundnut,65.8,Good,Nitrogen,Moderately Fertile,1,1,0,2
Rice,79.81,Good,None,Fertile,5,1,4,0
Potato,71.68,Good,None,Fertile,4,1,4,0
Rice,67.39,Good,"Nitrogen, Potassium",Infertile,5,1,3,1
Cotton,71.61,Good,"Phosphorus, Potassium",Infertile,0,1,6,1
Soybean,90.05,Excellent,None,Fertile,6,0,4,0
Maize,92.83,Excellent,None,Fertile,3,0,4,0
Sugarcane,64.78,Good,"Phosphorus, Potassium",Infertile,7,1,6,1
Groundnut,82.45,Excellent,Phosphorus,Moderately Fertile,1,0,5,2
Cotton,81.11,Excellent,Potassium,Moderately Fertile,0,0,7,2
Soybean,89.98,Excellent,None,Fertile,6,0,4,0
Wheat,83.29,Excellent,Potassium,Moderately Fertile,9,0,7,2
Cotton,88.8,Excellent,None,Fertile,0,0,4,0
Soybean,90.08,Excellent,None,Fertile,6,0,4,0
Rice,81.35,Excellent,None,Fertile,5,0,4,0
Maize,85.84,Excellent,Potassium,Moderately Fertile,3,0,7,2
Rice,79.76,Good,Potassium,Moderately Fertile,5,1,7,2
Wheat,85.87,Excellent,None,Fertile,9,0,4,0
Sugarcane,83.51,Excellent,None,Fertile,7,0,4,0
Soybean,79.9,Good,None,Fertile,6,1,4,0
Jute,89.6,Excellent,None,Fertile,2,0,4,0
Soybean,79.81,Good,Potassium,Moderately Fertile,6,1,7,2
Soybean,88.99,Excellent,None,Fertile,6,0,4,0
Sugarcane,64.84,Good,Phosphorus,Moderately Fertile,7,1,5,2
Wheat,72.26,Good,Potassium,Moderately Fertile,9,1,7,2
Jute,75.79,Good,Potassium,Moderately Fertile,2,1,7,2
Soybean,84.8,Excellent,None,Fertile,6,0,4,0
Sugarcane,74.97,Good,Phosphorus,Moderately Fertile,7,1,5,2
Groundnut,73.24,Good,Potassium,Moderately Fertile,1,1,7,2
Maize,76.35,Good,Phosphorus,Moderately Fertile,3,1,5,2
Potato,77.23,Good,None,Fertile,4,1,4,0
Rice,92.57,Excellent,None,Fertile,5,0,4,0
Wheat,69.88,Good,Potassium,Moderately Fertile,9,1,7,2
Wheat,80.87,Excellent,Potassium,Moderately Fertile,9,0,7,2
Rice,85.42,Excellent,None,Fertile,5,0,4,0
Wheat,74.68,Good,Potassium,Moderately Fertile,9,1,7,2
Potato,77.11,Good,Nitrogen,Moderately Fertile,4,1,0,2
Sugarcane,80.04,Excellent,Potassium,Moderately Fertile,7,0,7,2
Soybean,65.42,Good,Nitrogen,Moderately Fertile,6,1,0,2
Wheat,68.95,Good,Potassium,Moderately Fertile,9,1,7,2
Sugarcane,74.41,Good,"Phosphorus, Potassium",Infertile,7,1,6,1
Sugarcane,86.74,Excellent,None,Fertile,7,0,4,0
Wheat,80.05,Excellent,None,Fertile,9,0,4,0
Jute,81.47,Excellent,None,Fertile,2,0,4,0
Wheat,81.69,Excellent,None,Fertile,9,0,4,0
Soybean,76.05,Good,Potassium,Moderately Fertile,6,1,7,2
Cotton,82.48,Excellent,Potassium,Moderately Fertile,0,0,7,2
Tomato,85.1,Excellent,None,Fertile,8,0,4,0
Cotton,85.81,Excellent,None,Fertile,0,0,4,0
Jute,71.13,Good,"Nitrogen, Potassium",Infertile,2,1,3,1
Rice,88.68,Excellent,None,Fertile,5,0,4,0
Soybean,81.96,Excellent,None,Fertile,6,0,4,0
Wheat,92.19,Excellent,None,Fertile,9,0,4,0
Cotton,90.09,Excellent,None,Fertile,0,0,4,0
Maize,71.92,Good,"Phosphorus, Potassium",Infertile,3,1,6,1
Potato,76.78,Good,None,Fertile,4,1,4,0
Jute,80.58,Excellent,None,Fertile,2,0,4,0
Potato,54.92,Moderate,"Nitrogen, Phosphorus, Potassium",Infertile,4,2,2,1
Cotton,86.89,Excellent,None,Fertile,0,0,4,0
Jute,60.69,Good,"Nitrogen, Potassium",Infertile,2,1,3,1
Wheat,71.13,Good,"Phosphorus, Potassium",Infertile,9,1,6,1
Sugarcane,89.39,Excellent,None,Fertile,7,0,4,0
Groundnut,59.23,Moderate,"Nitrogen, Potassium",Infertile,1,2,3,1
Potato,59.58,Moderate,Nitrogen,Moderately Fertile,4,2,0,2
Groundnut,59.5,Moderate,"Nitrogen, Phosphorus",Infertile,1,2,1,1
Groundnut,57.92,Moderate,"Nitrogen, Potassium",Infertile,1,2,3,1
Tomato,70.49,Good,Potassium,Moderately Fertile,8,1,7,2
Soybean,69.16,Good,"Phosphorus, Potassium",Infertile,6,1,6,1
Potato,77.59,Good,Nitrogen,Moderately Fertile,4,1,0,2
Groundnut,54.31,Moderate,"Phosphorus, Potassium",Infertile,1,2,6,1
Tomato,58.45,Moderate,"Nitrogen, Phosphorus",Infertile,8,2,1,1
Potato,49.32,Moderate,"Nitrogen, Phosphorus",Infertile,4,2,1,1
Tomato,53.64,Moderate,"Nitrogen, Phosphorus, Potassium",Infertile,8,2,2,1
Sugarcane,83.78,Excellent,None,Fertile,7,0,4,0
Sugarcane,77.69,Good,None,Fertile,7,1,4,0
Sugarcane,84.32,Excellent,Potassium,Moderately Fertile,7,0,7,2
Cotton,89.17,Excellent,Phosphorus,Moderately Fertile,0,0,5,2
Wheat,81.34,Excellent,Potassium,Moderately Fertile,9,0,7,2
Maize,72.64,Good,Phosphorus,Moderately Fertile,3,1,5,2
Sugarcane,83.3,Excellent,Phosphorus,Moderately Fertile,7,0,5,2
Potato,79.26,Good,None,Fertile,4,1,4,0
Potato,71.04,Good,Potassium,Moderately Fertile,4,1,7,2
Maize,91.33,Excellent,None,Fertile,3,0,4,0
Groundnut,51.03,Moderate,"Nitrogen, Potassium",Infertile,1,2,3,1
Sugarcane,82.45,Excellent,None,Fertile,7,0,4,0
Tomato,80.41,Excellent,None,Fertile,8,0,4,0
Cotton,69.34,Good,Nitrogen,Moderately Fertile,0,1,0,2
Soybean,74.99,Good,"Phosphorus, Potassium",Infertile,6,1,6,1
Maize,84.69,Excellent,Potassium,Moderately Fertile,3,0,7,2
Maize,80.56,Excellent,None,Fertile,3,0,4,0
Potato,86.93,Excellent,None,Fertile,4,0,4,0
Tomato,64.83,Good,Nitrogen,Moderately Fertile,8,1,0,2
Soybean,75.95,Good,Potassium,Moderately Fertile,6,1,7,2
Groundnut,72.78,Good,Potassium,Moderately Fertile,1,1,7,2
Wheat,70.37,Good,"Phosphorus, Potassium",Infertile,9,1,6,1
Tomato,80.88,Excellent,None,Fertile,8,0,4,0
Rice,83.48,Excellent,None,Fertile,5,0,4,0
Sugarcane,66.09,Good,"Nitrogen, Potassium",Infertile,7,1,3,1
Maize,64.13,Good,Nitrogen,Moderately Fertile,3,1,0,2
Jute,80.16,Excellent,Potassium,Moderately Fertile,2,0,7,2
Maize,58.35,Moderate,"Phosphorus, Potassium",Infertile,3,2,6,1
Maize,85.03,Excellent,None,Fertile,3,0,4,0
Cotton,59.76,Moderate,"Nitrogen, Potassium",Infertile,0,2,3,1
Cotton,63.72,Good,"Phosphorus, Potassium",Infertile,0,1,6,1
Jute,74.94,Good,Potassium,Moderately Fertile,2,1,7,2
Maize,77.69,Good,Phosphorus,Moderately Fertile,3,1,5,2
Cotton,93.99,Excellent,None,Fertile,0,0,4,0
Potato,66.23,Good,Nitrogen,Moderately Fertile,4,1,0,2
Potato,89.55,Excellent,None,Fertile,4,0,4,0
Potato,57.98,Moderate,"Phosphorus, Potassium",Infertile,4,2,6,1
Potato,64.08,Good,Phosphorus,Moderately Fertile,4,1,5,2
Groundnut,58.62,Moderate,"Nitrogen, Phosphorus",Infertile,1,2,1,1
Jute,74.62,Good,None,Fertile,2,1,4,0
Rice,87.77,Excellent,None,Fertile,5,0,4,0
Maize,77.63,Good,Potassium,Moderately Fertile,3,1,7,2
Jute,92.23,Excellent,None,Fertile,2,0,4,0
Potato,62.35,Good,"Nitrogen, Potassium",Infertile,4,1,3,1
Tomato,76.78,Good,"Phosphorus, Potassium",Infertile,8,1,6,1
Potato,69.37,Good,Phosphorus,Moderately Fertile,4,1,5,2
Soybean,90.4,Excellent,None,Fertile,6,0,4,0
Groundnut,77.5,Good,Phosphorus,Moderately Fertile,1,1,5,2
Jute,83.08,Excellent,None,Fertile,2,0,4,0
Wheat,84.78,Excellent,Nitrogen,Moderately Fertile,9,0,0,2
Tomato,90.59,Excellent,None,Fertile,8,0,4,0
Cotton,87.65,Excellent,None,Fertile,0,0,4,0
Groundnut,66.11,Good,"Nitrogen, Potassium",Infertile,1,1,3,1
Groundnut,86.93,Excellent,None,Fertile,1,0,4,0
Groundnut,65.19,Good,None,Fertile,1,1,4,0
Groundnut,69.15,Good,"Phosphorus, Potassium",Infertile,1,1,6,1
Sugarcane,87.75,Excellent,None,Fertile,7,0,4,0
Wheat,80.79,Excellent,Phosphorus,Moderately Fertile,9,0,5,2
Rice,86.2,Excellent,None,Fertile,5,0,4,0
Sugarcane,79.14,Good,Potassium,Moderately Fertile,7,1,7,2
Sugarcane,84.6,Excellent,None,Fertile,7,0,4,0
Jute,70.13,Good,"Phosphorus, Potassium",Infertile,2,1,6,1
Rice,80.47,Excellent,Nitrogen,Moderately Fertile,5,0,0,2
Soybean,65.76,Good,"Phosphorus, Potassium",Infertile,6,1,6,1
Wheat,86.85,Excellent,Phosphorus,Moderately Fertile,9,0,5,2
Wheat,78.88,Good,Phosphorus,Moderately Fertile,9,1,5,2
Groundnut,65.72,Good,Phosphorus,Moderately Fertile,1,1,5,2
Jute,81.13,Excellent,None,Fertile,2,0,4,0
Wheat,81.97,Excellent,Phosphorus,Moderately Fertile,9,0,5,2
Sugarcane,77.48,Good,Nitrogen,Moderately Fertile,7,1,0,2
Jute,72.98,Good,Potassium,Moderately Fertile,2,1,7,2
Jute,77.96,Good,Potassium,Moderately Fertile,2,1,7,2
Tomato,66.07,Good,Potassium,Moderately Fertile,8,1,7,2
Jute,73.13,Good,Potassium,Moderately Fertile,2,1,7,2
Rice,82.65,Excellent,None,Fertile,5,0,4,0
Soybean,84.58,Excellent,Phosphorus,Moderately Fertile,6,0,5,2
Tomato,78.98,Good,Potassium,Moderately Fertile,8,1,7,2
Rice,75.05,Good,"Phosphorus, Potassium",Infertile,5,1,6,1
Maize,58.56,Moderate,"Nitrogen, Phosphorus",Infertile,3,2,1,1
Groundnut,66.01,Good,Phosphorus,Moderately Fertile,1,1,5,2
Jute,80.05,Excellent,Phosphorus,Moderately Fertile,2,0,5,2
Groundnut,68.04,Good,Nitrogen,Moderately Fertile,1,1,0,2
Maize,86.25,Excellent,Potassium,Moderately Fertile,3,0,7,2
Sugarcane,94.13,Excellent,None,Fertile,7,0,4,0
Potato,85.39,Excellent,None,Fertile,4,0,4,0
Potato,57.48,Moderate,"Nitrogen, Potassium",Infertile,4,2,3,1
Sugarcane,81.7,Excellent,None,Fertile,7,0,4,0
Rice,77.78,Good,Potassium,Moderately Fertile,5,1,7,2
Potato,67.23,Good,Nitrogen,Moderately Fertile,4,1,0,2
Tomato,72.34,Good,"Phosphorus, Potassium",Infertile,8,1,6,1
Jute,83.33,Excellent,None,Fertile,2,0,4,0
Potato,64.26,Good,Potassium,Moderately Fertile,4,1,7,2
Groundnut,66.95,Good,Nitrogen,Moderately Fertile,1,1,0,2
Groundnut,67.87,Good,Potassium,Moderately Fertile,1,1,7,2
Maize,84.21,Excellent,None,Fertile,3,0,4,0
Wheat,76.91,Good,Nitrogen,Moderately Fertile,9,1,0,2
Tomato,59.24,Moderate,"Nitrogen, Potassium",Infertile,8,2,3,1
Tomato,88.02,Excellent,None,Fertile,8,0,4,0
Groundnut,67.33,Good,Nitrogen,Moderately Fertile,1,1,0,2
Sugarcane,87.58,Excellent,None,Fertile,7,0,4,0
Groundnut,54.48,Moderate,"Nitrogen, Phosphorus, Potassium",Infertile,1,2,2,1
Tomato,87.07,Excellent,None,Fertile,8,0,4,0
Cotton,80.67,Excellent,Phosphorus,Moderately Fertile,0,0,5,2
Jute,69.08,Good,"Phosphorus, Potassium",Infertile,2,1,6,1
Tomato,72.66,Good,Potassium,Moderately Fertile,8,1,7,2
Sugarcane,83.43,Excellent,Potassium,Moderately Fertile,7,0,7,2
Jute,80.57,Excellent,None,Fertile,2,0,4,0
Jute,87.96,Excellent,None,Fertile,2,0,4,0
Sugarcane,73.93,Good,Potassium,Moderately Fertile,7,1,7,2
Wheat,83.09,Excellent,Potassium,Moderately Fertile,9,0,7,2
Groundnut,57.21,Moderate,"Nitrogen, Potassium",Infertile,1,2,3,1
Wheat,70.52,Good,"Phosphorus, Potassium",Infertile,9,1,6,1
Potato,53.49,Moderate,"Nitrogen, Phosphorus",Infertile,4,2,1,1
Rice,66.68,Good,"Nitrogen, Potassium",Infertile,5,1,3,1
Maize,73.62,Good,Potassium,Moderately Fertile,3,1,7,2
Soybean,80.87,Excellent,Potassium,Moderately Fertile,6,0,7,2
Maize,84.25,Excellent,None,Fertile,3,0,4,0
Jute,77.84,Good,Potassium,Moderately Fertile,2,1,7,2
Groundnut,69.4,Good,Phosphorus,Moderately Fertile,1,1,5,2
Potato,82.82,Excellent,None,Fertile,4,0,4,0
Potato,87.06,Excellent,None,Fertile,4,0,4,0
Soybean,80.79,Excellent,Nitrogen,Moderately Fertile,6,0,0,2
Jute,78.15,Good,Phosphorus,Moderately Fertile,2,1,5,2
Groundnut,75.95,Good,Phosphorus,Moderately Fertile,1,1,5,2
Groundnut,57.47,Moderate,"Phosphorus, Potassium",Infertile,1,2,6,1
Groundnut,86.47,Excellent,None,Fertile,1,0,4,0
Jute,55.86,Moderate,"Phosphorus, Potassium",Infertile,2,2,6,1
Potato,58.19,Moderate,"Nitrogen, Potassium",Infertile,4,2,3,1
Maize,87.4,Excellent,None,Fertile,3,0,4,0
Groundnut,58.89,Moderate,"Phosphorus, Potassium",Infertile,1,2,6,1
Maize,78.76,Good,"Phosphorus, Potassium",Infertile,3,1,6,1
Tomato,76.8,Good,None,Fertile,8,1,4,0
Potato,79.87,Good,None,Fertile,4,1,4,0
Tomato,55.41,Moderate,"Nitrogen, Phosphorus, Potassium",Infertile,8,2,2,1
Maize,84.23,Excellent,None,Fertile,3,0,4,0
Groundnut,55.0,Moderate,"Nitrogen, Potassium",Infertile,1,2,3,1
Maize,70.63,Good,"Nitrogen, Phosphorus",Infertile,3,1,1,1
Cotton,72.42,Good,Potassium,Moderately Fertile,0,1,7,2
Wheat,76.33,Good,Phosphorus,Moderately Fertile,9,1,5,2
Soybean,81.01,Excellent,None,Fertile,6,0,4,0
Sugarcane,89.5,Excellent,None,Fertile,7,0,4,0
Sugarcane,83.22,Excellent,Potassium,Moderately Fertile,7,0,7,2
Rice,91.68,Excellent,None,Fertile,5,0,4,0
Tomato,76.46,Good,Phosphorus,Moderately Fertile,8,1,5,2
Groundnut,61.92,Good,"Nitrogen, Potassium",Infertile,1,1,3,1
Jute,66.78,Good,"Phosphorus, Potassium",Infertile,2,1,6,1
Groundnut,60.44,Good,"Phosphorus, Potassium",Infertile,1,1,6,1
Soybean,59.96,Moderate,"Phosphorus, Potassium",Infertile,6,2,6,1
Groundnut,85.35,Excellent,None,Fertile,1,0,4,0
Jute,79.24,Good,Nitrogen,Moderately Fertile,2,1,0,2
Potato,72.74,Good,Phosphorus,Moderately Fertile,4,1,5,2
Groundnut,84.75,Excellent,Phosphorus,Moderately Fertile,1,0,5,2
Cotton,86.17,Excellent,None,Fertile,0,0,4,0
Soybean,74.73,Good,Phosphorus,Moderately Fertile,6,1,5,2
Sugarcane,92.88,Excellent,None,Fertile,7,0,4,0
Potato,61.57,Good,"Nitrogen, Phosphorus",Infertile,4,1,1,1
Rice,71.58,Good,Potassium,Moderately Fertile,5,1,7,2
Sugarcane,75.74,Good,"Phosphorus, Potassium",Infertile,7,1,6,1
Sugarcane,71.7,Good,Phosphorus,Moderately Fertile,7,1,5,2
Cotton,75.49,Good,Phosphorus,Moderately Fertile,0,1,5,2
Jute,77.23,Good,Phosphorus,Moderately Fertile,2,1,5,2
Soybean,85.87,Excellent,None,Fertile,6,0,4,0
Rice,84.06,Excellent,None,Fertile,5,0,4,0
Wheat,79.87,Good,Phosphorus,Moderately Fertile,9,1,5,2
Soybean,78.08,Good,Nitrogen,Moderately Fertile,6,1,0,2
Rice,82.35,Excellent,None,Fertile,5,0,4,0
Maize,81.22,Excellent,None,Fertile,3,0,4,0
Soybean,73.24,Good,Potassium,Moderately Fertile,6,1,7,2
Jute,94.01,Excellent,None,Fertile,2,0,4,0
Tomato,75.56,Good,None,Fertile,8,1,4,0
Rice,56.12,Moderate,"Nitrogen, Potassium",Infertile,5,2,3,1
Tomato,78.43,Good,None,Fertile,8,1,4,0
Potato,68.18,Good,Potassium,Moderately Fertile,4,1,7,2
Jute,80.15,Excellent,None,Fertile,2,0,4,0
Potato,66.04,Good,"Nitrogen, Potassium",Infertile,4,1,3,1
Cotton,75.86,Good,Potassium,Moderately Fertile,0,1,7,2
Groundnut,67.18,Good,None,Fertile,1,1,4,0
Potato,80.89,Excellent,Potassium,Moderately Fertile,4,0,7,2
Wheat,68.67,Good,"Phosphorus, Potassium",Infertile,9,1,6,1
Jute,80.07,Excellent,None,Fertile,2,0,4,0
Rice,63.53,Good,"Nitrogen, Phosphorus",Infertile,5,1,1,1
Groundnut,65.1,Good,Nitrogen,Moderately Fertile,1,1,0,2
Wheat,73.44,Good,Nitrogen,Moderately Fertile,9,1,0,2
Cotton,79.95,Good,None,Fertile,0,1,4,0
Groundnut,78.54,Good,None,Fertile,1,1,4,0
Maize,89.15,Excellent,None,Fertile,3,0,4,0
Groundnut,79.17,Good,None,Fertile,1,1,4,0
Sugarcane,94.36,Excellent,None,Fertile,7,0,4,0
Cotton,80.95,Excellent,Phosphorus,Moderately Fertile,0,0,5,2
Maize,78.9,Good,None,Fertile,3,1,4,0
Cotton,92.11,Excellent,None,Fertile,0,0,4,0
Soybean,53.5,Moderate,"Nitrogen, Phosphorus, Potassium",Infertile,6,2,2,1
Cotton,75.57,Good,Phosphorus,Moderately Fertile,0,1,5,2
Jute,64.78,Good,"Phosphorus, Potassium",Infertile,2,1,6,1
Wheat,84.06,Excellent,Potassium,Moderately Fertile,9,0,7,2
Jute,84.59,Excellent,Phosphorus,Moderately Fertile,2,0,5,2
Soybean,89.98,Excellent,None,Fertile,6,0,4,0
Rice,71.9,Good,Phosphorus,Moderately Fertile,5,1,5,2
Rice,66.56,Good,"Nitrogen, Potassium",Infertile,5,1,3,1
Cotton,70.72,Good,Potassium,Moderately Fertile,0,1,7,2
Sugarcane,69.43,Good,Nitrogen,Moderately Fertile,7,1,0,2
Groundnut,64.96,Good,Nitrogen,Moderately Fertile,1,1,0,2
Wheat,91.45,Excellent,None,Fertile,9,0,4,0
Groundnut,79.55,Good,None,Fertile,1,1,4,0
Cotton,78.41,Good,Potassium,Moderately Fertile,0,1,7,2
Soybean,82.1,Excellent,None,Fertile,6,0,4,0
Wheat,76.4,Good,Phosphorus,Moderately Fertile,9,1,5,2
Jute,74.48,Good,None,Fertile,2,1,4,0
Rice,78.44,Good,None,Fertile,5,1,4,0
Soybean,86.21,Excellent,None,Fertile,6,0,4,0
Groundnut,82.01,Excellent,Potassium,Moderately Fertile,1,0,7,2
Groundnut,76.4,Good,"Nitrogen, Potassium",Infertile,1,1,3,1
Tomato,69.24,Good,Potassium,Moderately Fertile,8,1,7,2
Wheat,78.67,Good,None,Fertile,9,1,4,0
Tomato,68.39,Good,"Phosphorus, Potassium",Infertile,8,1,6,1
Cotton,80.97,Excellent,None,Fertile,0,0,4,0
Groundnut,78.92,Good,None,Fertile,1,1,4,0
Potato,65.52,Good,Nitrogen,Moderately Fertile,4,1,0,2
Wheat,84.6,Excellent,Phosphorus,Moderately Fertile,9,0,5,2
Tomato,63.44,Good,Nitrogen,Moderately Fertile,8,1,0,2
Soybean,63.67,Good,"Phosphorus, Potassium",Infertile,6,1,6,1
Sugarcane,82.68,Excellent,Potassium,Moderately Fertile,7,0,7,2
Soybean,69.42,Good,"Nitrogen, Potassium",Infertile,6,1,3,1
Jute,77.61,Good,None,Fertile,2,1,4,0
Rice,79.02,Good,None,Fertile,5,1,4,0
Rice,77.69,Good,Potassium,Moderately Fertile,5,1,7,2
Maize,84.05,Excellent,None,Fertile,3,0,4,0
Jute,78.79,Good,Phosphorus,Moderately Fertile,2,1,5,2
Jute,68.57,Good,Phosphorus,Moderately Fertile,2,1,5,2
Jute,86.1,Excellent,None,Fertile,2,0,4,0
Maize,64.61,Good,"Phosphorus, Potassium",Infertile,3,1,6,1
Potato,72.84,Good,Nitrogen,Moderately Fertile,4,1,0,2
Sugarcane,78.32,Good,None,Fertile,7,1,4,0
Jute,77.66,Good,Nitrogen,Moderately Fertile,2,1,0,2
Tomato,63.42,Good,Potassium,Moderately Fertile,8,1,7,2
Tomato,68.35,Good,Nitrogen,Moderately Fertile,8,1,0,2
Maize,73.21,Good,Phosphorus,Moderately Fertile,3,1,5,2
Rice,68.26,Good,Nitrogen,Moderately Fertile,5,1,0,2
Tomato,68.01,Good,"Phosphorus, Potassium",Infertile,8,1,6,1
Rice,58.2,Moderate,"Nitrogen, Phosphorus",Infertile,5,2,1,1
Sugarcane,67.74,Good,Phosphorus,Moderately Fertile,7,1,5,2
Rice,88.4,Excellent,None,Fertile,5,0,4,0
Soybean,81.78,Excellent,None,Fertile,6,0,4,0
Wheat,86.72,Excellent,None,Fertile,9,0,4,0
Potato,56.62,Moderate,"Nitrogen, Potassium",Infertile,4,2,3,1
Maize,58.1,Moderate,"Nitrogen, Phosphorus",Infertile,3,2,1,1
Maize,85.03,Excellent,None,Fertile,3,0,4,0
Maize,83.25,Excellent,Phosphorus,Moderately Fertile,3,0,5,2
Cotton,85.96,Excellent,None,Fertile,0,0,4,0
Potato,56.29,Moderate,"Nitrogen, Phosphorus",Infertile,4,2,1,1
Tomato,78.14,Good,None,Fertile,8,1,4,0
Tomato,74.29,Good,Potassium,Moderately Fertile,8,1,7,2
Maize,81.43,Excellent,None,Fertile,3,0,4,0
Cotton,73.97,Good,"Phosphorus, Potassium",Infertile,0,1,6,1
Sugarcane,76.63,Good,None,Fertile,7,1,4,0
Maize,88.63,Excellent,None,Fertile,3,0,4,0
Tomato,67.91,Good,Nitrogen,Moderately Fertile,8,1,0,2
Soybean,77.37,Good,Phosphorus,Moderately Fertile,6,1,5,2
Maize,70.78,Good,Potassium,Moderately Fertile,3,1,7,2
Rice,69.78,Good,Phosphorus,Moderately Fertile,5,1,5,2
Wheat,76.53,Good,Potassium,Moderately Fertile,9,1,7,2
Cotton,74.86,Good,Potassium,Moderately Fertile,0,1,7,2
Cotton,75.34,Good,Phosphorus,Moderately Fertile,0,1,5,2
Groundnut,78.23,Good,None,Fertile,1,1,4,0
Groundnut,87.5,Excellent,None,Fertile,1,0,4,0
Cotton,71.07,Good,Phosphorus,Moderately Fertile,0,1,5,2
Rice,87.7,Excellent,None,Fertile,5,0,4,0
Maize,75.73,Good,Nitrogen,Moderately Fertile,3,1,0,2
Maize,80.45,Excellent,None,Fertile,3,0,4,0
Cotton,87.13,Excellent,Phosphorus,Moderately Fertile,0,0,5,2
Wheat,83.77,Excellent,None,Fertile,9,0,4,0
Jute,64.24,Good,"Phosphorus, Potassium",Infertile,2,1,6,1
Groundnut,65.14,Good,Nitrogen,Moderately Fertile,1,1,0,2
Soybean,69.37,Good,Phosphorus,Moderately Fertile,6,1,5,2
Sugarcane,91.9,Excellent,None,Fertile,7,0,4,0
Wheat,79.81,Good,None,Fertile,9,1,4,0
Cotton,71.68,Good,Phosphorus,Moderately Fertile,0,1,5,2
Cotton,64.29,Good,"Phosphorus, Potassium",Infertile,0,1,6,1
Maize,72.49,Good,Potassium,Moderately Fertile,3,1,7,2
Wheat,84.61,Excellent,Potassium,Moderately Fertile,9,0,7,2
Jute,65.99,Good,"Nitrogen, Phosphorus",Infertile,2,1,1,1
Wheat,97.65,Excellent,None,Fertile,9,0,4,0
Maize,90.55,Excellent,None,Fertile,3,0,4,0
Soybean,68.98,Good,Potassium,Moderately Fertile,6,1,7,2
Rice,75.55,Good,Phosphorus,Moderately Fertile,5,1,5,2
Potato,72.86,Good,Potassium,Moderately Fertile,4,1,7,2
Tomato,81.82,Excellent,Phosphorus,Moderately Fertile,8,0,5,2
Jute,84.66,Excellent,None,Fertile,2,0,4,0
Jute,59.2,Moderate,"Nitrogen, Phosphorus, Potassium",Infertile,2,2,2,1
Soybean,74.05,Good,Nitrogen,Moderately Fertile,6,1,0,2
Tomato,59.62,Moderate,"Phosphorus, Potassium",Infertile,8,2,6,1
Sugarcane,82.78,Excellent,Phosphorus,Moderately Fertile,7,0,5,2
Potato,80.31,Excellent,Phosphorus,Moderately Fertile,4,0,5,2
Soybean,88.69,Excellent,None,Fertile,6,0,4,0
Tomato,79.22,Good,Potassium,Moderately Fertile,8,1,7,2
Maize,74.26,Good,Potassium,Moderately Fertile,3,1,7,2
Wheat,74.7,Good,Potassium,Moderately Fertile,9,1,7,2
Rice,77.88,Good,Potassium,Moderately Fertile,5,1,7,2
Groundnut,88.49,Excellent,None,Fertile,1,0,4,0
Sugarcane,71.56,Good,None,Fertile,7,1,4,0
Potato,64.24,Good,"Nitrogen, Phosphorus, Potassium",Infertile,4,1,2,1
Potato,85.5,Excellent,None,Fertile,4,0,4,0
Jute,85.74,Excellent,Phosphorus,Moderately Fertile,2,0,5,2
Tomato,53.26,Moderate,"Nitrogen, Phosphorus, Potassium",Infertile,8,2,2,1
Wheat,80.89,Excellent,None,Fertile,9,0,4,0
Jute,76.79,Good,Potassium,Moderately Fertile,2,1,7,2
Wheat,70.31,Good,Phosphorus,Moderately Fertile,9,1,5,2
Soybean,81.68,Excellent,None,Fertile,6,0,4,0
Wheat,90.72,Excellent,None,Fertile,9,0,4,0
Groundnut,87.72,Excellent,None,Fertile,1,0,4,0
Sugarcane,88.6,Excellent,None,Fertile,7,0,4,0
Potato,86.33,Excellent,None,Fertile,4,0,4,0
Soybean,72.23,Good,Potassium,Moderately Fertile,6,1,7,2
Sugarcane,92.03,Excellent,None,Fertile,7,0,4,0
Potato,57.49,Moderate,"Nitrogen, Potassium",Infertile,4,2,3,1
Sugarcane,82.75,Excellent,None,Fertile,7,0,4,0
Wheat,61.36,Good,"Nitrogen, Potassium",Infertile,9,1,3,1
Sugarcane,82.46,Excellent,None,Fertile,7,0,4,0
Jute,65.78,Good,"Phosphorus, Potassium",Infertile,2,1,6,1
Tomato,74.06,Good,Potassium,Moderately Fertile,8,1,7,2
Tomato,82.01,Excellent,Phosphorus,Moderately Fertile,8,0,5,2
Soybean,76.8,Good,Phosphorus,Moderately Fertile,6,1,5,2
Maize,84.91,Excellent,Potassium,Moderately Fertile,3,0,7,2
Groundnut,61.07,Good,Nitrogen,Moderately Fertile,1,1,0,2
Soybean,89.11,Excellent,None,Fertile,6,0,4,0
Wheat,87.63,Excellent,None,Fertile,9,0,4,0
Maize,89.48,Excellent,None,Fertile,3,0,4,0
Tomato,48.99625000000002,Moderate,"Nitrogen, Phosphorus, Potassium",Infertile,8,2,2,1
Wheat,82.72,Excellent,None,Fertile,9,0,4,0
Rice,83.47,Excellent,None,Fertile,5,0,4,0
Sugarcane,73.94,Good,Potassium,Moderately Fertile,7,1,7,2
Jute,91.15,Excellent,None,Fertile,2,0,4,0
Maize,76.82,Good,Potassium,Moderately Fertile,3,1,7,2
Potato,61.45,Good,"Nitrogen, Phosphorus",Infertile,4,1,1,1
Soybean,87.55,Excellent,Potassium,Moderately Fertile,6,0,7,2
Rice,79.3,Good,Potassium,Moderately Fertile,5,1,7,2
Soybean,80.31,Excellent,None,Fertile,6,0,4,0
Soybean,63.99,Good,"Phosphorus, Potassium",Infertile,6,1,6,1
Maize,83.43,Excellent,None,Fertile,3,0,4,0
Soybean,75.33,Good,Phosphorus,Moderately Fertile,6,1,5,2
Soybean,90.8,Excellent,None,Fertile,6,0,4,0
Rice,76.48,Good,Potassium,Moderately Fertile,5,1,7,2
Groundnut,82.48,Excellent,None,Fertile,1,0,4,0
Cotton,87.17,Excellent,None,Fertile,0,0,4,0
Wheat,68.43,Good,"Phosphorus, Potassium",Infertile,9,1,6,1
Rice,85.68,Excellent,Phosphorus,Moderately Fertile,5,0,5,2
Potato,54.87,Moderate,"Nitrogen, Potassium",Infertile,4,2,3,1
Groundnut,52.58,Moderate,"Nitrogen, Phosphorus",Infertile,1,2,1,1
Sugarcane,82.24,Excellent,None,Fertile,7,0,4,0
Tomato,69.54,Good,Nitrogen,Moderately Fertile,8,1,0,2
Soybean,88.22,Excellent,None,Fertile,6,0,4,0
Soybean,68.1,Good,"Nitrogen, Potassium",Infertile,6,1,3,1
Maize,84.11,Excellent,None,Fertile,3,0,4,0
Groundnut,73.19,Good,Potassium,Moderately Fertile,1,1,7,2
Soybean,81.88,Excellent,Phosphorus,Moderately Fertile,6,0,5,2
Sugarcane,79.45,Good,None,Fertile,7,1,4,0
Maize,87.23,Excellent,None,Fertile,3,0,4,0
Potato,79.85,Good,None,Fertile,4,1,4,0
Maize,86.75,Excellent,None,Fertile,3,0,4,0
Groundnut,74.42,Good,Phosphorus,Moderately Fertile,1,1,5,2
Jute,67.85,Good,"Phosphorus, Potassium",Infertile,2,1,6,1
Jute,80.17,Excellent,Potassium,Moderately Fertile,2,0,7,2
Sugarcane,86.95,Excellent,None,Fertile,7,0,4,0
Sugarcane,67.44,Good,"Phosphorus, Potassium",Infertile,7,1,6,1
Potato,52.76,Moderate,"Nitrogen, Potassium",Infertile,4,2,3,1
Potato,74.42,Good,"Phosphorus, Potassium",Infertile,4,1,6,1
Groundnut,75.07,Good,Potassium,Moderately Fertile,1,1,7,2
Maize,82.01,Excellent,Phosphorus,Moderately Fertile,3,0,5,2
Maize,85.05,Excellent,None,Fertile,3,0,4,0
Groundnut,76.09,Good,Potassium,Moderately Fertile,1,1,7,2
Cotton,87.11,Excellent,None,Fertile,0,0,4,0
Jute,87.02,Excellent,None,Fertile,2,0,4,0
Wheat,71.45,Good,"Phosphorus, Potassium",Infertile,9,1,6,1
Groundnut,71.57,Good,Nitrogen,Moderately Fertile,1,1,0,2
Cotton,74.31,Good,Potassium,Moderately Fertile,0,1,7,2
Maize,74.76,Good,Phosphorus,Moderately Fertile,3,1,5,2
Potato,82.35,Excellent,Phosphorus,Moderately Fertile,4,0,5,2
Wheat,68.37,Good,"Phosphorus, Potassium",Infertile,9,1,6,1
Cotton,52.48,Moderate,"Nitrogen, Phosphorus, Potassium",Infertile,0,2,2,1
Potato,79.51,Good,None,Fertile,4,1,4,0
Groundnut,75.1,Good,Phosphorus,Moderately Fertile,1,1,5,2
Maize,77.93,Good,None,Fertile,3,1,4,0
Rice,70.27,Good,Potassium,Moderately Fertile,5,1,7,2
Sugarcane,69.82,Good,Phosphorus,Moderately Fertile,7,1,5,2
Rice,85.38,Excellent,Phosphorus,Moderately Fertile,5,0,5,2
Potato,69.3,Good,Nitrogen,Moderately Fertile,4,1,0,2
Soybean,90.64,Excellent,None,Fertile,6,0,4,0
Tomato,73.92,Good,Phosphorus,Moderately Fertile,8,1,5,2
Tomato,85.8,Excellent,None,Fertile,8,0,4,0
Groundnut,82.89,Excellent,None,Fertile,1,0,4,0
Rice,66.73,Good,"Phosphorus, Potassium",Infertile,5,1,6,1
Potato,77.52,Good,None,Fertile,4,1,4,0
Soybean,69.67,Good,Phosphorus,Moderately Fertile,6,1,5,2
Sugarcane,71.37,Good,"Nitrogen, Potassium",Infertile,7,1,3,1
Jute,80.43,Excellent,Potassium,Moderately Fertile,2,0,7,2
Potato,60.48,Good,"Phosphorus, Potassium",Infertile,4,1,6,1
Sugarcane,73.87,Good,Phosphorus,Moderately Fertile,7,1,5,2
Tomato,79.49,Good,None,Fertile,8,1,4,0
Soybean,94.49,Excellent,None,Fertile,6,0,4,0
Maize,72.81,Good,None,Fertile,3,1,4,0
Groundnut,51.79,Moderate,"Nitrogen, Potassium",Infertile,1,2,3,1
Jute,65.37,Good,"Phosphorus, Potassium",Infertile,2,1,6,1
Sugarcane,57.69,Moderate,"Nitrogen, Phosphorus",Infertile,7,2,1,1
Sugarcane,82.67,Excellent,None,Fertile,7,0,4,0
Wheat,72.59,Good,Nitrogen,Moderately Fertile,9,1,0,2
Groundnut,80.32,Excellent,None,Fertile,1,0,4,0
Potato,60.14,Good,"Nitrogen, Phosphorus",Infertile,4,1,1,1
Tomato,68.76,Good,"Phosphorus, Potassium",Infertile,8,1,6,1
Tomato,86.1,Excellent,None,Fertile,8,0,4,0
Rice,79.8,Good,None,Fertile,5,1,4,0
Rice,58.52,Moderate,"Nitrogen, Potassium",Infertile,5,2,3,1
Soybean,69.98,Good,Phosphorus,Moderately Fertile,6,1,5,2
Cotton,67.78,Good,Potassium,Moderately Fertile,0,1,7,2
Rice,84.26,Excellent,None,Fertile,5,0,4,0
Maize,77.52,Good,Potassium,Moderately Fertile,3,1,7,2
Maize,76.81,Good,Phosphorus,Moderately Fertile,3,1,5,2
Potato,72.71,Good,Phosphorus,Moderately Fertile,4,1,5,2
Groundnut,56.64,Moderate,"Nitrogen, Phosphorus",Infertile,1,2,1,1
Soybean,79.45,Good,Potassium,Moderately Fertile,6,1,7,2
Groundnut,79.8,Good,None,Fertile,1,1,4,0
Maize,83.75,Excellent,None,Fertile,3,0,4,0
Soybean,78.95,Good,Phosphorus,Moderately Fertile,6,1,5,2
Wheat,76.59,Good,None,Fertile,9,1,4,0
Sugarcane,74.3,Good,Nitrogen,Moderately Fertile,7,1,0,2
Rice,64.79,Good,"Phosphorus, Potassium",Infertile,5,1,6,1
Soybean,82.85,Excellent,None,Fertile,6,0,4,0
Rice,92.05,Excellent,None,Fertile,5,0,4,0
Potato,66.58,Good,Nitrogen,Moderately Fertile,4,1,0,2
Maize,87.87,Excellent,Potassium,Moderately Fertile,3,0,7,2
Potato,74.78,Good,None,Fertile,4,1,4,0
Wheat,80.36,Excellent,Phosphorus,Moderately Fertile,9,0,5,2
Jute,92.48,Excellent,None,Fertile,2,0,4,0
Rice,79.65,Good,Potassium,Moderately Fertile,5,1,7,2
Groundnut,80.79,Excellent,None,Fertile,1,0,4,0
Jute,84.32,Excellent,None,Fertile,2,0,4,0
Maize,81.03,Excellent,None,Fertile,3,0,4,0
Soybean,88.14,Excellent,None,Fertile,6,0,4,0
Soybean,78.44,Good,Nitrogen,Moderately Fertile,6,1,0,2
Soybean,76.65,Good,Phosphorus,Moderately Fertile,6,1,5,2
Sugarcane,88.01,Excellent,None,Fertile,7,0,4,0
Cotton,75.53,Good,Phosphorus,Moderately Fertile,0,1,5,2
Cotton,68.17,Good,"Phosphorus, Potassium",Infertile,0,1,6,1
Groundnut,79.88,Good,Potassium,Moderately Fertile,1,1,7,2
Tomato,68.08,Good,Nitrogen,Moderately Fertile,8,1,0,2
Cotton,79.23,Good,Nitrogen,Moderately Fertile,0,1,0,2
Wheat,79.11,Good,Nitrogen,Moderately Fertile,9,1,0,2
Wheat,80.12,Excellent,None,Fertile,9,0,4,0
Rice,72.44,Good,Potassium,Moderately Fertile,5,1,7,2
Groundnut,63.13,Good,Nitrogen,Moderately Fertile,1,1,0,2
Jute,85.61,Excellent,None,Fertile,2,0,4,0
Maize,81.59,Excellent,None,Fertile,3,0,4,0
Jute,74.69,Good,Phosphorus,Moderately Fertile,2,1,5,2
Tomato,71.53,Good,Potassium,Moderately Fertile,8,1,7,2
Cotton,62.95,Good,"Nitrogen, Potassium",Infertile,0,1,3,1
Rice,91.47,Excellent,None,Fertile,5,0,4,0
Rice,77.31,Good,None,Fertile,5,1,4,0
Cotton,85.89,Excellent,None,Fertile,0,0,4,0
Potato,58.49,Moderate,"Nitrogen, Potassium",Infertile,4,2,3,1
Rice,79.0,Good,Potassium,Moderately Fertile,5,1,7,2
Soybean,86.28,Excellent,None,Fertile,6,0,4,0
Cotton,72.68,Good,Phosphorus,Moderately Fertile,0,1,5,2
Soybean,83.63,Excellent,"Phosphorus, Potassium",Infertile,6,0,6,1
Maize,81.42,Excellent,None,Fertile,3,0,4,0
Groundnut,61.17,Good,Potassium,Moderately Fertile,1,1,7,2
Cotton,62.86,Good,"Nitrogen, Phosphorus",Infertile,0,1,1,1
Rice,75.08,Good,Potassium,Moderately Fertile,5,1,7,2
Cotton,90.15,Excellent,None,Fertile,0,0,4,0
Tomato,83.82,Excellent,None,Fertile,8,0,4,0
Maize,86.0,Excellent,None,Fertile,3,0,4,0
Cotton,80.49,Excellent,None,Fertile,0,0,4,0
Jute,87.21,Excellent,None,Fertile,2,0,4,0
Sugarcane,71.75,Good,Potassium,Moderately Fertile,7,1,7,2
Potato,90.2,Excellent,None,Fertile,4,0,4,0
Wheat,84.22,Excellent,Potassium,Moderately Fertile,9,0,7,2
Groundnut,79.43,Good,None,Fertile,1,1,4,0
Jute,70.46,Good,Phosphorus,Moderately Fertile,2,1,5,2
Groundnut,63.62,Good,"Phosphorus, Potassium",Infertile,1,1,6,1
Soybean,89.32,Excellent,None,Fertile,6,0,4,0
Potato,81.59,Excellent,None,Fertile,4,0,4,0
Maize,80.45,Excellent,Potassium,Moderately Fertile,3,0,7,2
Potato,54.01,Moderate,"Nitrogen, Phosphorus",Infertile,4,2,1,1
Wheat,69.72,Good,Potassium,Moderately Fertile,9,1,7,2
Sugarcane,75.96,Good,Nitrogen,Moderately Fertile,7,1,0,2
Potato,74.01,Good,None,Fertile,4,1,4,0
Tomato,76.35,Good,Potassium,Moderately Fertile,8,1,7,2
Cotton,65.8,Good,"Nitrogen, Potassium",Infertile,0,1,3,1
Soybean,79.02,Good,Nitrogen,Moderately Fertile,6,1,0,2
Tomato,67.49,Good,Phosphorus,Moderately Fertile,8,1,5,2
Wheat,86.28,Excellent,None,Fertile,9,0,4,0
Potato,89.17,Excellent,None,Fertile,4,0,4,0
Groundnut,92.17,Excellent,None,Fertile,1,0,4,0
Jute,62.34,Good,"Nitrogen, Potassium",Infertile,2,1,3,1
Groundnut,83.57,Excellent,None,Fertile,1,0,4,0
Potato,57.98,Moderate,Nitrogen,Moderately Fertile,4,2,0,2
Groundnut,90.82,Excellent,None,Fertile,1,0,4,0
Maize,90.72,Excellent,None,Fertile,3,0,4,0
Rice,82.33,Excellent,Potassium,Moderately Fertile,5,0,7,2
Rice,87.6,Excellent,None,Fertile,5,0,4,0
Potato,72.08,Good,Nitrogen,Moderately Fertile,4,1,0,2
Sugarcane,66.03,Good,Nitrogen,Moderately Fertile,7,1,0,2
Groundnut,80.55,Excellent,Potassium,Moderately Fertile,1,0,7,2
Potato,88.04,Excellent,None,Fertile,4,0,4,0
Wheat,85.75,Excellent,None,Fertile,9,0,4,0
Sugarcane,83.14,Excellent,None,Fertile,7,0,4,0
Maize,81.84,Excellent,None,Fertile,3,0,4,0
Cotton,75.99,Good,"Nitrogen, Potassium",Infertile,0,1,3,1
Cotton,70.6,Good,"Phosphorus, Potassium",Infertile,0,1,6,1
Sugarcane,84.62,Excellent,Phosphorus,Moderately Fertile,7,0,5,2
Wheat,83.83,Excellent,None,Fertile,9,0,4,0
Soybean,85.9,Excellent,None,Fertile,6,0,4,0
Jute,87.87,Excellent,None,Fertile,2,0,4,0
Potato,70.67,Good,Nitrogen,Moderately Fertile,4,1,0,2
Sugarcane,83.02,Excellent,Potassium,Moderately Fertile,7,0,7,2
Groundnut,70.5,Good,Nitrogen,Moderately Fertile,1,1,0,2
Potato,70.68,Good,None,Fertile,4,1,4,0
Cotton,80.79,Excellent,None,Fertile,0,0,4,0
Sugarcane,84.95,Excellent,None,Fertile,7,0,4,0
Wheat,77.95,Good,Potassium,Moderately Fertile,9,1,7,2
Groundnut,68.33,Good,Potassium,Moderately Fertile,1,1,7,2
Rice,48.99625000000002,Moderate,"Nitrogen, Phosphorus, Potassium",Infertile,5,2,2,1
Jute,72.49,Good,Potassium,Moderately Fertile,2,1,7,2
Cotton,78.37,Good,Potassium,Moderately Fertile,0,1,7,2
Cotton,85.4,Excellent,None,Fertile,0,0,4,0
Cotton,84.58,Excellent,None,Fertile,0,0,4,0
Soybean,74.34,Good,Phosphorus,Moderately Fertile,6,1,5,2
Rice,77.46,Good,Phosphorus,Moderately Fertile,5,1,5,2
Wheat,79.89,Good,Potassium,Moderately Fertile,9,1,7,2
Tomato,78.55,Good,Phosphorus,Moderately Fertile,8,1,5,2
Tomato,74.36,Good,Potassium,Moderately Fertile,8,1,7,2
Sugarcane,80.28,Excellent,Potassium,Moderately Fertile,7,0,7,2
Rice,91.98,Excellent,None,Fertile,5,0,4,0
Sugarcane,79.47,Good,Nitrogen,Moderately Fertile,7,1,0,2
Soybean,66.82,Good,"Phosphorus, Potassium",Infertile,6,1,6,1
Tomato,75.93,Good,Potassium,Moderately Fertile,8,1,7,2
Sugarcane,76.32,Good,Phosphorus,Moderately Fertile,7,1,5,2
Tomato,72.93,Good,Nitrogen,Moderately Fertile,8,1,0,2
Groundnut,75.57,Good,None,Fertile,1,1,4,0
Potato,80.79,Excellent,None,Fertile,4,0,4,0
Groundnut,67.64,Good,Phosphorus,Moderately Fertile,1,1,5,2
Soybean,86.28,Excellent,Potassium,Moderately Fertile,6,0,7,2
Tomato,81.41,Excellent,None,Fertile,8,0,4,0
Potato,73.43,Good,"Phosphorus, Potassium",Infertile,4,1,6,1
Jute,68.69,Good,"Phosphorus, Potassium",Infertile,2,1,6,1
Groundnut,67.02,Good,Nitrogen,Moderately Fertile,1,1,0,2
Wheat,69.82,Good,"Nitrogen, Potassium",Infertile,9,1,3,1
Groundnut,87.22,Excellent,None,Fertile,1,0,4,0
Soybean,76.7,Good,Potassium,Moderately Fertile,6,1,7,2
Soybean,91.74,Excellent,None,Fertile,6,0,4,0
Tomato,69.28,Good,Nitrogen,Moderately Fertile,8,1,0,2
Wheat,67.97,Good,Potassium,Moderately Fertile,9,1,7,2
Maize,79.65,Good,Phosphorus,Moderately Fertile,3,1,5,2
Wheat,77.23,Good,Phosphorus,Moderately Fertile,9,1,5,2
Soybean,79.44,Good,Phosphorus,Moderately Fertile,6,1,5,2
Groundnut,68.65,Good,"Nitrogen, Potassium",Infertile,1,1,3,1
Jute,87.58,Excellent,None,Fertile,2,0,4,0
Maize,84.21,Excellent,None,Fertile,3,0,4,0
Cotton,89.02,Excellent,Potassium,Moderately Fertile,0,0,7,2
Groundnut,81.5,Excellent,None,Fertile,1,0,4,0
Cotton,83.22,Excellent,None,Fertile,0,0,4,0
Cotton,77.18,Good,Potassium,Moderately Fertile,0,1,7,2
Maize,77.06,Good,Nitrogen,Moderately Fertile,3,1,0,2
Maize,79.26,Good,Potassium,Moderately Fertile,3,1,7,2
Rice,89.57,Excellent,None,Fertile,5,0,4,0
Soybean,77.01,Good,Phosphorus,Moderately Fertile,6,1,5,2
Groundnut,62.17,Good,"Phosphorus, Potassium",Infertile,1,1,6,1
Rice,89.17,Excellent,None,Fertile,5,0,4,0
Groundnut,61.93,Good,"Nitrogen, Potassium",Infertile,1,1,3,1
Cotton,63.0,Good,"Nitrogen, Potassium",Infertile,0,1,3,1
Tomato,80.46,Excellent,Phosphorus,Moderately Fertile,8,0,5,2
Jute,66.82,Good,"Nitrogen, Potassium",Infertile,2,1,3,1
Wheat,87.73,Excellent,Potassium,Moderately Fertile,9,0,7,2
Tomato,68.94,Good,Nitrogen,Moderately Fertile,8,1,0,2
Maize,68.91,Good,Potassium,Moderately Fertile,3,1,7,2
Groundnut,57.89,Moderate,"Nitrogen, Potassium",Infertile,1,2,3,1
Jute,73.64,Good,Phosphorus,Moderately Fertile,2,1,5,2
Rice,72.92,Good,Potassium,Moderately Fertile,5,1,7,2
Tomato,69.51,Good,Nitrogen,Moderately Fertile,8,1,0,2
Tomato,78.09,Good,Phosphorus,Moderately Fertile,8,1,5,2
Soybean,80.34,Excellent,Potassium,Moderately Fertile,6,0,7,2
Wheat,80.6,Excellent,None,Fertile,9,0,4,0
Sugarcane,72.93,Good,Nitrogen,Moderately Fertile,7,1,0,2
Groundnut,67.85,Good,Nitrogen,Moderately Fertile,1,1,0,2
Potato,62.84,Good,Nitrogen,Moderately Fertile,4,1,0,2
Wheat,80.45,Excellent,None,Fertile,9,0,4,0
Soybean,82.11,Excellent,Potassium,Moderately Fertile,6,0,7,2
Groundnut,78.85,Good,Potassium,Moderately Fertile,1,1,7,2
Groundnut,52.47,Moderate,"Nitrogen, Potassium",Infertile,1,2,3,1
Cotton,69.47,Good,Potassium,Moderately Fertile,0,1,7,2
Potato,66.6,Good,Nitrogen,Moderately Fertile,4,1,0,2
Sugarcane,69.96,Good,None,Fertile,7,1,4,0
Potato,79.61,Good,None,Fertile,4,1,4,0
Wheat,80.52,Excellent,Phosphorus,Moderately Fertile,9,0,5,2
Tomato,73.87,Good,Potassium,Moderately Fertile,8,1,7,2
Soybean,80.98,Excellent,None,Fertile,6,0,4,0
Cotton,81.86,Excellent,None,Fertile,0,0,4,0
Rice,76.29,Good,Nitrogen,Moderately Fertile,5,1,0,2
Soybean,81.38,Excellent,None,Fertile,6,0,4,0
Groundnut,81.4,Excellent,None,Fertile,1,0,4,0
Maize,68.36,Good,"Nitrogen, Phosphorus",Infertile,3,1,1,1
Potato,62.53,Good,"Nitrogen, Potassium",Infertile,4,1,3,1
Cotton,82.72,Excellent,Phosphorus,Moderately Fertile,0,0,5,2
Rice,86.97,Excellent,None,Fertile,5,0,4,0
Maize,81.3,Excellent,Potassium,Moderately Fertile,3,0,7,2
Soybean,65.14,Good,"Nitrogen, Phosphorus",Infertile,6,1,1,1
Sugarcane,79.68,Good,Potassium,Moderately Fertile,7,1,7,2
Jute,91.28,Excellent,None,Fertile,2,0,4,0
Cotton,72.92,Good,Nitrogen,Moderately Fertile,0,1,0,2
Jute,70.81,Good,Potassium,Moderately Fertile,2,1,7,2
Cotton,84.55,Excellent,None,Fertile,0,0,4,0
Rice,70.87,Good,"Phosphorus, Potassium",Infertile,5,1,6,1
Soybean,63.79,Good,"Phosphorus, Potassium",Infertile,6,1,6,1
Sugarcane,88.81,Excellent,None,Fertile,7,0,4,0
Groundnut,70.18,Good,"Nitrogen, Phosphorus",Infertile,1,1,1,1
Jute,73.53,Good,Potassium,Moderately Fertile,2,1,7,2
Soybean,81.82,Excellent,None,Fertile,6,0,4,0
Jute,81.55,Excellent,None,Fertile,2,0,4,0
Groundnut,48.99625000000002,Moderate,"Nitrogen, Phosphorus, Potassium",Infertile,1,2,2,1
Wheat,67.38,Good,Nitrogen,Moderately Fertile,9,1,0,2
Potato,67.62,Good,Phosphorus,Moderately Fertile,4,1,5,2
Potato,56.52,Moderate,"Nitrogen, Phosphorus",Infertile,4,2,1,1
Jute,60.66,Good,"Phosphorus, Potassium",Infertile,2,1,6,1
Sugarcane,85.77,Excellent,None,Fertile,7,0,4,0
Rice,82.89,Excellent,Potassium,Moderately Fertile,5,0,7,2
Maize,86.84,Excellent,None,Fertile,3,0,4,0
Groundnut,65.01,Good,Nitrogen,Moderately Fertile,1,1,0,2
Soybean,94.4,Excellent,None,Fertile,6,0,4,0
Jute,73.06,Good,Phosphorus,Moderately Fertile,2,1,5,2
Groundnut,80.45,Excellent,None,Fertile,1,0,4,0
Soybean,59.73,Moderate,"Nitrogen, Phosphorus, Potassium",Infertile,6,2,2,1
Potato,77.97,Good,None,Fertile,4,1,4,0
Sugarcane,79.62,Good,Potassium,Moderately Fertile,7,1,7,2
Tomato,64.51,Good,Nitrogen,Moderately Fertile,8,1,0,2
Wheat,82.37,Excellent,Phosphorus,Moderately Fertile,9,0,5,2
Wheat,78.78,Good,Phosphorus,Moderately Fertile,9,1,5,2
Potato,62.9,Good,"Phosphorus, Potassium",Infertile,4,1,6,1
Cotton,73.99,Good,Nitrogen,Moderately Fertile,0,1,0,2
Sugarcane,62.68,Good,"Phosphorus, Potassium",Infertile,7,1,6,1
Cotton,78.79,Good,"Phosphorus, Potassium",Infertile,0,1,6,1
Potato,70.05,Good,Phosphorus,Moderately Fertile,4,1,5,2
Maize,56.86,Moderate,"Nitrogen, Phosphorus, Potassium",Infertile,3,2,2,1
Groundnut,64.7,Good,"Phosphorus, Potassium",Infertile,1,1,6,1
Wheat,79.9,Good,Phosphorus,Moderately Fertile,9,1,5,2
Soybean,86.21,Excellent,None,Fertile,6,0,4,0
Sugarcane,78.34,Good,None,Fertile,7,1,4,0
Cotton,72.56,Good,"Nitrogen, Potassium",Infertile,0,1,3,1
Rice,78.22,Good,None,Fertile,5,1,4,0
Rice,79.74,Good,"Nitrogen, Potassium",Infertile,5,1,3,1
Maize,74.65,Good,Potassium,Moderately Fertile,3,1,7,2
Maize,77.19,Good,Potassium,Moderately Fertile,3,1,7,2
Maize,69.78,Good,"Nitrogen, Potassium",Infertile,3,1,3,1
Sugarcane,68.57,Good,Phosphorus,Moderately Fertile,7,1,5,2
Tomato,50.65,Moderate,"Nitrogen, Phosphorus, Potassium",Infertile,8,2,2,1
Groundnut,64.0,Good,Potassium,Moderately Fertile,1,1,7,2
Cotton,85.34,Excellent,None,Fertile,0,0,4,0
Cotton,65.32,Good,"Phosphorus, Potassium",Infertile,0,1,6,1
Rice,64.06,Good,Nitrogen,Moderately Fertile,5,1,0,2
Groundnut,65.68,Good,Phosphorus,Moderately Fertile,1,1,5,2
Sugarcane,71.41,Good,Nitrogen,Moderately Fertile,7,1,0,2
Cotton,84.4,Excellent,None,Fertile,0,0,4,0
Cotton,91.6,Excellent,None,Fertile,0,0,4,0
Tomato,76.4,Good,Phosphorus,Moderately Fertile,8,1,5,2
Cotton,75.14,Good,Potassium,Moderately Fertile,0,1,7,2
Wheat,78.37,Good,Nitrogen,Moderately Fertile,9,1,0,2
Wheat,72.27,Good,Potassium,Moderately Fertile,9,1,7,2
Groundnut,59.73,Moderate,"Nitrogen, Potassium",Infertile,1,2,3,1
Jute,67.19,Good,"Nitrogen, Phosphorus",Infertile,2,1,1,1
Wheat,86.32,Excellent,None,Fertile,9,0,4,0
Tomato,75.74,Good,Potassium,Moderately Fertile,8,1,7,2
Cotton,80.51,Excellent,None,Fertile,0,0,4,0
Groundnut,70.96,Good,Phosphorus,Moderately Fertile,1,1,5,2
Maize,71.08,Good,Phosphorus,Moderately Fertile,3,1,5,2
Groundnut,65.44,Good,Potassium,Moderately Fertile,1,1,7,2
Wheat,55.45,Moderate,"Nitrogen, Phosphorus, Potassium",Infertile,9,2,2,1
Sugarcane,77.62,Good,Potassium,Moderately Fertile,7,1,7,2
Tomato,77.47,Good,Phosphorus,Moderately Fertile,8,1,5,2
Potato,74.33,Good,Phosphorus,Moderately Fertile,4,1,5,2
Cotton,79.26,Good,Potassium,Moderately Fertile,0,1,7,2
Rice,72.06,Good,Potassium,Moderately Fertile,5,1,7,2
Rice,86.68,Excellent,Potassium,Moderately Fertile,5,0,7,2
Groundnut,64.66,Good,"Nitrogen, Potassium",Infertile,1,1,3,1
Soybean,59.2,Moderate,"Nitrogen, Potassium",Infertile,6,2,3,1
Jute,78.93,Good,None,Fertile,2,1,4,0
Potato,57.02,Moderate,"Nitrogen, Phosphorus",Infertile,4,2,1,1
Wheat,72.41,Good,Phosphorus,Moderately Fertile,9,1,5,2
Soybean,70.18,Good,"Nitrogen, Phosphorus, Potassium",Infertile,6,1,2,1
Potato,65.88,Good,Nitrogen,Moderately Fertile,4,1,0,2
Wheat,82.68,Excellent,Potassium,Moderately Fertile,9,0,7,2
Potato,71.29,Good,None,Fertile,4,1,4,0
Rice,80.38,Excellent,None,Fertile,5,0,4,0
Soybean,73.09,Good,"Phosphorus, Potassium",Infertile,6,1,6,1
Rice,82.39,Excellent,None,Fertile,5,0,4,0
Cotton,84.22,Excellent,None,Fertile,0,0,4,0
Groundnut,78.22,Good,Potassium,Moderately Fertile,1,1,7,2
Tomato,70.31,Good,Nitrogen,Moderately Fertile,8,1,0,2
Sugarcane,59.5,Moderate,"Phosphorus, Potassium",Infertile,7,2,6,1
Jute,64.28,Good,"Nitrogen, Potassium",Infertile,2,1,3,1
Rice,77.83,Good,Phosphorus,Moderately Fertile,5,1,5,2
Tomato,71.29,Good,Potassium,Moderately Fertile,8,1,7,2
Cotton,68.23,Good,"Phosphorus, Potassium",Infertile,0,1,6,1
Cotton,72.07,Good,"Nitrogen, Phosphorus",Infertile,0,1,1,1
Potato,81.45,Excellent,None,Fertile,4,0,4,0
Rice,48.99625000000002,Moderate,"Nitrogen, Phosphorus, Potassium",Infertile,5,2,2,1
Soybean,82.3,Excellent,None,Fertile,6,0,4,0
Rice,63.55,Good,"Phosphorus, Potassium",Infertile,5,1,6,1
Sugarcane,80.29,Excellent,Phosphorus,Moderately Fertile,7,0,5,2
Soybean,84.81,Excellent,None,Fertile,6,0,4,0
Soybean,68.87,Good,Potassium,Moderately Fertile,6,1,7,2
Jute,85.7,Excellent,None,Fertile,2,0,4,0
Soybean,74.34,Good,Nitrogen,Moderately Fertile,6,1,0,2
Soybean,68.08,Good,Potassium,Moderately Fertile,6,1,7,2
Sugarcane,76.33,Good,None,Fertile,7,1,4,0
Potato,68.01,Good,"Nitrogen, Potassium",Infertile,4,1,3,1
Maize,71.73,Good,Phosphorus,Moderately Fertile,3,1,5,2
Jute,85.96,Excellent,Potassium,Moderately Fertile,2,0,7,2
Wheat,90.42,Excellent,None,Fertile,9,0,4,0
Tomato,54.89,Moderate,"Nitrogen, Potassium",Infertile,8,2,3,1
Jute,93.65,Excellent,None,Fertile,2,0,4,0
Sugarcane,79.73,Good,None,Fertile,7,1,4,0
Rice,80.76,Excellent,None,Fertile,5,0,4,0
Groundnut,53.66,Moderate,"Nitrogen, Phosphorus",Infertile,1,2,1,1
Cotton,59.57,Moderate,"Phosphorus, Potassium",Infertile,0,2,6,1
Sugarcane,69.22,Good,Phosphorus,Moderately Fertile,7,1,5,2
Soybean,69.43,Good,"Nitrogen, Phosphorus",Infertile,6,1,1,1
Potato,76.32,Good,Potassium,Moderately Fertile,4,1,7,2
Wheat,92.65,Excellent,None,Fertile,9,0,4,0
Wheat,61.16,Good,"Phosphorus, Potassium",Infertile,9,1,6,1
Maize,66.3,Good,"Phosphorus, Potassium",Infertile,3,1,6,1
Jute,85.4,Excellent,None,Fertile,2,0,4,0
Groundnut,88.68,Excellent,None,Fertile,1,0,4,0
Maize,85.68,Excellent,None,Fertile,3,0,4,0
Wheat,93.28,Excellent,None,Fertile,9,0,4,0
Groundnut,71.48,Good,Potassium,Moderately Fertile,1,1,7,2
Maize,78.04,Good,None,Fertile,3,1,4,0
Wheat,75.68,Good,Nitrogen,Moderately Fertile,9,1,0,2
Wheat,77.58,Good,Potassium,Moderately Fertile,9,1,7,2
Tomato,66.03,Good,Nitrogen,Moderately Fertile,8,1,0,2
Rice,79.02,Good,Potassium,Moderately Fertile,5,1,7,2
Maize,88.63,Excellent,None,Fertile,3,0,4,0
Wheat,65.31,Good,"Phosphorus, Potassium",Infertile,9,1,6,1
Wheat,63.9,Good,"Phosphorus, Potassium",Infertile,9,1,6,1
Jute,79.08,Good,Potassium,Moderately Fertile,2,1,7,2
Jute,77.73,Good,None,Fertile,2,1,4,0
Sugarcane,82.47,Excellent,Phosphorus,Moderately Fertile,7,0,5,2
Sugarcane,82.19,Excellent,None,Fertile,7,0,4,0
Tomato,69.2,Good,Phosphorus,Moderately Fertile,8,1,5,2
Sugarcane,74.58,Good,Potassium,Moderately Fertile,7,1,7,2
Jute,84.53,Excellent,None,Fertile,2,0,4,0
Cotton,83.47,Excellent,Potassium,Moderately Fertile,0,0,7,2
Potato,48.99625000000002,Moderate,"Nitrogen, Phosphorus, Potassium",Infertile,4,2,2,1
Wheat,81.74,Excellent,None,Fertile,9,0,4,0
Sugarcane,84.8,Excellent,None,Fertile,7,0,4,0
Potato,78.02,Good,None,Fertile,4,1,4,0
Tomato,84.85,Excellent,None,Fertile,8,0,4,0
Groundnut,75.96,Good,Nitrogen,Moderately Fertile,1,1,0,2
Maize,87.03,Excellent,None,Fertile,3,0,4,0
Soybean,58.8,Moderate,"Phosphorus, Potassium",Infertile,6,2,6,1
Jute,68.39,Good,Potassium,Moderately Fertile,2,1,7,2
Groundnut,62.28,Good,Nitrogen,Moderately Fertile,1,1,0,2
Tomato,79.16,Good,Phosphorus,Moderately Fertile,8,1,5,2
Sugarcane,81.06,Excellent,Nitrogen,Moderately Fertile,7,0,0,2
Jute,82.82,Excellent,None,Fertile,2,0,4,0
Maize,78.45,Good,"Phosphorus, Potassium",Infertile,3,1,6,1
Potato,84.91,Excellent,Potassium,Moderately Fertile,4,0,7,2
Jute,82.19,Excellent,None,Fertile,2,0,4,0
Jute,78.11,Good,Nitrogen,Moderately Fertile,2,1,0,2
Wheat,60.43,Good,"Nitrogen, Phosphorus",Infertile,9,1,1,1
Jute,65.58,Good,"Phosphorus, Potassium",Infertile,2,1,6,1
Potato,76.48,Good,Potassium,Moderately Fertile,4,1,7,2
Maize,81.56,Excellent,Phosphorus,Moderately Fertile,3,0,5,2
Potato,72.99,Good,Nitrogen,Moderately Fertile,4,1,0,2
Tomato,71.36,Good,"Phosphorus, Potassium",Infertile,8,1,6,1
Potato,82.34,Excellent,None,Fertile,4,0,4,0
Tomato,78.54,Good,Phosphorus,Moderately Fertile,8,1,5,2
Rice,82.12,Excellent,Potassium,Moderately Fertile,5,0,7,2
Tomato,62.96,Good,"Nitrogen, Potassium",Infertile,8,1,3,1
Tomato,71.68,Good,Phosphorus,Moderately Fertile,8,1,5,2
Maize,78.64,Good,Potassium,Moderately Fertile,3,1,7,2
Potato,52.55,Moderate,"Nitrogen, Potassium",Infertile,4,2,3,1
Sugarcane,67.82,Good,Nitrogen,Moderately Fertile,7,1,0,2
Potato,89.53,Excellent,None,Fertile,4,0,4,0
Jute,86.1,Excellent,None,Fertile,2,0,4,0
Maize,62.92,Good,"Nitrogen, Phosphorus",Infertile,3,1,1,1
Rice,79.75,Good,None,Fertile,5,1,4,0
Rice,71.34,Good,Potassium,Moderately Fertile,5,1,7,2
Potato,64.15,Good,"Nitrogen, Potassium",Infertile,4,1,3,1
Groundnut,62.81,Good,"Phosphorus, Potassium",Infertile,1,1,6,1
Cotton,78.73,Good,Phosphorus,Moderately Fertile,0,1,5,2
Maize,80.58,Excellent,None,Fertile,3,0,4,0
Potato,72.46,Good,Potassium,Moderately Fertile,4,1,7,2
Wheat,73.9,Good,"Phosphorus, Potassium",Infertile,9,1,6,1
Rice,73.95,Good,None,Fertile,5,1,4,0
Groundnut,75.74,Good,Nitrogen,Moderately Fertile,1,1,0,2
Groundnut,72.88,Good,Phosphorus,Moderately Fertile,1,1,5,2
Groundnut,74.47,Good,Nitrogen,Moderately Fertile,1,1,0,2
Tomato,48.99625000000002,Moderate,"Nitrogen, Phosphorus, Potassium",Infertile,8,2,2,1
Potato,61.9,Good,"Nitrogen, Potassium",Infertile,4,1,3,1
Jute,67.38,Good,Potassium,Moderately Fertile,2,1,7,2
Tomato,63.86,Good,Nitrogen,Moderately Fertile,8,1,0,2
Sugarcane,91.77,Excellent,None,Fertile,7,0,4,0
Soybean,85.76,Excellent,None,Fertile,6,0,4,0
Jute,78.43,Good,None,Fertile,2,1,4,0
Maize,77.74,Good,Phosphorus,Moderately Fertile,3,1,5,2
Sugarcane,78.12,Good,Potassium,Moderately Fertile,7,1,7,2
Cotton,69.44,Good,"Phosphorus, Potassium",Infertile,0,1,6,1
Sugarcane,91.8,Excellent,None,Fertile,7,0,4,0
Potato,74.21,Good,Potassium,Moderately Fertile,4,1,7,2
Jute,89.22,Excellent,None,Fertile,2,0,4,0
Groundnut,71.34,Good,Phosphorus,Moderately Fertile,1,1,5,2
Soybean,93.43,Excellent,None,Fertile,6,0,4,0
Maize,78.36,Good,Phosphorus,Moderately Fertile,3,1,5,2
Jute,76.91,Good,None,Fertile,2,1,4,0
Cotton,83.34,Excellent,None,Fertile,0,0,4,0
Sugarcane,80.45,Excellent,Potassium,Moderately Fertile,7,0,7,2
Cotton,74.33,Good,Potassium,Moderately Fertile,0,1,7,2
Jute,89.58,Excellent,None,Fertile,2,0,4,0
Jute,70.37,Good,"Phosphorus, Potassium",Infertile,2,1,6,1
Potato,86.85,Excellent,Phosphorus,Moderately Fertile,4,0,5,2
Rice,74.25,Good,"Phosphorus, Potassium",Infertile,5,1,6,1
Groundnut,59.7,Moderate,"Nitrogen, Phosphorus",Infertile,1,2,1,1
Jute,84.09,Excellent,Potassium,Moderately Fertile,2,0,7,2
Jute,60.58,Good,"Phosphorus, Potassium",Infertile,2,1,6,1
Wheat,54.47,Moderate,"Phosphorus, Potassium",Infertile,9,2,6,1
Groundnut,86.27,Excellent,Potassium,Moderately Fertile,1,0,7,2
Rice,80.88,Excellent,None,Fertile,5,0,4,0
Tomato,57.22,Moderate,"Nitrogen, Phosphorus",Infertile,8,2,1,1
Cotton,65.94,Good,"Phosphorus, Potassium",Infertile,0,1,6,1
Jute,81.46,Excellent,Potassium,Moderately Fertile,2,0,7,2
Wheat,83.9,Excellent,None,Fertile,9,0,4,0
Soybean,71.14,Good,"Phosphorus, Potassium",Infertile,6,1,6,1
Tomato,79.53,Good,Nitrogen,Moderately Fertile,8,1,0,2
Soybean,83.25,Excellent,None,Fertile,6,0,4,0
Potato,73.82,Good,Phosphorus,Moderately Fertile,4,1,5,2
Soybean,63.67,Good,"Phosphorus, Potassium",Infertile,6,1,6,1
Rice,84.02,Excellent,None,Fertile,5,0,4,0
Sugarcane,74.08,Good,Potassium,Moderately Fertile,7,1,7,2
Soybean,75.91,Good,Phosphorus,Moderately Fertile,6,1,5,2
Maize,76.34,Good,Potassium,Moderately Fertile,3,1,7,2
Soybean,71.61,Good,"Phosphorus, Potassium",Infertile,6,1,6,1
Cotton,70.67,Good,Nitrogen,Moderately Fertile,0,1,0,2
Cotton,92.78,Excellent,None,Fertile,0,0,4,0
Rice,68.75,Good,Potassium,Moderately Fertile,5,1,7,2
Cotton,80.86,Excellent,Phosphorus,Moderately Fertile,0,0,5,2
Maize,66.17,Good,Phosphorus,Moderately Fertile,3,1,5,2
Maize,81.81,Excellent,None,Fertile,3,0,4,0
Wheat,90.62,Excellent,None,Fertile,9,0,4,0
Wheat,75.45,Good,Potassium,Moderately Fertile,9,1,7,2
Groundnut,74.54,Good,Nitrogen,Moderately Fertile,1,1,0,2
Groundnut,57.84,Moderate,"Nitrogen, Potassium",Infertile,1,2,3,1
Tomato,67.73,Good,Potassium,Moderately Fertile,8,1,7,2
Potato,81.85,Excellent,Potassium,Moderately Fertile,4,0,7,2
Potato,69.75,Good,Nitrogen,Moderately Fertile,4,1,0,2
Maize,75.13,Good,Phosphorus,Moderately Fertile,3,1,5,2
Potato,64.16,Good,"Phosphorus, Potassium",Infertile,4,1,6,1
Groundnut,88.0,Excellent,None,Fertile,1,0,4,0
Sugarcane,81.8,Excellent,Phosphorus,Moderately Fertile,7,0,5,2
Rice,91.92,Excellent,None,Fertile,5,0,4,0
Soybean,80.3,Excellent,None,Fertile,6,0,4,0
Potato,63.7,Good,"Phosphorus, Potassium",Infertile,4,1,6,1
Sugarcane,86.16,Excellent,None,Fertile,7,0,4,0
Soybean,80.19,Excellent,None,Fertile,6,0,4,0
Potato,70.11,Good,Nitrogen,Moderately Fertile,4,1,0,2
Groundnut,82.41,Excellent,Phosphorus,Moderately Fertile,1,0,5,2
Soybean,78.21,Good,Potassium,Moderately Fertile,6,1,7,2
Groundnut,71.48,Good,Phosphorus,Moderately Fertile,1,1,5,2
Potato,56.84,Moderate,"Phosphorus, Potassium",Infertile,4,2,6,1
Wheat,80.51,Excellent,None,Fertile,9,0,4,0
Sugarcane,86.35,Excellent,Potassium,Moderately Fertile,7,0,7,2
Potato,91.12,Excellent,None,Fertile,4,0,4,0
Sugarcane,69.95,Good,"Phosphorus, Potassium",Infertile,7,1,6,1
Rice,59.28,Moderate,"Nitrogen, Potassium",Infertile,5,2,3,1
Jute,82.1,Excellent,None,Fertile,2,0,4,0
Jute,74.54,Good,None,Fertile,2,1,4,0
Jute,73.47,Good,Potassium,Moderately Fertile,2,1,7,2
Tomato,76.12,Good,"Phosphorus, Potassium",Infertile,8,1,6,1
Wheat,86.52,Excellent,None,Fertile,9,0,4,0
Groundnut,66.37,Good,Phosphorus,Moderately Fertile,1,1,5,2
Soybean,79.67,Good,None,Fertile,6,1,4,0
Maize,68.79,Good,"Phosphorus, Potassium",Infertile,3,1,6,1
Sugarcane,67.57,Good,"Nitrogen, Phosphorus",Infertile,7,1,1,1
Groundnut,82.97,Excellent,Potassium,Moderately Fertile,1,0,7,2
Potato,67.82,Good,Nitrogen,Moderately Fertile,4,1,0,2
Sugarcane,75.73,Good,Potassium,Moderately Fertile,7,1,7,2
Tomato,71.85,Good,Potassium,Moderately Fertile,8,1,7,2
Maize,87.75,Excellent,None,Fertile,3,0,4,0
Groundnut,51.03,Moderate,"Nitrogen, Phosphorus",Infertile,1,2,1,1
Potato,75.7,Good,Phosphorus,Moderately Fertile,4,1,5,2
Wheat,81.58,Excellent,Potassium,Moderately Fertile,9,0,7,2
Rice,75.05,Good,Nitrogen,Moderately Fertile,5,1,0,2
Cotton,87.29,Excellent,None,Fertile,0,0,4,0
Tomato,73.86,Good,Potassium,Moderately Fertile,8,1,7,2
Sugarcane,79.16,Good,Phosphorus,Moderately Fertile,7,1,5,2
Soybean,78.29,Good,None,Fertile,6,1,4,0
Potato,72.05,Good,Potassium,Moderately Fertile,4,1,7,2
Groundnut,73.22,Good,"Phosphorus, Potassium",Infertile,1,1,6,1
Wheat,94.25,Excellent,None,Fertile,9,0,4,0
Soybean,79.04,Good,Potassium,Moderately Fertile,6,1,7,2
Cotton,79.51,Good,Phosphorus,Moderately Fertile,0,1,5,2
Soybean,83.23,Excellent,Phosphorus,Moderately Fertile,6,0,5,2
Rice,81.86,Excellent,None,Fertile,5,0,4,0
Maize,69.58,Good,Phosphorus,Moderately Fertile,3,1,5,2
Soybean,73.63,Good,Potassium,Moderately Fertile,6,1,7,2
Tomato,66.24,Good,Nitrogen,Moderately Fertile,8,1,0,2
Sugarcane,68.1,Good,"Phosphorus, Potassium",Infertile,7,1,6,1
Jute,84.1,Excellent,None,Fertile,2,0,4,0
Jute,84.67,Excellent,None,Fertile,2,0,4,0
Jute,80.36,Excellent,None,Fertile,2,0,4,0
Groundnut,57.31,Moderate,"Nitrogen, Phosphorus",Infertile,1,2,1,1
Groundnut,56.39,Moderate,"Nitrogen, Potassium",Infertile,1,2,3,1
Jute,84.78,Excellent,None,Fertile,2,0,4,0
Maize,77.62,Good,None,Fertile,3,1,4,0
Jute,77.3,Good,None,Fertile,2,1,4,0
Cotton,91.78,Excellent,None,Fertile,0,0,4,0
Maize,90.92,Excellent,None,Fertile,3,0,4,0
Soybean,76.82,Good,Phosphorus,Moderately Fertile,6,1,5,2
Maize,80.64,Excellent,Nitrogen,Moderately Fertile,3,0,0,2
Groundnut,48.99625000000002,Moderate,"Nitrogen, Phosphorus, Potassium",Infertile,1,2,2,1
Jute,79.84,Good,Potassium,Moderately Fertile,2,1,7,2
Rice,73.47,Good,Potassium,Moderately Fertile,5,1,7,2
Wheat,88.18,Excellent,None,Fertile,9,0,4,0
Jute,80.67,Excellent,Potassium,Moderately Fertile,2,0,7,2
Sugarcane,79.09,Good,None,Fertile,7,1,4,0
Rice,66.44,Good,Phosphorus,Moderately Fertile,5,1,5,2
Soybean,69.46,Good,"Phosphorus, Potassium",Infertile,6,1,6,1
Tomato,70.39,Good,Phosphorus,Moderately Fertile,8,1,5,2
Jute,92.03,Excellent,None,Fertile,2,0,4,0
Cotton,85.72,Excellent,None,Fertile,0,0,4,0
Sugarcane,86.68,Excellent,Phosphorus,Moderately Fertile,7,0,5,2
Sugarcane,73.6,Good,Potassium,Moderately Fertile,7,1,7,2
Tomato,74.59,Good,Phosphorus,Moderately Fertile,8,1,5,2
Wheat,77.1,Good,"Phosphorus, Potassium",Infertile,9,1,6,1
Jute,79.7,Good,None,Fertile,2,1,4,0
Tomato,75.18,Good,Potassium,Moderately Fertile,8,1,7,2
Maize,80.96,Excellent,Potassium,Moderately Fertile,3,0,7,2
Rice,66.63,Good,"Nitrogen, Potassium",Infertile,5,1,3,1
Sugarcane,89.35,Excellent,None,Fertile,7,0,4,0
Jute,73.02,Good,Potassium,Moderately Fertile,2,1,7,2
Maize,86.43,Excellent,None,Fertile,3,0,4,0
Jute,81.65,Excellent,None,Fertile,2,0,4,0
Sugarcane,84.03,Excellent,None,Fertile,7,0,4,0
Sugarcane,64.41,Good,"Nitrogen, Potassium",Infertile,7,1,3,1
Soybean,83.98,Excellent,None,Fertile,6,0,4,0
Maize,79.87,Good,None,Fertile,3,1,4,0
Soybean,71.12,Good,Phosphorus,Moderately Fertile,6,1,5,2
Jute,66.21,Good,"Nitrogen, Potassium",Infertile,2,1,3,1
Cotton,72.95,Good,Phosphorus,Moderately Fertile,0,1,5,2
Tomato,82.76,Excellent,Potassium,Moderately Fertile,8,0,7,2
Tomato,61.35,Good,"Nitrogen, Phosphorus",Infertile,8,1,1,1
Jute,67.28,Good,Potassium,Moderately Fertile,2,1,7,2
Cotton,83.75,Excellent,None,Fertile,0,0,4,0
Soybean,78.28,Good,None,Fertile,6,1,4,0
Potato,80.4,Excellent,None,Fertile,4,0,4,0
Potato,77.76,Good,Potassium,Moderately Fertile,4,1,7,2
Maize,81.19,Excellent,None,Fertile,3,0,4,0
Sugarcane,88.1,Excellent,None,Fertile,7,0,4,0
Tomato,72.29,Good,Phosphorus,Moderately Fertile,8,1,5,2
Cotton,93.45,Excellent,None,Fertile,0,0,4,0
Soybean,78.04,Good,Potassium,Moderately Fertile,6,1,7,2
Wheat,61.03,Good,"Nitrogen, Phosphorus",Infertile,9,1,1,1
Groundnut,77.18,Good,None,Fertile,1,1,4,0
Groundnut,58.22,Moderate,"Phosphorus, Potassium",Infertile,1,2,6,1
Soybean,58.97,Moderate,"Nitrogen, Phosphorus",Infertile,6,2,1,1
Rice,73.43,Good,Phosphorus,Moderately Fertile,5,1,5,2
Cotton,84.81,Excellent,None,Fertile,0,0,4,0
Jute,82.84,Excellent,None,Fertile,2,0,4,0
Wheat,78.11,Good,Potassium,Moderately Fertile,9,1,7,2
Sugarcane,88.62,Excellent,None,Fertile,7,0,4,0
Groundnut,67.39,Good,Phosphorus,Moderately Fertile,1,1,5,2
Groundnut,66.44,Good,"Phosphorus, Potassium",Infertile,1,1,6,1
Wheat,98.45,Excellent,None,Fertile,9,0,4,0
Groundnut,59.13,Moderate,"Nitrogen, Phosphorus",Infertile,1,2,1,1
Maize,89.19,Excellent,None,Fertile,3,0,4,0
Cotton,66.79,Good,"Phosphorus, Potassium",Infertile,0,1,6,1
Maize,80.55,Excellent,None,Fertile,3,0,4,0
Rice,86.34,Excellent,None,Fertile,5,0,4,0
Rice,80.51,Excellent,None,Fertile,5,0,4,0
Soybean,74.18,Good,Potassium,Moderately Fertile,6,1,7,2
Maize,81.01,Excellent,Phosphorus,Moderately Fertile,3,0,5,2
Cotton,96.0,Excellent,None,Fertile,0,0,4,0
Maize,82.32,Excellent,None,Fertile,3,0,4,0
Maize,80.57,Excellent,None,Fertile,3,0,4,0
Maize,66.51,Good,"Nitrogen, Potassium",Infertile,3,1,3,1
Maize,83.31,Excellent,None,Fertile,3,0,4,0
Tomato,82.9,Excellent,None,Fertile,8,0,4,0
Maize,78.77,Good,None,Fertile,3,1,4,0
Rice,76.18,Good,Nitrogen,Moderately Fertile,5,1,0,2
Soybean,80.37,Excellent,None,Fertile,6,0,4,0
Potato,90.2,Excellent,None,Fertile,4,0,4,0
Rice,85.1,Excellent,None,Fertile,5,0,4,0
Wheat,88.13,Excellent,None,Fertile,9,0,4,0
Cotton,79.94,Good,Phosphorus,Moderately Fertile,0,1,5,2
Groundnut,65.98,Good,"Phosphorus, Potassium",Infertile,1,1,6,1
Groundnut,72.04,Good,Potassium,Moderately Fertile,1,1,7,2
Tomato,82.57,Excellent,None,Fertile,8,0,4,0
Wheat,85.42,Excellent,None,Fertile,9,0,4,0
Wheat,83.9,Excellent,None,Fertile,9,0,4,0
Rice,83.47,Excellent,None,Fertile,5,0,4,0
Groundnut,74.19,Good,Potassium,Moderately Fertile,1,1,7,2
Potato,77.91,Good,None,Fertile,4,1,4,0
Sugarcane,63.9,Good,"Phosphorus, Potassium",Infertile,7,1,6,1
Rice,73.45,Good,"Phosphorus, Potassium",Infertile,5,1,6,1
Soybean,89.25,Excellent,None,Fertile,6,0,4,0
Maize,79.18,Good,None,Fertile,3,1,4,0
Soybean,79.16,Good,Phosphorus,Moderately Fertile,6,1,5,2
Rice,96.01,Excellent,None,Fertile,5,0,4,0
Wheat,70.62,Good,Nitrogen,Moderately Fertile,9,1,0,2
Groundnut,72.14,Good,Potassium,Moderately Fertile,1,1,7,2
Maize,68.53,Good,Phosphorus,Moderately Fertile,3,1,5,2
Maize,81.32,Excellent,Potassium,Moderately Fertile,3,0,7,2
Potato,87.54,Excellent,None,Fertile,4,0,4,0
Groundnut,59.07,Moderate,"Nitrogen, Phosphorus",Infertile,1,2,1,1
Soybean,84.84,Excellent,None,Fertile,6,0,4,0
Jute,65.57,Good,Phosphorus,Moderately Fertile,2,1,5,2
Soybean,82.47,Excellent,None,Fertile,6,0,4,0
Cotton,85.85,Excellent,None,Fertile,0,0,4,0
Tomato,55.12,Moderate,Phosphorus,Moderately Fertile,8,2,5,2
Soybean,92.25,Excellent,None,Fertile,6,0,4,0
Tomato,75.62,Good,Potassium,Moderately Fertile,8,1,7,2
Cotton,95.71,Excellent,None,Fertile,0,0,4,0
Maize,80.7,Excellent,Phosphorus,Moderately Fertile,3,0,5,2
Sugarcane,89.75,Excellent,None,Fertile,7,0,4,0
Groundnut,63.71,Good,"Phosphorus, Potassium",Infertile,1,1,6,1
Rice,75.18,Good,Potassium,Moderately Fertile,5,1,7,2
Maize,83.67,Excellent,None,Fertile,3,0,4,0
Potato,82.52,Excellent,Potassium,Moderately Fertile,4,0,7,2
Cotton,59.35,Moderate,"Phosphorus, Potassium",Infertile,0,2,6,1
Potato,84.82,Excellent,Potassium,Moderately Fertile,4,0,7,2
Wheat,77.08,Good,Potassium,Moderately Fertile,9,1,7,2
Tomato,63.32,Good,"Nitrogen, Potassium",Infertile,8,1,3,1
Wheat,92.79,Excellent,None,Fertile,9,0,4,0
Soybean,72.38,Good,Potassium,Moderately Fertile,6,1,7,2
Jute,53.76,Moderate,"Nitrogen, Phosphorus, Potassium",Infertile,2,2,2,1
Jute,73.15,Good,Phosphorus,Moderately Fertile,2,1,5,2
Tomato,86.2,Excellent,None,Fertile,8,0,4,0
Wheat,72.88,Good,Phosphorus,Moderately Fertile,9,1,5,2
Cotton,92.93,Excellent,None,Fertile,0,0,4,0
Maize,85.23,Excellent,None,Fertile,3,0,4,0
Soybean,75.6,Good,Potassium,Moderately Fertile,6,1,7,2
Potato,62.67,Good,"Nitrogen, Phosphorus",Infertile,4,1,1,1
Potato,85.16,Excellent,None,Fertile,4,0,4,0
Jute,92.98,Excellent,None,Fertile,2,0,4,0
Tomato,77.67,Good,None,Fertile,8,1,4,0
Jute,87.65,Excellent,None,Fertile,2,0,4,0
Cotton,95.0,Excellent,None,Fertile,0,0,4,0
Maize,76.86,Good,Potassium,Moderately Fertile,3,1,7,2
Potato,66.31,Good,Nitrogen,Moderately Fertile,4,1,0,2
Sugarcane,73.85,Good,Potassium,Moderately Fertile,7,1,7,2
Soybean,69.16,Good,Nitrogen,Moderately Fertile,6,1,0,2
Cotton,82.48,Excellent,None,Fertile,0,0,4,0
Rice,76.46,Good,Potassium,Moderately Fertile,5,1,7,2
Cotton,84.62,Excellent,None,Fertile,0,0,4,0
Groundnut,58.05,Moderate,"Nitrogen, Phosphorus",Infertile,1,2,1,1
Potato,61.98,Good,"Phosphorus, Potassium",Infertile,4,1,6,1
Soybean,85.7,Excellent,None,Fertile,6,0,4,0
Cotton,78.37,Good,"Phosphorus, Potassium",Infertile,0,1,6,1
Rice,76.17,Good,Potassium,Moderately Fertile,5,1,7,2
Wheat,75.95,Good,Potassium,Moderately Fertile,9,1,7,2
Wheat,72.68,Good,Potassium,Moderately Fertile,9,1,7,2
Sugarcane,91.8,Excellent,None,Fertile,7,0,4,0
Soybean,79.84,Good,None,Fertile,6,1,4,0
Sugarcane,78.44,Good,Potassium,Moderately Fertile,7,1,7,2
Groundnut,61.85,Good,"Nitrogen, Phosphorus",Infertile,1,1,1,1
Potato,64.32,Good,Nitrogen,Moderately Fertile,4,1,0,2
Soybean,61.59,Good,"Nitrogen, Potassium",Infertile,6,1,3,1
Cotton,64.84,Good,Nitrogen,Moderately Fertile,0,1,0,2
Potato,72.46,Good,Phosphorus,Moderately Fertile,4,1,5,2
Cotton,86.79,Excellent,Potassium,Moderately Fertile,0,0,7,2
Sugarcane,72.62,Good,Phosphorus,Moderately Fertile,7,1,5,2
Cotton,84.47,Excellent,None,Fertile,0,0,4,0
Jute,64.91,Good,"Nitrogen, Potassium",Infertile,2,1,3,1
Rice,84.84,Excellent,Potassium,Moderately Fertile,5,0,7,2
Soybean,88.39,Excellent,None,Fertile,6,0,4,0
Rice,82.42,Excellent,None,Fertile,5,0,4,0
Wheat,85.15,Excellent,Potassium,Moderately Fertile,9,0,7,2
Rice,62.53,Good,"Nitrogen, Phosphorus",Infertile,5,1,1,1
Soybean,77.44,Good,Phosphorus,Moderately Fertile,6,1,5,2
Jute,68.54,Good,Phosphorus,Moderately Fertile,2,1,5,2
Maize,94.2,Excellent,None,Fertile,3,0,4,0
Wheat,80.64,Excellent,None,Fertile,9,0,4,0
Cotton,85.05,Excellent,None,Fertile,0,0,4,0
Soybean,80.79,Excellent,Potassium,Moderately Fertile,6,0,7,2
Soybean,75.45,Good,Phosphorus,Moderately Fertile,6,1,5,2
Rice,72.09,Good,Phosphorus,Moderately Fertile,5,1,5,2
Tomato,78.05,Good,Nitrogen,Moderately Fertile,8,1,0,2
Jute,72.33,Good,Phosphorus,Moderately Fertile,2,1,5,2
Rice,76.1,Good,Potassium,Moderately Fertile,5,1,7,2
Sugarcane,70.94,Good,Nitrogen,Moderately Fertile,7,1,0,2
Wheat,76.86,Good,Potassium,Moderately Fertile,9,1,7,2
Potato,75.78,Good,Phosphorus,Moderately Fertile,4,1,5,2
Soybean,76.97,Good,"Phosphorus, Potassium",Infertile,6,1,6,1
Maize,91.42,Excellent,None,Fertile,3,0,4,0
Groundnut,55.71,Moderate,"Nitrogen, Potassium",Infertile,1,2,3,1
Soybean,67.18,Good,"Nitrogen, Potassium",Infertile,6,1,3,1
Maize,69.51,Good,Potassium,Moderately Fertile,3,1,7,2
Tomato,70.96,Good,"Nitrogen, Potassium",Infertile,8,1,3,1
Cotton,83.04,Excellent,None,Fertile,0,0,4,0
Rice,89.67,Excellent,None,Fertile,5,0,4,0
Tomato,78.15,Good,Potassium,Moderately Fertile,8,1,7,2
Groundnut,83.42,Excellent,None,Fertile,1,0,4,0
Potato,52.12,Moderate,"Nitrogen, Phosphorus, Potassium",Infertile,4,2,2,1
Sugarcane,88.6,Excellent,None,Fertile,7,0,4,0
Potato,89.77,Excellent,None,Fertile,4,0,4,0
Sugarcane,71.22,Good,Phosphorus,Moderately Fertile,7,1,5,2
Maize,86.83,Excellent,None,Fertile,3,0,4,0
Soybean,86.95,Excellent,None,Fertile,6,0,4,0
Cotton,96.05,Excellent,None,Fertile,0,0,4,0
Wheat,80.32,Excellent,None,Fertile,9,0,4,0
Tomato,65.99,Good,Nitrogen,Moderately Fertile,8,1,0,2
Groundnut,81.21,Excellent,Phosphorus,Moderately Fertile,1,0,5,2
Wheat,73.76,Good,Phosphorus,Moderately Fertile,9,1,5,2
Potato,48.99625000000002,Moderate,"Nitrogen, Phosphorus, Potassium",Infertile,4,2,2,1
Sugarcane,76.57,Good,Phosphorus,Moderately Fertile,7,1,5,2
Rice,93.5,Excellent,None,Fertile,5,0,4,0
Sugarcane,85.91,Excellent,Potassium,Moderately Fertile,7,0,7,2
Maize,70.15,Good,"Nitrogen, Potassium",Infertile,3,1,3,1
Groundnut,48.99625000000002,Moderate,"Nitrogen, Phosphorus, Potassium",Infertile,1,2,2,1
Rice,78.4,Good,Phosphorus,Moderately Fertile,5,1,5,2
Potato,54.83,Moderate,"Nitrogen, Phosphorus, Potassium",Infertile,4,2,2,1
Cotton,82.34,Excellent,Phosphorus,Moderately Fertile,0,0,5,2
Sugarcane,65.92,Good,Potassium,Moderately Fertile,7,1,7,2
Rice,85.08,Excellent,None,Fertile,5,0,4,0
Soybean,65.37,Good,"Phosphorus, Potassium",Infertile,6,1,6,1
Rice,86.03,Excellent,None,Fertile,5,0,4,0
Maize,80.65,Excellent,None,Fertile,3,0,4,0
Maize,73.54,Good,Potassium,Moderately Fertile,3,1,7,2
Tomato,76.83,Good,Phosphorus,Moderately Fertile,8,1,5,2
Wheat,50.64,Moderate,"Nitrogen, Phosphorus",Infertile,9,2,1,1
Cotton,85.6,Excellent,None,Fertile,0,0,4,0
Rice,82.76,Excellent,Potassium,Moderately Fertile,5,0,7,2
Soybean,83.45,Excellent,None,Fertile,6,0,4,0
Groundnut,66.42,Good,Nitrogen,Moderately Fertile,1,1,0,2
Sugarcane,79.52,Good,Phosphorus,Moderately Fertile,7,1,5,2
Jute,90.48,Excellent,None,Fertile,2,0,4,0
Soybean,50.58,Moderate,"Nitrogen, Phosphorus, Potassium",Infertile,6,2,2,1
Wheat,84.9,Excellent,None,Fertile,9,0,4,0
Maize,69.93,Good,Phosphorus,Moderately Fertile,3,1,5,2
Maize,79.73,Good,None,Fertile,3,1,4,0
Rice,71.4,Good,Potassium,Moderately Fertile,5,1,7,2
Potato,65.57,Good,Potassium,Moderately Fertile,4,1,7,2
Jute,65.3,Good,"Phosphorus, Potassium",Infertile,2,1,6,1
Jute,86.4,Excellent,Phosphorus,Moderately Fertile,2,0,5,2
Cotton,74.53,Good,Phosphorus,Moderately Fertile,0,1,5,2
Tomato,69.37,Good,Nitrogen,Moderately Fertile,8,1,0,2
Soybean,82.08,Excellent,None,Fertile,6,0,4,0
Jute,75.91,Good,Potassium,Moderately Fertile,2,1,7,2
Soybean,90.42,Excellent,None,Fertile,6,0,4,0
Sugarcane,96.53,Excellent,None,Fertile,7,0,4,0
Jute,81.98,Excellent,None,Fertile,2,0,4,0
Cotton,75.09,Good,"Nitrogen, Potassium",Infertile,0,1,3,1
Groundnut,68.43,Good,Nitrogen,Moderately Fertile,1,1,0,2
Tomato,90.23,Excellent,None,Fertile,8,0,4,0
Maize,71.75,Good,Potassium,Moderately Fertile,3,1,7,2
Cotton,91.17,Excellent,None,Fertile,0,0,4,0
Tomato,90.88,Excellent,None,Fertile,8,0,4,0
Potato,63.17,Good,"Nitrogen, Potassium",Infertile,4,1,3,1
Rice,89.98,Excellent,None,Fertile,5,0,4,0
Wheat,95.35,Excellent,None,Fertile,9,0,4,0
Wheat,85.7,Excellent,None,Fertile,9,0,4,0
Tomato,83.83,Excellent,None,Fertile,8,0,4,0
Groundnut,70.46,Good,Nitrogen,Moderately Fertile,1,1,0,2
Maize,65.7,Good,Potassium,Moderately Fertile,3,1,7,2
Groundnut,62.83,Good,"Nitrogen, Phosphorus",Infertile,1,1,1,1
Groundnut,64.68,Good,Nitrogen,Moderately Fertile,1,1,0,2
Groundnut,74.06,Good,Potassium,Moderately Fertile,1,1,7,2
Rice,86.54,Excellent,None,Fertile,5,0,4,0
Soybean,67.55,Good,"Phosphorus, Potassium",Infertile,6,1,6,1
Sugarcane,78.49,Good,Phosphorus,Moderately Fertile,7,1,5,2
Sugarcane,75.75,Good,Phosphorus,Moderately Fertile,7,1,5,2
Cotton,78.71,Good,Phosphorus,Moderately Fertile,0,1,5,2
Cotton,80.73,Excellent,Phosphorus,Moderately Fertile,0,0,5,2
Tomato,82.17,Excellent,None,Fertile,8,0,4,0
Soybean,72.9,Good,Potassium,Moderately Fertile,6,1,7,2
Maize,59.61,Moderate,"Nitrogen, Phosphorus",Infertile,3,2,1,1
Groundnut,52.44,Moderate,"Nitrogen, Potassium",Infertile,1,2,3,1
Groundnut,66.69,Good,Nitrogen,Moderately Fertile,1,1,0,2
Wheat,80.35,Excellent,None,Fertile,9,0,4,0
Cotton,83.31,Excellent,Potassium,Moderately Fertile,0,0,7,2
Cotton,73.92,Good,Nitrogen,Moderately Fertile,0,1,0,2
Potato,81.55,Excellent,None,Fertile,4,0,4,0
Wheat,76.93,Good,Potassium,Moderately Fertile,9,1,7,2
Groundnut,79.47,Good,None,Fertile,1,1,4,0
Jute,77.97,Good,Potassium,Moderately Fertile,2,1,7,2
Jute,66.06,Good,"Phosphorus, Potassium",Infertile,2,1,6,1
Potato,66.77,Good,Nitrogen,Moderately Fertile,4,1,0,2
Sugarcane,74.86,Good,None,Fertile,7,1,4,0
Cotton,87.82,Excellent,None,Fertile,0,0,4,0
Soybean,69.34,Good,"Phosphorus, Potassium",Infertile,6,1,6,1
Sugarcane,69.36,Good,Potassium,Moderately Fertile,7,1,7,2
Jute,66.57,Good,"Nitrogen, Phosphorus",Infertile,2,1,1,1
Soybean,82.68,Excellent,None,Fertile,6,0,4,0
Soybean,75.93,Good,Phosphorus,Moderately Fertile,6,1,5,2
Rice,74.39,Good,Potassium,Moderately Fertile,5,1,7,2
Cotton,80.96,Excellent,Potassium,Moderately Fertile,0,0,7,2
Wheat,88.89,Excellent,None,Fertile,9,0,4,0
Soybean,69.28,Good,Nitrogen,Moderately Fertile,6,1,0,2
Potato,83.93,Excellent,None,Fertile,4,0,4,0
Jute,74.59,Good,"Phosphorus, Potassium",Infertile,2,1,6,1
Cotton,86.75,Excellent,Potassium,Moderately Fertile,0,0,7,2
Wheat,85.51,Excellent,None,Fertile,9,0,4,0
Cotton,95.05,Excellent,None,Fertile,0,0,4,0
Rice,88.07,Excellent,None,Fertile,5,0,4,0
Cotton,62.28,Good,"Nitrogen, Potassium",Infertile,0,1,3,1
Cotton,94.33,Excellent,None,Fertile,0,0,4,0
Groundnut,75.98,Good,Nitrogen,Moderately Fertile,1,1,0,2
Wheat,76.76,Good,Potassium,Moderately Fertile,9,1,7,2
Wheat,82.88,Excellent,Potassium,Moderately Fertile,9,0,7,2
Sugarcane,93.9,Excellent,None,Fertile,7,0,4,0
Groundnut,74.69,Good,None,Fertile,1,1,4,0
Wheat,75.11,Good,"Phosphorus, Potassium",Infertile,9,1,6,1
Sugarcane,96.7,Excellent,None,Fertile,7,0,4,0
Groundnut,69.84,Good,Potassium,Moderately Fertile,1,1,7,2
Sugarcane,55.87,Moderate,"Nitrogen, Phosphorus",Infertile,7,2,1,1
Potato,75.03,Good,Potassium,Moderately Fertile,4,1,7,2
Rice,64.31,Good,"Phosphorus, Potassium",Infertile,5,1,6,1
Maize,70.52,Good,Potassium,Moderately Fertile,3,1,7,2
Tomato,72.68,Good,Potassium,Moderately Fertile,8,1,7,2
Soybean,66.99,Good,"Phosphorus, Potassium",Infertile,6,1,6,1
Rice,76.9,Good,None,Fertile,5,1,4,0
Groundnut,75.87,Good,"Nitrogen, Phosphorus",Infertile,1,1,1,1
Cotton,80.28,Excellent,Phosphorus,Moderately Fertile,0,0,5,2
Jute,80.08,Excellent,None,Fertile,2,0,4,0
Cotton,69.95,Good,"Phosphorus, Potassium",Infertile,0,1,6,1
Maize,83.54,Excellent,None,Fertile,3,0,4,0
Rice,82.63,Excellent,Potassium,Moderately Fertile,5,0,7,2
Wheat,91.8,Excellent,None,Fertile,9,0,4,0
Sugarcane,87.6,Excellent,None,Fertile,7,0,4,0
Potato,63.31,Good,Nitrogen,Moderately Fertile,4,1,0,2
Jute,87.12,Excellent,None,Fertile,2,0,4,0
Groundnut,91.97,Excellent,None,Fertile,1,0,4,0
Wheat,85.98,Excellent,Phosphorus,Moderately Fertile,9,0,5,2
Groundnut,65.6,Good,Potassium,Moderately Fertile,1,1,7,2
Rice,85.06,Excellent,Potassium,Moderately Fertile,5,0,7,2
Sugarcane,77.69,Good,None,Fertile,7,1,4,0
Wheat,78.97,Good,Potassium,Moderately Fertile,9,1,7,2
Soybean,82.71,Excellent,Potassium,Moderately Fertile,6,0,7,2
Groundnut,61.76,Good,"Phosphorus, Potassium",Infertile,1,1,6,1
Rice,93.63,Excellent,None,Fertile,5,0,4,0
Tomato,81.13,Excellent,None,Fertile,8,0,4,0
Tomato,82.47,Excellent,None,Fertile,8,0,4,0
Maize,75.53,Good,Phosphorus,Moderately Fertile,3,1,5,2
Wheat,68.1,Good,Phosphorus,Moderately Fertile,9,1,5,2
Tomato,84.62,Excellent,None,Fertile,8,0,4,0
Potato,84.41,Excellent,None,Fertile,4,0,4,0
Potato,51.54,Moderate,"Nitrogen, Phosphorus, Potassium",Infertile,4,2,2,1
Groundnut,64.59,Good,"Phosphorus, Potassium",Infertile,1,1,6,1
Sugarcane,77.34,Good,None,Fertile,7,1,4,0
Cotton,77.1,Good,Potassium,Moderately Fertile,0,1,7,2
Sugarcane,84.32,Excellent,None,Fertile,7,0,4,0
Soybean,87.44,Excellent,None,Fertile,6,0,4,0
Wheat,83.6,Excellent,Potassium,Moderately Fertile,9,0,7,2
Rice,81.44,Excellent,None,Fertile,5,0,4,0
Potato,64.96,Good,Nitrogen,Moderately Fertile,4,1,0,2
Jute,81.59,Excellent,None,Fertile,2,0,4,0
Sugarcane,75.03,Good,"Nitrogen, Potassium",Infertile,7,1,3,1
Tomato,69.84,Good,Potassium,Moderately Fertile,8,1,7,2
Cotton,69.81,Good,Potassium,Moderately Fertile,0,1,7,2
Cotton,89.38,Excellent,None,Fertile,0,0,4,0
Wheat,90.79,Excellent,None,Fertile,9,0,4,0
Wheat,80.05,Excellent,Potassium,Moderately Fertile,9,0,7,2
Tomato,66.3,Good,Nitrogen,Moderately Fertile,8,1,0,2
Tomato,69.37,Good,Phosphorus,Moderately Fertile,8,1,5,2
Soybean,77.61,Good,None,Fertile,6,1,4,0
Sugarcane,70.87,Good,Potassium,Moderately Fertile,7,1,7,2
Groundnut,48.99625000000002,Moderate,"Nitrogen, Phosphorus, Potassium",Infertile,1,2,2,1
Tomato,79.34,Good,Phosphorus,Moderately Fertile,8,1,5,2
Jute,81.65,Excellent,None,Fertile,2,0,4,0
Potato,67.02,Good,Nitrogen,Moderately Fertile,4,1,0,2
Cotton,89.88,Excellent,None,Fertile,0,0,4,0
Tomato,64.39,Good,"Phosphorus, Potassium",Infertile,8,1,6,1
Maize,80.18,Excellent,Potassium,Moderately Fertile,3,0,7,2
Jute,73.54,Good,"Phosphorus, Potassium",Infertile,2,1,6,1
Soybean,67.56,Good,"Nitrogen, Potassium",Infertile,6,1,3,1
Groundnut,58.72,Moderate,"Nitrogen, Potassium",Infertile,1,2,3,1
Rice,85.88,Excellent,None,Fertile,5,0,4,0
Groundnut,48.99625000000002,Moderate,"Nitrogen, Phosphorus, Potassium",Infertile,1,2,2,1
Soybean,71.24,Good,Potassium,Moderately Fertile,6,1,7,2
Tomato,75.27,Good,Potassium,Moderately Fertile,8,1,7,2
Soybean,87.9,Excellent,None,Fertile,6,0,4,0
Rice,79.0,Good,None,Fertile,5,1,4,0
Maize,79.1,Good,None,Fertile,3,1,4,0
Tomato,89.51,Excellent,None,Fertile,8,0,4,0
Groundnut,82.19,Excellent,Potassium,Moderately Fertile,1,0,7,2
Cotton,71.04,Good,"Phosphorus, Potassium",Infertile,0,1,6,1
Wheat,82.53,Excellent,Potassium,Moderately Fertile,9,0,7,2
Maize,89.12,Excellent,None,Fertile,3,0,4,0
Maize,86.55,Excellent,None,Fertile,3,0,4,0
Soybean,84.24,Excellent,None,Fertile,6,0,4,0
Jute,88.97,Excellent,None,Fertile,2,0,4,0
Soybean,67.59,Good,Potassium,Moderately Fertile,6,1,7,2
Jute,66.2,Good,"Nitrogen, Phosphorus",Infertile,2,1,1,1
Maize,84.15,Excellent,None,Fertile,3,0,4,0
Sugarcane,88.04,Excellent,None,Fertile,7,0,4,0
Wheat,87.35,Excellent,None,Fertile,9,0,4,0
Tomato,60.92,Good,"Phosphorus, Potassium",Infertile,8,1,6,1
Soybean,78.68,Good,None,Fertile,6,1,4,0
Wheat,71.71,Good,"Nitrogen, Potassium",Infertile,9,1,3,1
Cotton,80.18,Excellent,Phosphorus,Moderately Fertile,0,0,5,2
Potato,84.88,Excellent,Potassium,Moderately Fertile,4,0,7,2
Groundnut,64.71,Good,Nitrogen,Moderately Fertile,1,1,0,2
Maize,76.54,Good,"Phosphorus, Potassium",Infertile,3,1,6,1
Rice,74.3,Good,None,Fertile,5,1,4,0
Tomato,82.15,Excellent,None,Fertile,8,0,4,0
Tomato,86.23,Excellent,Potassium,Moderately Fertile,8,0,7,2
Potato,54.35,Moderate,"Nitrogen, Phosphorus",Infertile,4,2,1,1
Groundnut,59.02,Moderate,"Nitrogen, Potassium",Infertile,1,2,3,1
Jute,84.45,Excellent,Phosphorus,Moderately Fertile,2,0,5,2
Rice,91.33,Excellent,Potassium,Moderately Fertile,5,0,7,2
Soybean,83.68,Excellent,None,Fertile,6,0,4,0
Rice,85.25,Excellent,None,Fertile,5,0,4,0
Maize,66.97,Good,Nitrogen,Moderately Fertile,3,1,0,2
Soybean,65.22,Good,"Nitrogen, Potassium",Infertile,6,1,3,1
Sugarcane,80.46,Excellent,None,Fertile,7,0,4,0
Jute,62.14,Good,"Nitrogen, Potassium",Infertile,2,1,3,1
Cotton,76.99,Good,None,Fertile,0,1,4,0
Maize,61.37,Good,"Nitrogen, Phosphorus",Infertile,3,1,1,1
Soybean,81.6,Excellent,"Phosphorus, Potassium",Infertile,6,0,6,1
Rice,75.92,Good,None,Fertile,5,1,4,0
Rice,77.96,Good,Potassium,Moderately Fertile,5,1,7,2
Rice,76.92,Good,Phosphorus,Moderately Fertile,5,1,5,2
Wheat,80.79,Excellent,Nitrogen,Moderately Fertile,9,0,0,2
Maize,70.94,Good,"Nitrogen, Potassium",Infertile,3,1,3,1
Sugarcane,77.09,Good,Potassium,Moderately Fertile,7,1,7,2
Rice,76.27,Good,None,Fertile,5,1,4,0
Jute,93.4,Excellent,None,Fertile,2,0,4,0
Potato,63.58,Good,Nitrogen,Moderately Fertile,4,1,0,2
Soybean,66.94,Good,Phosphorus,Moderately Fertile,6,1,5,2
Soybean,70.44,Good,Potassium,Moderately Fertile,6,1,7,2
Groundnut,79.39,Good,Potassium,Moderately Fertile,1,1,7,2
Potato,56.25,Moderate,"Nitrogen, Potassium",Infertile,4,2,3,1
Cotton,62.13,Good,"Phosphorus, Potassium",Infertile,0,1,6,1
Rice,73.34,Good,Nitrogen,Moderately Fertile,5,1,0,2
Sugarcane,89.0,Excellent,None,Fertile,7,0,4,0
Wheat,73.79,Good,Potassium,Moderately Fertile,9,1,7,2
Rice,89.83,Excellent,None,Fertile,5,0,4,0
Sugarcane,71.43,Good,"Nitrogen, Phosphorus",Infertile,7,1,1,1
Sugarcane,91.34,Excellent,None,Fertile,7,0,4,0
Tomato,68.97,Good,"Phosphorus, Potassium",Infertile,8,1,6,1
Cotton,82.21,Excellent,Nitrogen,Moderately Fertile,0,0,0,2
Jute,83.78,Excellent,None,Fertile,2,0,4,0
Soybean,81.36,Excellent,Potassium,Moderately Fertile,6,0,7,2
Cotton,77.69,Good,Phosphorus,Moderately Fertile,0,1,5,2
Tomato,56.28,Moderate,"Nitrogen, Potassium",Infertile,8,2,3,1
Rice,62.67,Good,Nitrogen,Moderately Fertile,5,1,0,2
Jute,84.05,Excellent,None,Fertile,2,0,4,0
Jute,78.34,Good,Nitrogen,Moderately Fertile,2,1,0,2
Jute,91.12,Excellent,None,Fertile,2,0,4,0
Sugarcane,75.13,Good,Potassium,Moderately Fertile,7,1,7,2
Jute,85.03,Excellent,None,Fertile,2,0,4,0
Rice,80.1,Excellent,None,Fertile,5,0,4,0
Cotton,81.51,Excellent,None,Fertile,0,0,4,0
Maize,63.0,Good,"Nitrogen, Potassium",Infertile,3,1,3,1
Potato,60.91,Good,"Nitrogen, Phosphorus",Infertile,4,1,1,1
Potato,78.93,Good,None,Fertile,4,1,4,0
Wheat,82.15,Excellent,Potassium,Moderately Fertile,9,0,7,2
Rice,88.64,Excellent,Potassium,Moderately Fertile,5,0,7,2
Jute,69.93,Good,"Nitrogen, Potassium",Infertile,2,1,3,1
Groundnut,71.74,Good,Nitrogen,Moderately Fertile,1,1,0,2
Rice,82.56,Excellent,Phosphorus,Moderately Fertile,5,0,5,2
Potato,83.09,Excellent,Potassium,Moderately Fertile,4,0,7,2
Tomato,82.72,Excellent,None,Fertile,8,0,4,0
Sugarcane,78.58,Good,Phosphorus,Moderately Fertile,7,1,5,2
Rice,82.33,Excellent,None,Fertile,5,0,4,0
Sugarcane,82.49,Excellent,None,Fertile,7,0,4,0
Groundnut,86.55,Excellent,None,Fertile,1,0,4,0
Jute,79.29,Good,None,Fertile,2,1,4,0
Rice,89.02,Excellent,None,Fertile,5,0,4,0
Potato,87.0,Excellent,None,Fertile,4,0,4,0
Maize,89.03,Excellent,None,Fertile,3,0,4,0
Maize,71.43,Good,Nitrogen,Moderately Fertile,3,1,0,2
Sugarcane,79.29,Good,"Nitrogen, Potassium",Infertile,7,1,3,1
Jute,59.2,Moderate,"Phosphorus, Potassium",Infertile,2,2,6,1
Jute,61.19,Good,"Phosphorus, Potassium",Infertile,2,1,6,1
Sugarcane,75.94,Good,Potassium,Moderately Fertile,7,1,7,2
Groundnut,64.36,Good,"Nitrogen, Potassium",Infertile,1,1,3,1
Cotton,80.98,Excellent,Nitrogen,Moderately Fertile,0,0,0,2
Groundnut,91.74,Excellent,None,Fertile,1,0,4,0
Maize,81.34,Excellent,None,Fertile,3,0,4,0
Wheat,82.49,Excellent,Nitrogen,Moderately Fertile,9,0,0,2
Wheat,83.6,Excellent,None,Fertile,9,0,4,0
Maize,72.32,Good,Potassium,Moderately Fertile,3,1,7,2
Potato,86.27,Excellent,None,Fertile,4,0,4,0
Jute,92.23,Excellent,None,Fertile,2,0,4,0
Cotton,86.65,Excellent,Potassium,Moderately Fertile,0,0,7,2
Soybean,76.34,Good,Potassium,Moderately Fertile,6,1,7,2
Potato,72.1,Good,Nitrogen,Moderately Fertile,4,1,0,2
Tomato,71.15,Good,Potassium,Moderately Fertile,8,1,7,2
Cotton,79.83,Good,Phosphorus,Moderately Fertile,0,1,5,2
Potato,60.38,Good,"Phosphorus, Potassium",Infertile,4,1,6,1
Soybean,90.5,Excellent,None,Fertile,6,0,4,0
Cotton,74.1,Good,Phosphorus,Moderately Fertile,0,1,5,2
Soybean,77.03,Good,"Phosphorus, Potassium",Infertile,6,1,6,1
Maize,72.54,Good,Nitrogen,Moderately Fertile,3,1,0,2
Rice,79.7,Good,None,Fertile,5,1,4,0
Rice,83.09,Excellent,None,Fertile,5,0,4,0
Cotton,61.13,Good,"Nitrogen, Potassium",Infertile,0,1,3,1
Sugarcane,77.57,Good,Potassium,Moderately Fertile,7,1,7,2
Wheat,66.73,Good,"Phosphorus, Potassium",Infertile,9,1,6,1
Maize,78.4,Good,Phosphorus,Moderately Fertile,3,1,5,2
Potato,68.79,Good,"Nitrogen, Phosphorus",Infertile,4,1,1,1
Potato,66.61,Good,Potassium,Moderately Fertile,4,1,7,2
Groundnut,50.12,Moderate,"Nitrogen, Phosphorus, Potassium",Infertile,1,2,2,1
Cotton,82.04,Excellent,Potassium,Moderately Fertile,0,0,7,2
Cotton,81.58,Excellent,None,Fertile,0,0,4,0
Groundnut,64.62,Good,Nitrogen,Moderately Fertile,1,1,0,2
Sugarcane,72.12,Good,Phosphorus,Moderately Fertile,7,1,5,2
Groundnut,67.59,Good,Nitrogen,Moderately Fertile,1,1,0,2
Tomato,80.13,Excellent,Potassium,Moderately Fertile,8,0,7,2
Tomato,82.3,Excellent,None,Fertile,8,0,4,0
Tomato,75.87,Good,None,Fertile,8,1,4,0
Sugarcane,79.55,Good,None,Fertile,7,1,4,0
Jute,67.5,Good,"Nitrogen, Potassium",Infertile,2,1,3,1
Wheat,80.68,Excellent,"Phosphorus, Potassium",Infertile,9,0,6,1
Maize,81.26,Excellent,None,Fertile,3,0,4,0
Wheat,69.07,Good,Potassium,Moderately Fertile,9,1,7,2
Rice,67.93,Good,"Phosphorus, Potassium",Infertile,5,1,6,1
Soybean,69.07,Good,Phosphorus,Moderately Fertile,6,1,5,2
Potato,77.03,Good,None,Fertile,4,1,4,0
Wheat,85.45,Excellent,None,Fertile,9,0,4,0
Tomato,83.93,Excellent,None,Fertile,8,0,4,0
Maize,85.54,Excellent,None,Fertile,3,0,4,0
Tomato,60.96,Good,"Nitrogen, Phosphorus",Infertile,8,1,1,1
Rice,73.62,Good,Potassium,Moderately Fertile,5,1,7,2
Groundnut,59.11,Moderate,"Nitrogen, Phosphorus",Infertile,1,2,1,1
Maize,74.5,Good,Potassium,Moderately Fertile,3,1,7,2
Jute,88.99,Excellent,None,Fertile,2,0,4,0
Sugarcane,83.22,Excellent,Potassium,Moderately Fertile,7,0,7,2
Jute,91.55,Excellent,None,Fertile,2,0,4,0
Sugarcane,80.6,Excellent,None,Fertile,7,0,4,0
Sugarcane,69.81,Good,Potassium,Moderately Fertile,7,1,7,2
Potato,85.53,Excellent,None,Fertile,4,0,4,0
Rice,84.1,Excellent,Phosphorus,Moderately Fertile,5,0,5,2
Rice,79.83,Good,None,Fertile,5,1,4,0
Potato,72.08,Good,Potassium,Moderately Fertile,4,1,7,2
Sugarcane,91.59,Excellent,None,Fertile,7,0,4,0
Rice,66.04,Good,"Nitrogen, Phosphorus",Infertile,5,1,1,1
Potato,64.52,Good,Nitrogen,Moderately Fertile,4,1,0,2
Rice,73.84,Good,Potassium,Moderately Fertile,5,1,7,2
Maize,62.6,Good,"Nitrogen, Potassium",Infertile,3,1,3,1
Rice,73.47,Good,Phosphorus,Moderately Fertile,5,1,5,2
Jute,73.71,Good,Potassium,Moderately Fertile,2,1,7,2
Groundnut,58.71,Moderate,"Phosphorus, Potassium",Infertile,1,2,6,1
Wheat,78.07,Good,Phosphorus,Moderately Fertile,9,1,5,2
Tomato,58.86,Moderate,"Nitrogen, Potassium",Infertile,8,2,3,1
Rice,75.24,Good,Potassium,Moderately Fertile,5,1,7,2
Soybean,73.17,Good,Potassium,Moderately Fertile,6,1,7,2
Cotton,84.96,Excellent,None,Fertile,0,0,4,0
Sugarcane,63.93,Good,"Nitrogen, Phosphorus, Potassium",Infertile,7,1,2,1
Wheat,78.01,Good,Phosphorus,Moderately Fertile,9,1,5,2
Jute,77.08,Good,Phosphorus,Moderately Fertile,2,1,5,2
Wheat,81.04,Excellent,Potassium,Moderately Fertile,9,0,7,2
Jute,86.5,Excellent,None,Fertile,2,0,4,0
Rice,78.28,Good,Phosphorus,Moderately Fertile,5,1,5,2
Jute,77.45,Good,Potassium,Moderately Fertile,2,1,7,2
Cotton,79.56,Good,None,Fertile,0,1,4,0
Maize,67.5,Good,Potassium,Moderately Fertile,3,1,7,2
Wheat,74.37,Good,Potassium,Moderately Fertile,9,1,7,2
Sugarcane,89.46,Excellent,None,Fertile,7,0,4,0
Potato,70.42,Good,Potassium,Moderately Fertile,4,1,7,2
Rice,78.06,Good,None,Fertile,5,1,4,0
Soybean,79.7,Good,None,Fertile,6,1,4,0
Jute,77.46,Good,None,Fertile,2,1,4,0
Maize,79.34,Good,Nitrogen,Moderately Fertile,3,1,0,2
Cotton,78.28,Good,Potassium,Moderately Fertile,0,1,7,2
Sugarcane,72.59,Good,Phosphorus,Moderately Fertile,7,1,5,2
Sugarcane,85.5,Excellent,None,Fertile,7,0,4,0
Jute,64.04,Good,"Nitrogen, Phosphorus",Infertile,2,1,1,1
Maize,80.37,Excellent,Potassium,Moderately Fertile,3,0,7,2
Sugarcane,74.06,Good,"Phosphorus, Potassium",Infertile,7,1,6,1
Rice,89.48,Excellent,None,Fertile,5,0,4,0
Jute,66.11,Good,"Phosphorus, Potassium",Infertile,2,1,6,1
Wheat,89.64,Excellent,Potassium,Moderately Fertile,9,0,7,2
Rice,89.73,Excellent,None,Fertile,5,0,4,0
Soybean,76.19,Good,"Nitrogen, Potassium",Infertile,6,1,3,1
Tomato,70.17,Good,Potassium,Moderately Fertile,8,1,7,2
Sugarcane,81.07,Excellent,Potassium,Moderately Fertile,7,0,7,2
Tomato,88.81,Excellent,Phosphorus,Moderately Fertile,8,0,5,2
Jute,90.22,Excellent,None,Fertile,2,0,4,0
Potato,87.85,Excellent,None,Fertile,4,0,4,0
Rice,80.18,Excellent,None,Fertile,5,0,4,0
Tomato,77.96,Good,Potassium,Moderately Fertile,8,1,7,2
Tomato,78.79,Good,Potassium,Moderately Fertile,8,1,7,2
Jute,75.66,Good,None,Fertile,2,1,4,0
Soybean,79.82,Good,Potassium,Moderately Fertile,6,1,7,2
Groundnut,48.99625000000002,Moderate,"Nitrogen, Phosphorus, Potassium",Infertile,1,2,2,1
Maize,72.11,Good,"Nitrogen, Potassium",Infertile,3,1,3,1
Maize,81.09,Excellent,None,Fertile,3,0,4,0
Sugarcane,85.87,Excellent,None,Fertile,7,0,4,0
Potato,67.85,Good,"Nitrogen, Potassium",Infertile,4,1,3,1
Cotton,71.11,Good,Phosphorus,Moderately Fertile,0,1,5,2
Sugarcane,78.8,Good,Potassium,Moderately Fertile,7,1,7,2
Wheat,70.92,Good,Potassium,Moderately Fertile,9,1,7,2
Groundnut,70.7,Good,Nitrogen,Moderately Fertile,1,1,0,2
Soybean,80.69,Excellent,Phosphorus,Moderately Fertile,6,0,5,2
Maize,72.0,Good,Phosphorus,Moderately Fertile,3,1,5,2
Wheat,85.36,Excellent,Phosphorus,Moderately Fertile,9,0,5,2
Sugarcane,63.02,Good,"Phosphorus, Potassium",Infertile,7,1,6,1
Jute,65.18,Good,"Nitrogen, Potassium",Infertile,2,1,3,1
Potato,71.82,Good,None,Fertile,4,1,4,0
Wheat,85.1,Excellent,None,Fertile,9,0,4,0
Soybean,86.59,Excellent,Phosphorus,Moderately Fertile,6,0,5,2
Sugarcane,67.9,Good,Phosphorus,Moderately Fertile,7,1,5,2
Rice,87.43,Excellent,None,Fertile,5,0,4,0
Jute,54.9,Moderate,"Nitrogen, Phosphorus, Potassium",Infertile,2,2,2,1
Jute,68.76,Good,"Nitrogen, Phosphorus",Infertile,2,1,1,1
Wheat,74.57,Good,Phosphorus,Moderately Fertile,9,1,5,2
Wheat,67.69,Good,"Phosphorus, Potassium",Infertile,9,1,6,1
Rice,77.05,Good,Potassium,Moderately Fertile,5,1,7,2
Rice,76.0,Good,Potassium,Moderately Fertile,5,1,7,2
Maize,80.2,Excellent,None,Fertile,3,0,4,0
Wheat,74.26,Good,Nitrogen,Moderately Fertile,9,1,0,2
Sugarcane,84.87,Excellent,None,Fertile,7,0,4,0
Maize,79.38,Good,None,Fertile,3,1,4,0
Rice,70.79,Good,"Phosphorus, Potassium",Infertile,5,1,6,1
Tomato,66.01,Good,"Nitrogen, Potassium",Infertile,8,1,3,1
Groundnut,70.95,Good,Phosphorus,Moderately Fertile,1,1,5,2
Tomato,65.84,Good,Nitrogen,Moderately Fertile,8,1,0,2
Soybean,86.8,Excellent,None,Fertile,6,0,4,0
Soybean,87.34,Excellent,Phosphorus,Moderately Fertile,6,0,5,2
Wheat,80.44,Excellent,Potassium,Moderately Fertile,9,0,7,2
Groundnut,58.97,Moderate,"Nitrogen, Potassium",Infertile,1,2,3,1
Wheat,81.37,Excellent,Nitrogen,Moderately Fertile,9,0,0,2
Groundnut,83.12,Excellent,None,Fertile,1,0,4,0
Rice,64.48,Good,"Nitrogen, Potassium",Infertile,5,1,3,1
Soybean,75.78,Good,Phosphorus,Moderately Fertile,6,1,5,2
Wheat,80.98,Excellent,None,Fertile,9,0,4,0
Soybean,70.72,Good,Phosphorus,Moderately Fertile,6,1,5,2
Wheat,73.34,Good,Potassium,Moderately Fertile,9,1,7,2
Groundnut,88.6,Excellent,None,Fertile,1,0,4,0
Maize,78.31,Good,Phosphorus,Moderately Fertile,3,1,5,2
Rice,84.87,Excellent,None,Fertile,5,0,4,0
Potato,67.31,Good,"Phosphorus, Potassium",Infertile,4,1,6,1
Maize,83.8,Excellent,None,Fertile,3,0,4,0
Sugarcane,97.83,Excellent,None,Fertile,7,0,4,0
Cotton,67.82,Good,"Phosphorus, Potassium",Infertile,0,1,6,1
Cotton,85.24,Excellent,None,Fertile,0,0,4,0
Jute,72.42,Good,Potassium,Moderately Fertile,2,1,7,2
Maize,80.19,Excellent,None,Fertile,3,0,4,0
Groundnut,57.3,Moderate,"Nitrogen, Phosphorus",Infertile,1,2,1,1
Tomato,57.98,Moderate,"Nitrogen, Potassium",Infertile,8,2,3,1
Jute,76.34,Good,Potassium,Moderately Fertile,2,1,7,2
Groundnut,60.17,Good,"Nitrogen, Potassium",Infertile,1,1,3,1
Groundnut,58.97,Moderate,"Nitrogen, Potassium",Infertile,1,2,3,1
Jute,77.42,Good,Nitrogen,Moderately Fertile,2,1,0,2
Rice,78.6,Good,None,Fertile,5,1,4,0
Potato,66.17,Good,Potassium,Moderately Fertile,4,1,7,2
Cotton,48.99625000000002,Moderate,"Nitrogen, Phosphorus, Potassium",Infertile,0,2,2,1
Maize,78.13,Good,Potassium,Moderately Fertile,3,1,7,2
Soybean,82.37,Excellent,Potassium,Moderately Fertile,6,0,7,2
Wheat,85.02,Excellent,Potassium,Moderately Fertile,9,0,7,2
Potato,67.09,Good,Nitrogen,Moderately Fertile,4,1,0,2
Jute,67.9,Good,Potassium,Moderately Fertile,2,1,7,2
Rice,81.77,Excellent,None,Fertile,5,0,4,0
Tomato,86.28,Excellent,None,Fertile,8,0,4,0
Jute,82.34,Excellent,None,Fertile,2,0,4,0
Jute,73.22,Good,Potassium,Moderately Fertile,2,1,7,2
Rice,71.9,Good,"Phosphorus, Potassium",Infertile,5,1,6,1
Wheat,85.84,Excellent,Phosphorus,Moderately Fertile,9,0,5,2
Tomato,60.57,Good,"Phosphorus, Potassium",Infertile,8,1,6,1
Jute,88.04,Excellent,None,Fertile,2,0,4,0
Sugarcane,81.15,Excellent,None,Fertile,7,0,4,0
Wheat,80.92,Excellent,None,Fertile,9,0,4,0
Potato,73.08,Good,Potassium,Moderately Fertile,4,1,7,2
Rice,69.46,Good,"Nitrogen, Phosphorus",Infertile,5,1,1,1
Maize,69.14,Good,Phosphorus,Moderately Fertile,3,1,5,2
Tomato,68.06,Good,Nitrogen,Moderately Fertile,8,1,0,2
Potato,76.42,Good,Phosphorus,Moderately Fertile,4,1,5,2
Maize,76.42,Good,"Nitrogen, Phosphorus",Infertile,3,1,1,1
Potato,61.94,Good,Phosphorus,Moderately Fertile,4,1,5,2
Maize,65.15,Good,"Nitrogen, Potassium",Infertile,3,1,3,1
Maize,63.93,Good,"Phosphorus, Potassium",Infertile,3,1,6,1
Maize,80.44,Excellent,None,Fertile,3,0,4,0
Maize,80.01,Excellent,Potassium,Moderately Fertile,3,0,7,2
Sugarcane,80.57,Excellent,Nitrogen,Moderately Fertile,7,0,0,2
Tomato,74.77,Good,Potassium,Moderately Fertile,8,1,7,2
Rice,88.77,Excellent,None,Fertile,5,0,4,0
Cotton,75.33,Good,Phosphorus,Moderately Fertile,0,1,5,2
Groundnut,79.28,Good,None,Fertile,1,1,4,0
Jute,79.36,Good,Phosphorus,Moderately Fertile,2,1,5,2
Cotton,87.69,Excellent,None,Fertile,0,0,4,0
Rice,79.85,Good,None,Fertile,5,1,4,0
Tomato,80.72,Excellent,None,Fertile,8,0,4,0
Potato,66.08,Good,"Nitrogen, Phosphorus",Infertile,4,1,1,1
Cotton,59.12,Moderate,"Nitrogen, Phosphorus",Infertile,0,2,1,1
Rice,84.09,Excellent,None,Fertile,5,0,4,0
Maize,72.5,Good,Potassium,Moderately Fertile,3,1,7,2
Maize,79.9,Good,Potassium,Moderately Fertile,3,1,7,2
Wheat,80.35,Excellent,Nitrogen,Moderately Fertile,9,0,0,2
Jute,66.24,Good,"Nitrogen, Potassium",Infertile,2,1,3,1
Sugarcane,85.43,Excellent,None,Fertile,7,0,4,0
Wheat,76.06,Good,Potassium,Moderately Fertile,9,1,7,2
Wheat,73.4,Good,None,Fertile,9,1,4,0
Cotton,71.35,Good,"Phosphorus, Potassium",Infertile,0,1,6,1
Groundnut,84.98,Excellent,None,Fertile,1,0,4,0
Rice,74.69,Good,Phosphorus,Moderately Fertile,5,1,5,2
Jute,78.25,Good,Phosphorus,Moderately Fertile,2,1,5,2
Tomato,63.58,Good,Phosphorus,Moderately Fertile,8,1,5,2
Potato,76.93,Good,Phosphorus,Moderately Fertile,4,1,5,2
Soybean,78.95,Good,Potassium,Moderately Fertile,6,1,7,2
Tomato,65.96,Good,Nitrogen,Moderately Fertile,8,1,0,2
Soybean,78.54,Good,Nitrogen,Moderately Fertile,6,1,0,2
Wheat,89.55,Excellent,None,Fertile,9,0,4,0
Tomato,85.76,Excellent,None,Fertile,8,0,4,0
Groundnut,63.64,Good,"Nitrogen, Potassium",Infertile,1,1,3,1
Jute,77.63,Good,None,Fertile,2,1,4,0
Wheat,69.68,Good,Phosphorus,Moderately Fertile,9,1,5,2
Jute,80.11,Excellent,None,Fertile,2,0,4,0
Cotton,66.54,Good,Potassium,Moderately Fertile,0,1,7,2
Maize,80.16,Excellent,Potassium,Moderately Fertile,3,0,7,2
Soybean,81.13,Excellent,None,Fertile,6,0,4,0
Tomato,61.72,Good,"Nitrogen, Potassium",Infertile,8,1,3,1
Cotton,81.34,Excellent,Potassium,Moderately Fertile,0,0,7,2
Maize,67.11,Good,"Nitrogen, Potassium",Infertile,3,1,3,1
Cotton,79.62,Good,None,Fertile,0,1,4,0
Tomato,87.15,Excellent,None,Fertile,8,0,4,0
Soybean,93.45,Excellent,None,Fertile,6,0,4,0
Sugarcane,74.13,Good,Potassium,Moderately Fertile,7,1,7,2
Wheat,79.85,Good,None,Fertile,9,1,4,0
Tomato,81.18,Excellent,None,Fertile,8,0,4,0
Jute,76.37,Good,Nitrogen,Moderately Fertile,2,1,0,2
Potato,52.9,Moderate,"Nitrogen, Phosphorus",Infertile,4,2,1,1
Groundnut,71.99,Good,Potassium,Moderately Fertile,1,1,7,2
Rice,78.98,Good,Phosphorus,Moderately Fertile,5,1,5,2
Cotton,86.44,Excellent,Potassium,Moderately Fertile,0,0,7,2
Groundnut,69.15,Good,None,Fertile,1,1,4,0
Cotton,71.61,Good,Potassium,Moderately Fertile,0,1,7,2
Tomato,66.25,Good,"Nitrogen, Potassium",Infertile,8,1,3,1
Cotton,84.81,Excellent,None,Fertile,0,0,4,0
Soybean,79.99,Good,Phosphorus,Moderately Fertile,6,1,5,2
Wheat,88.32,Excellent,None,Fertile,9,0,4,0
Soybean,76.58,Good,Nitrogen,Moderately Fertile,6,1,0,2
Soybean,79.62,Good,Potassium,Moderately Fertile,6,1,7,2
Maize,80.29,Excellent,Potassium,Moderately Fertile,3,0,7,2
Soybean,75.48,Good,Phosphorus,Moderately Fertile,6,1,5,2
Maize,84.87,Excellent,None,Fertile,3,0,4,0
Wheat,74.97,Good,Potassium,Moderately Fertile,9,1,7,2
Sugarcane,64.57,Good,"Phosphorus, Potassium",Infertile,7,1,6,1
Soybean,93.25,Excellent,None,Fertile,6,0,4,0
Rice,86.5,Excellent,None,Fertile,5,0,4,0
Potato,58.68,Moderate,"Nitrogen, Potassium",Infertile,4,2,3,1
Potato,69.31,Good,"Phosphorus, Potassium",Infertile,4,1,6,1
Wheat,71.5,Good,Phosphorus,Moderately Fertile,9,1,5,2
Groundnut,62.73,Good,"Nitrogen, Potassium",Infertile,1,1,3,1
Maize,84.39,Excellent,None,Fertile,3,0,4,0
Cotton,84.57,Excellent,Potassium,Moderately Fertile,0,0,7,2
Tomato,67.8,Good,"Nitrogen, Potassium",Infertile,8,1,3,1
Groundnut,68.91,Good,Nitrogen,Moderately Fertile,1,1,0,2
Tomato,67.74,Good,Nitrogen,Moderately Fertile,8,1,0,2
Tomato,57.42,Moderate,Potassium,Moderately Fertile,8,2,7,2
Soybean,79.5,Good,None,Fertile,6,1,4,0
Sugarcane,61.14,Good,"Phosphorus, Potassium",Infertile,7,1,6,1
Groundnut,74.02,Good,None,Fertile,1,1,4,0
Soybean,87.16,Excellent,None,Fertile,6,0,4,0
Groundnut,55.17,Moderate,"Nitrogen, Phosphorus",Infertile,1,2,1,1
Sugarcane,85.07,Excellent,None,Fertile,7,0,4,0
Jute,79.97,Good,Potassium,Moderately Fertile,2,1,7,2
Groundnut,66.26,Good,Potassium,Moderately Fertile,1,1,7,2
Tomato,50.44,Moderate,"Nitrogen, Phosphorus, Potassium",Infertile,8,2,2,1
Rice,67.19,Good,Potassium,Moderately Fertile,5,1,7,2
Wheat,87.88,Excellent,None,Fertile,9,0,4,0
Groundnut,57.68,Moderate,"Nitrogen, Potassium",Infertile,1,2,3,1
Groundnut,81.1,Excellent,Potassium,Moderately Fertile,1,0,7,2
Maize,74.79,Good,Phosphorus,Moderately Fertile,3,1,5,2
Sugarcane,80.0,Excellent,None,Fertile,7,0,4,0
Sugarcane,80.96,Excellent,Potassium,Moderately Fertile,7,0,7,2
Sugarcane,76.47,Good,Nitrogen,Moderately Fertile,7,1,0,2
Wheat,56.89,Moderate,"Phosphorus, Potassium",Infertile,9,2,6,1
Tomato,91.68,Excellent,None,Fertile,8,0,4,0
Wheat,64.01,Good,"Phosphorus, Potassium",Infertile,9,1,6,1
Wheat,79.05,Good,Phosphorus,Moderately Fertile,9,1,5,2
Sugarcane,83.41,Excellent,Potassium,Moderately Fertile,7,0,7,2
Tomato,81.0,Excellent,Phosphorus,Moderately Fertile,8,0,5,2
Potato,60.22,Good,"Nitrogen, Potassium",Infertile,4,1,3,1
Sugarcane,70.77,Good,Potassium,Moderately Fertile,7,1,7,2
Sugarcane,69.07,Good,Nitrogen,Moderately Fertile,7,1,0,2
Potato,59.67,Moderate,"Nitrogen, Potassium",Infertile,4,2,3,1
Tomato,75.42,Good,Potassium,Moderately Fertile,8,1,7,2
Groundnut,66.34,Good,"Nitrogen, Phosphorus",Infertile,1,1,1,1
Jute,80.74,Excellent,Nitrogen,Moderately Fertile,2,0,0,2
Maize,75.16,Good,None,Fertile,3,1,4,0
Sugarcane,70.87,Good,"Phosphorus, Potassium",Infertile,7,1,6,1
Jute,71.18,Good,Phosphorus,Moderately Fertile,2,1,5,2
Potato,77.89,Good,Phosphorus,Moderately Fertile,4,1,5,2
Soybean,83.32,Excellent,None,Fertile,6,0,4,0
Groundnut,59.45,Moderate,"Nitrogen, Potassium",Infertile,1,2,3,1
Tomato,67.21,Good,Nitrogen,Moderately Fertile,8,1,0,2
Maize,83.5,Excellent,None,Fertile,3,0,4,0
Sugarcane,99.12,Excellent,None,Fertile,7,0,4,0
Soybean,94.3,Excellent,None,Fertile,6,0,4,0
Wheat,81.11,Excellent,Potassium,Moderately Fertile,9,0,7,2
Wheat,85.18,Excellent,None,Fertile,9,0,4,0
Potato,69.28,Good,Potassium,Moderately Fertile,4,1,7,2
Maize,75.5,Good,Potassium,Moderately Fertile,3,1,7,2
Groundnut,55.52,Moderate,"Nitrogen, Phosphorus",Infertile,1,2,1,1
Sugarcane,94.75,Excellent,None,Fertile,7,0,4,0
Rice,87.4,Excellent,None,Fertile,5,0,4,0
Cotton,80.05,Excellent,Potassium,Moderately Fertile,0,0,7,2
Jute,87.38,Excellent,None,Fertile,2,0,4,0
Groundnut,68.15,Good,Nitrogen,Moderately Fertile,1,1,0,2
Tomato,77.02,Good,Phosphorus,Moderately Fertile,8,1,5,2
Wheat,68.14,Good,Nitrogen,Moderately Fertile,9,1,0,2
Jute,70.85,Good,"Phosphorus, Potassium",Infertile,2,1,6,1
Cotton,79.23,Good,Phosphorus,Moderately Fertile,0,1,5,2
Sugarcane,81.0,Excellent,Nitrogen,Moderately Fertile,7,0,0,2
Potato,82.38,Excellent,Phosphorus,Moderately Fertile,4,0,5,2
Sugarcane,72.42,Good,"Nitrogen, Potassium",Infertile,7,1,3,1
Wheat,75.18,Good,Potassium,Moderately Fertile,9,1,7,2
Rice,72.07,Good,None,Fertile,5,1,4,0
Soybean,74.43,Good,Phosphorus,Moderately Fertile,6,1,5,2
Maize,81.19,Excellent,Phosphorus,Moderately Fertile,3,0,5,2
Cotton,90.25,Excellent,None,Fertile,0,0,4,0
Cotton,91.11,Excellent,None,Fertile,0,0,4,0
Potato,64.33,Good,Nitrogen,Moderately Fertile,4,1,0,2
Maize,84.04,Excellent,None,Fertile,3,0,4,0
Tomato,53.05,Moderate,"Nitrogen, Potassium",Infertile,8,2,3,1
Cotton,84.54,Excellent,Phosphorus,Moderately Fertile,0,0,5,2
Cotton,67.19,Good,Phosphorus,Moderately Fertile,0,1,5,2
Cotton,72.06,Good,"Phosphorus, Potassium",Infertile,0,1,6,1
Jute,74.05,Good,Phosphorus,Moderately Fertile,2,1,5,2
Jute,79.92,Good,Potassium,Moderately Fertile,2,1,7,2
Groundnut,82.43,Excellent,None,Fertile,1,0,4,0
Cotton,81.26,Excellent,Phosphorus,Moderately Fertile,0,0,5,2
Soybean,67.64,Good,"Phosphorus, Potassium",Infertile,6,1,6,1
Maize,83.04,Excellent,None,Fertile,3,0,4,0
Groundnut,64.14,Good,"Phosphorus, Potassium",Infertile,1,1,6,1
Sugarcane,80.11,Excellent,Potassium,Moderately Fertile,7,0,7,2
Sugarcane,90.12,Excellent,None,Fertile,7,0,4,0
Groundnut,57.94,Moderate,"Nitrogen, Phosphorus",Infertile,1,2,1,1
Rice,81.19,Excellent,None,Fertile,5,0,4,0
Cotton,75.6,Good,Potassium,Moderately Fertile,0,1,7,2
Tomato,61.38,Good,"Nitrogen, Potassium",Infertile,8,1,3,1
Cotton,63.97,Good,"Nitrogen, Potassium",Infertile,0,1,3,1
Rice,82.6,Excellent,None,Fertile,5,0,4,0
Cotton,76.58,Good,Potassium,Moderately Fertile,0,1,7,2
Rice,76.9,Good,Potassium,Moderately Fertile,5,1,7,2
Soybean,69.42,Good,"Phosphorus, Potassium",Infertile,6,1,6,1
Maize,67.7,Good,"Phosphorus, Potassium",Infertile,3,1,6,1
Jute,79.8,Good,Potassium,Moderately Fertile,2,1,7,2
Cotton,74.25,Good,"Nitrogen, Potassium",Infertile,0,1,3,1
Sugarcane,85.8,Excellent,Phosphorus,Moderately Fertile,7,0,5,2
Potato,60.37,Good,Nitrogen,Moderately Fertile,4,1,0,2
Rice,62.97,Good,"Nitrogen, Potassium",Infertile,5,1,3,1
Tomato,80.26,Excellent,None,Fertile,8,0,4,0
Cotton,80.48,Excellent,None,Fertile,0,0,4,0
Rice,92.17,Excellent,None,Fertile,5,0,4,0
Soybean,78.86,Good,"Phosphorus, Potassium",Infertile,6,1,6,1
Soybean,83.59,Excellent,None,Fertile,6,0,4,0
Groundnut,63.17,Good,"Phosphorus, Potassium",Infertile,1,1,6,1
Wheat,77.89,Good,Phosphorus,Moderately Fertile,9,1,5,2
Wheat,85.62,Excellent,Potassium,Moderately Fertile,9,0,7,2
Jute,76.85,Good,Phosphorus,Moderately Fertile,2,1,5,2
Sugarcane,67.57,Good,Potassium,Moderately Fertile,7,1,7,2
Cotton,83.76,Excellent,Phosphorus,Moderately Fertile,0,0,5,2
Potato,81.28,Excellent,Potassium,Moderately Fertile,4,0,7,2
Soybean,62.62,Good,"Nitrogen, Potassium",Infertile,6,1,3,1
Tomato,57.98,Moderate,"Nitrogen, Phosphorus",Infertile,8,2,1,1
Wheat,78.07,Good,None,Fertile,9,1,4,0
Wheat,73.33,Good,Potassium,Moderately Fertile,9,1,7,2
Wheat,74.71,Good,"Nitrogen, Potassium",Infertile,9,1,3,1
Sugarcane,83.84,Excellent,None,Fertile,7,0,4,0
Wheat,86.63,Excellent,Phosphorus,Moderately Fertile,9,0,5,2
Potato,64.41,Good,Nitrogen,Moderately Fertile,4,1,0,2
Cotton,72.41,Good,"Nitrogen, Potassium",Infertile,0,1,3,1
Sugarcane,64.68,Good,Nitrogen,Moderately Fertile,7,1,0,2
Groundnut,69.95,Good,Nitrogen,Moderately Fertile,1,1,0,2
Sugarcane,89.29,Excellent,None,Fertile,7,0,4,0
Wheat,88.23,Excellent,None,Fertile,9,0,4,0
Groundnut,67.04,Good,Phosphorus,Moderately Fertile,1,1,5,2
Tomato,68.73,Good,Nitrogen,Moderately Fertile,8,1,0,2
Sugarcane,88.67,Excellent,Potassium,Moderately Fertile,7,0,7,2
Soybean,60.52,Good,"Phosphorus, Potassium",Infertile,6,1,6,1
Rice,82.29,Excellent,None,Fertile,5,0,4,0
Maize,74.0,Good,Nitrogen,Moderately Fertile,3,1,0,2
Rice,81.53,Excellent,None,Fertile,5,0,4,0
Rice,76.19,Good,Phosphorus,Moderately Fertile,5,1,5,2
Jute,74.93,Good,"Phosphorus, Potassium",Infertile,2,1,6,1
Tomato,86.42,Excellent,None,Fertile,8,0,4,0
Maize,81.39,Excellent,Phosphorus,Moderately Fertile,3,0,5,2
Cotton,80.69,Excellent,Potassium,Moderately Fertile,0,0,7,2
Cotton,81.57,Excellent,Phosphorus,Moderately Fertile,0,0,5,2
Wheat,85.41,Excellent,Phosphorus,Moderately Fertile,9,0,5,2
Tomato,74.24,Good,Potassium,Moderately Fertile,8,1,7,2
Wheat,73.01,Good,"Phosphorus, Potassium",Infertile,9,1,6,1
Groundnut,59.87,Moderate,"Nitrogen, Potassium",Infertile,1,2,3,1
Wheat,54.44,Moderate,"Nitrogen, Phosphorus, Potassium",Infertile,9,2,2,1
Groundnut,70.25,Good,Nitrogen,Moderately Fertile,1,1,0,2
Cotton,76.84,Good,Phosphorus,Moderately Fertile,0,1,5,2
Rice,63.48,Good,"Nitrogen, Potassium",Infertile,5,1,3,1
Potato,72.28,Good,None,Fertile,4,1,4,0
Rice,85.95,Excellent,None,Fertile,5,0,4,0
Maize,81.14,Excellent,None,Fertile,3,0,4,0
Maize,70.54,Good,"Phosphorus, Potassium",Infertile,3,1,6,1
Potato,53.81,Moderate,"Nitrogen, Phosphorus",Infertile,4,2,1,1
Maize,67.1,Good,Nitrogen,Moderately Fertile,3,1,0,2
Potato,71.73,Good,Nitrogen,Moderately Fertile,4,1,0,2
Jute,83.34,Excellent,Phosphorus,Moderately Fertile,2,0,5,2
Cotton,77.5,Good,Phosphorus,Moderately Fertile,0,1,5,2
Tomato,65.23,Good,Nitrogen,Moderately Fertile,8,1,0,2
Groundnut,70.25,Good,Nitrogen,Moderately Fertile,1,1,0,2
Sugarcane,82.17,Excellent,Potassium,Moderately Fertile,7,0,7,2
Sugarcane,76.08,Good,"Phosphorus, Potassium",Infertile,7,1,6,1
Maize,91.47,Excellent,None,Fertile,3,0,4,0
Groundnut,82.0,Excellent,None,Fertile,1,0,4,0
Rice,79.04,Good,Phosphorus,Moderately Fertile,5,1,5,2
Rice,87.57,Excellent,None,Fertile,5,0,4,0
Maize,84.97,Excellent,Phosphorus,Moderately Fertile,3,0,5,2
Sugarcane,77.26,Good,Potassium,Moderately Fertile,7,1,7,2
Rice,60.76,Good,"Nitrogen, Phosphorus, Potassium",Infertile,5,1,2,1
Wheat,84.42,Excellent,Potassium,Moderately Fertile,9,0,7,2
Potato,68.6,Good,Phosphorus,Moderately Fertile,4,1,5,2
Maize,71.79,Good,None,Fertile,3,1,4,0
Soybean,74.69,Good,Nitrogen,Moderately Fertile,6,1,0,2
Tomato,80.31,Excellent,Phosphorus,Moderately Fertile,8,0,5,2
Sugarcane,75.37,Good,None,Fertile,7,1,4,0
Tomato,74.84,Good,Potassium,Moderately Fertile,8,1,7,2
Cotton,64.97,Good,"Phosphorus, Potassium",Infertile,0,1,6,1
Rice,78.06,Good,Potassium,Moderately Fertile,5,1,7,2
Potato,69.86,Good,Nitrogen,Moderately Fertile,4,1,0,2
Rice,77.0,Good,Potassium,Moderately Fertile,5,1,7,2
Jute,84.92,Excellent,None,Fertile,2,0,4,0
Wheat,58.99,Moderate,"Nitrogen, Phosphorus",Infertile,9,2,1,1
Groundnut,68.31,Good,Nitrogen,Moderately Fertile,1,1,0,2
Potato,65.23,Good,Nitrogen,Moderately Fertile,4,1,0,2
Groundnut,67.5,Good,Nitrogen,Moderately Fertile,1,1,0,2
Potato,76.05,Good,Potassium,Moderately Fertile,4,1,7,2
Jute,74.12,Good,Potassium,Moderately Fertile,2,1,7,2
Soybean,77.95,Good,Potassium,Moderately Fertile,6,1,7,2
Maize,85.29,Excellent,None,Fertile,3,0,4,0
Jute,91.83,Excellent,None,Fertile,2,0,4,0
Soybean,57.4,Moderate,"Nitrogen, Phosphorus",Infertile,6,2,1,1
Soybean,73.66,Good,Potassium,Moderately Fertile,6,1,7,2
Potato,64.2,Good,"Nitrogen, Potassium",Infertile,4,1,3,1
Rice,90.01,Excellent,None,Fertile,5,0,4,0
Rice,75.39,Good,None,Fertile,5,1,4,0
Maize,75.22,Good,None,Fertile,3,1,4,0
Wheat,65.98,Good,"Phosphorus, Potassium",Infertile,9,1,6,1
Cotton,83.29,Excellent,Potassium,Moderately Fertile,0,0,7,2
Maize,77.74,Good,Phosphorus,Moderately Fertile,3,1,5,2
Potato,64.34,Good,Nitrogen,Moderately Fertile,4,1,0,2
Wheat,87.93,Excellent,None,Fertile,9,0,4,0
Maize,86.95,Excellent,None,Fertile,3,0,4,0
Jute,74.57,Good,Nitrogen,Moderately Fertile,2,1,0,2
Soybean,65.52,Good,Potassium,Moderately Fertile,6,1,7,2
Wheat,71.24,Good,Nitrogen,Moderately Fertile,9,1,0,2
Jute,82.96,Excellent,Phosphorus,Moderately Fertile,2,0,5,2
Soybean,70.6,Good,Phosphorus,Moderately Fertile,6,1,5,2
Tomato,79.36,Good,None,Fertile,8,1,4,0
Maize,78.86,Good,None,Fertile,3,1,4,0
Jute,75.51,Good,Potassium,Moderately Fertile,2,1,7,2
Wheat,75.45,Good,Potassium,Moderately Fertile,9,1,7,2
Tomato,80.65,Excellent,Potassium,Moderately Fertile,8,0,7,2
Groundnut,65.74,Good,"Phosphorus, Potassium",Infertile,1,1,6,1
Maize,76.87,Good,Phosphorus,Moderately Fertile,3,1,5,2
Potato,78.34,Good,None,Fertile,4,1,4,0
Maize,53.51,Moderate,"Nitrogen, Phosphorus, Potassium",Infertile,3,2,2,1
Groundnut,78.47,Good,None,Fertile,1,1,4,0
Cotton,64.27,Good,"Nitrogen, Potassium",Infertile,0,1,3,1
Jute,90.37,Excellent,None,Fertile,2,0,4,0
Jute,83.65,Excellent,None,Fertile,2,0,4,0
Rice,52.55,Moderate,"Nitrogen, Phosphorus, Potassium",Infertile,5,2,2,1
Cotton,81.32,Excellent,None,Fertile,0,0,4,0
Maize,69.58,Good,Nitrogen,Moderately Fertile,3,1,0,2
Soybean,72.03,Good,Phosphorus,Moderately Fertile,6,1,5,2
Maize,80.07,Excellent,None,Fertile,3,0,4,0
Soybean,90.9,Excellent,None,Fertile,6,0,4,0
Jute,76.54,Good,Potassium,Moderately Fertile,2,1,7,2
Tomato,58.16,Moderate,"Nitrogen, Phosphorus",Infertile,8,2,1,1
Groundnut,68.22,Good,Phosphorus,Moderately Fertile,1,1,5,2
Wheat,74.88,Good,Nitrogen,Moderately Fertile,9,1,0,2
Potato,65.91,Good,Nitrogen,Moderately Fertile,4,1,0,2
Soybean,77.26,Good,"Phosphorus, Potassium",Infertile,6,1,6,1
Cotton,82.41,Excellent,Potassium,Moderately Fertile,0,0,7,2
Cotton,79.45,Good,Potassium,Moderately Fertile,0,1,7,2
Groundnut,74.41,Good,Phosphorus,Moderately Fertile,1,1,5,2
Tomato,71.53,Good,None,Fertile,8,1,4,0
Wheat,65.69,Good,"Phosphorus, Potassium",Infertile,9,1,6,1
Soybean,85.56,Excellent,Potassium,Moderately Fertile,6,0,7,2
Maize,82.74,Excellent,None,Fertile,3,0,4,0
Jute,65.36,Good,"Nitrogen, Phosphorus",Infertile,2,1,1,1
Cotton,80.67,Excellent,None,Fertile,0,0,4,0
Potato,48.99625000000002,Moderate,"Nitrogen, Phosphorus, Potassium",Infertile,4,2,2,1
Wheat,73.72,Good,Potassium,Moderately Fertile,9,1,7,2
Rice,90.32,Excellent,None,Fertile,5,0,4,0
Maize,70.92,Good,Potassium,Moderately Fertile,3,1,7,2
Cotton,89.09,Excellent,None,Fertile,0,0,4,0
Jute,65.7,Good,Potassium,Moderately Fertile,2,1,7,2
Groundnut,64.27,Good,Nitrogen,Moderately Fertile,1,1,0,2
Maize,60.97,Good,"Nitrogen, Potassium",Infertile,3,1,3,1
Sugarcane,75.51,Good,Potassium,Moderately Fertile,7,1,7,2
Jute,86.92,Excellent,None,Fertile,2,0,4,0
Cotton,82.47,Excellent,None,Fertile,0,0,4,0
Wheat,87.62,Excellent,None,Fertile,9,0,4,0
Maize,66.25,Good,"Phosphorus, Potassium",Infertile,3,1,6,1
Tomato,66.4,Good,Phosphorus,Moderately Fertile,8,1,5,2
Rice,75.58,Good,Potassium,Moderately Fertile,5,1,7,2
Maize,79.08,Good,None,Fertile,3,1,4,0
Sugarcane,82.39,Excellent,None,Fertile,7,0,4,0
Cotton,81.93,Excellent,None,Fertile,0,0,4,0
Tomato,72.54,Good,Potassium,Moderately Fertile,8,1,7,2
Cotton,88.78,Excellent,Potassium,Moderately Fertile,0,0,7,2
Cotton,79.11,Good,Nitrogen,Moderately Fertile,0,1,0,2
Sugarcane,63.78,Good,"Nitrogen, Potassium",Infertile,7,1,3,1
Jute,67.16,Good,Nitrogen,Moderately Fertile,2,1,0,2
Cotton,74.69,Good,Potassium,Moderately Fertile,0,1,7,2
Potato,71.2,Good,Phosphorus,Moderately Fertile,4,1,5,2
Potato,73.21,Good,Phosphorus,Moderately Fertile,4,1,5,2
Wheat,81.28,Excellent,Potassium,Moderately Fertile,9,0,7,2
Tomato,76.31,Good,Potassium,Moderately Fertile,8,1,7,2
Sugarcane,75.76,Good,Phosphorus,Moderately Fertile,7,1,5,2
Rice,74.87,Good,Potassium,Moderately Fertile,5,1,7,2
Sugarcane,73.84,Good,"Nitrogen, Potassium",Infertile,7,1,3,1
Maize,83.06,Excellent,Phosphorus,Moderately Fertile,3,0,5,2
Maize,78.73,Good,Potassium,Moderately Fertile,3,1,7,2
Jute,77.77,Good,Nitrogen,Moderately Fertile,2,1,0,2
Potato,64.72,Good,"Phosphorus, Potassium",Infertile,4,1,6,1
Tomato,57.01,Moderate,"Nitrogen, Potassium",Infertile,8,2,3,1
Jute,77.82,Good,None,Fertile,2,1,4,0
Cotton,79.65,Good,Potassium,Moderately Fertile,0,1,7,2
Maize,70.78,Good,Phosphorus,Moderately Fertile,3,1,5,2
Groundnut,80.88,Excellent,None,Fertile,1,0,4,0
Sugarcane,69.65,Good,Nitrogen,Moderately Fertile,7,1,0,2
Maize,69.88,Good,Potassium,Moderately Fertile,3,1,7,2
Wheat,76.22,Good,Potassium,Moderately Fertile,9,1,7,2
Rice,66.48,Good,"Nitrogen, Potassium",Infertile,5,1,3,1
Rice,83.23,Excellent,None,Fertile,5,0,4,0
Groundnut,85.32,Excellent,None,Fertile,1,0,4,0
Wheat,69.47,Good,"Phosphorus, Potassium",Infertile,9,1,6,1
Maize,87.17,Excellent,None,Fertile,3,0,4,0
Wheat,79.31,Good,None,Fertile,9,1,4,0
Sugarcane,87.21,Excellent,None,Fertile,7,0,4,0
Cotton,81.81,Excellent,Phosphorus,Moderately Fertile,0,0,5,2
Maize,75.63,Good,Potassium,Moderately Fertile,3,1,7,2
Wheat,68.48,Good,Phosphorus,Moderately Fertile,9,1,5,2
Maize,73.25,Good,"Nitrogen, Potassium",Infertile,3,1,3,1
Groundnut,77.53,Good,Potassium,Moderately Fertile,1,1,7,2
Cotton,76.27,Good,Nitrogen,Moderately Fertile,0,1,0,2
Tomato,66.07,Good,Nitrogen,Moderately Fertile,8,1,0,2
Maize,71.94,Good,"Nitrogen, Potassium",Infertile,3,1,3,1
Soybean,59.11,Moderate,"Nitrogen, Phosphorus",Infertile,6,2,1,1
Groundnut,92.85,Excellent,None,Fertile,1,0,4,0
Groundnut,86.02,Excellent,None,Fertile,1,0,4,0
Potato,87.3,Excellent,None,Fertile,4,0,4,0
Rice,59.76,Moderate,"Nitrogen, Potassium",Infertile,5,2,3,1
Maize,82.3,Excellent,None,Fertile,3,0,4,0
Wheat,82.39,Excellent,None,Fertile,9,0,4,0
Jute,84.08,Excellent,None,Fertile,2,0,4,0
Soybean,63.62,Good,"Nitrogen, Potassium",Infertile,6,1,3,1
Jute,78.92,Good,Potassium,Moderately Fertile,2,1,7,2
Rice,86.92,Excellent,None,Fertile,5,0,4,0
Maize,90.2,Excellent,None,Fertile,3,0,4,0
Maize,73.05,Good,Phosphorus,Moderately Fertile,3,1,5,2
Soybean,79.36,Good,Phosphorus,Moderately Fertile,6,1,5,2
Groundnut,58.3,Moderate,"Nitrogen, Phosphorus",Infertile,1,2,1,1
Groundnut,78.83,Good,None,Fertile,1,1,4,0
Groundnut,68.7,Good,Nitrogen,Moderately Fertile,1,1,0,2
Sugarcane,90.78,Excellent,None,Fertile,7,0,4,0
Jute,76.13,Good,Potassium,Moderately Fertile,2,1,7,2
Jute,88.98,Excellent,None,Fertile,2,0,4,0
Potato,55.11,Moderate,"Nitrogen, Phosphorus",Infertile,4,2,1,1
Sugarcane,78.95,Good,None,Fertile,7,1,4,0
Maize,72.58,Good,Potassium,Moderately Fertile,3,1,7,2
Sugarcane,88.37,Excellent,None,Fertile,7,0,4,0
Potato,75.5,Good,Potassium,Moderately Fertile,4,1,7,2
Wheat,81.4,Excellent,None,Fertile,9,0,4,0
Rice,84.26,Excellent,None,Fertile,5,0,4,0
Jute,85.45,Excellent,None,Fertile,2,0,4,0
Potato,78.48,Good,None,Fertile,4,1,4,0
Rice,72.2,Good,Phosphorus,Moderately Fertile,5,1,5,2
Potato,73.32,Good,Potassium,Moderately Fertile,4,1,7,2
Potato,86.53,Excellent,None,Fertile,4,0,4,0
Potato,81.68,Excellent,Phosphorus,Moderately Fertile,4,0,5,2
Soybean,84.05,Excellent,Phosphorus,Moderately Fertile,6,0,5,2
Cotton,86.51,Excellent,Phosphorus,Moderately Fertile,0,0,5,2
Cotton,70.62,Good,Potassium,Moderately Fertile,0,1,7,2
Rice,79.04,Good,None,Fertile,5,1,4,0
Cotton,61.23,Good,"Phosphorus, Potassium",Infertile,0,1,6,1
Jute,77.03,Good,Phosphorus,Moderately Fertile,2,1,5,2
Tomato,71.96,Good,Phosphorus,Moderately Fertile,8,1,5,2
Soybean,69.18,Good,"Phosphorus, Potassium",Infertile,6,1,6,1
Rice,85.63,Excellent,None,Fertile,5,0,4,0
Rice,68.23,Good,"Phosphorus, Potassium",Infertile,5,1,6,1
Cotton,82.54,Excellent,Potassium,Moderately Fertile,0,0,7,2
Cotton,81.14,Excellent,Phosphorus,Moderately Fertile,0,0,5,2
Wheat,83.22,Excellent,None,Fertile,9,0,4,0
Rice,66.64,Good,"Phosphorus, Potassium",Infertile,5,1,6,1
Wheat,90.4,Excellent,None,Fertile,9,0,4,0
Potato,84.85,Excellent,Potassium,Moderately Fertile,4,0,7,2
Tomato,67.33,Good,Nitrogen,Moderately Fertile,8,1,0,2
Jute,66.64,Good,"Nitrogen, Potassium",Infertile,2,1,3,1
Rice,65.7,Good,Phosphorus,Moderately Fertile,5,1,5,2
Tomato,62.32,Good,"Nitrogen, Phosphorus, Potassium",Infertile,8,1,2,1
Groundnut,53.26,Moderate,"Nitrogen, Potassium",Infertile,1,2,3,1
Potato,81.63,Excellent,None,Fertile,4,0,4,0
Groundnut,50.55,Moderate,"Nitrogen, Phosphorus",Infertile,1,2,1,1
Sugarcane,79.98,Good,None,Fertile,7,1,4,0
Groundnut,58.98,Moderate,"Nitrogen, Phosphorus",Infertile,1,2,1,1
Soybean,84.92,Excellent,None,Fertile,6,0,4,0
Jute,73.99,Good,Potassium,Moderately Fertile,2,1,7,2
Potato,58.72,Moderate,"Nitrogen, Phosphorus",Infertile,4,2,1,1
Jute,75.13,Good,Potassium,Moderately Fertile,2,1,7,2
Cotton,75.08,Good,"Phosphorus, Potassium",Infertile,0,1,6,1
Wheat,66.15,Good,Phosphorus,Moderately Fertile,9,1,5,2
Soybean,60.1,Good,"Phosphorus, Potassium",Infertile,6,1,6,1
Cotton,84.63,Excellent,Potassium,Moderately Fertile,0,0,7,2
Tomato,67.72,Good,Nitrogen,Moderately Fertile,8,1,0,2
Maize,69.64,Good,"Phosphorus, Potassium",Infertile,3,1,6,1
Jute,80.56,Excellent,Potassium,Moderately Fertile,2,0,7,2
Jute,78.15,Good,Potassium,Moderately Fertile,2,1,7,2
Potato,70.29,Good,Nitrogen,Moderately Fertile,4,1,0,2
Wheat,57.64,Moderate,"Nitrogen, Phosphorus",Infertile,9,2,1,1
Sugarcane,76.19,Good,Phosphorus,Moderately Fertile,7,1,5,2
Cotton,77.96,Good,Phosphorus,Moderately Fertile,0,1,5,2
Cotton,69.48,Good,"Phosphorus, Potassium",Infertile,0,1,6,1
Cotton,70.27,Good,Potassium,Moderately Fertile,0,1,7,2
Sugarcane,82.17,Excellent,Nitrogen,Moderately Fertile,7,0,0,2
Maize,79.2,Good,Phosphorus,Moderately Fertile,3,1,5,2
Tomato,76.67,Good,None,Fertile,8,1,4,0
Jute,68.52,Good,Potassium,Moderately Fertile,2,1,7,2
Maize,89.9,Excellent,None,Fertile,3,0,4,0
Potato,78.29,Good,Potassium,Moderately Fertile,4,1,7,2
Tomato,68.74,Good,Phosphorus,Moderately Fertile,8,1,5,2
Cotton,83.53,Excellent,Phosphorus,Moderately Fertile,0,0,5,2
Rice,70.07,Good,Potassium,Moderately Fertile,5,1,7,2
Sugarcane,79.18,Good,Nitrogen,Moderately Fertile,7,1,0,2
Potato,91.23,Excellent,None,Fertile,4,0,4,0
Tomato,68.8,Good,Nitrogen,Moderately Fertile,8,1,0,2
Sugarcane,89.03,Excellent,None,Fertile,7,0,4,0
Wheat,81.87,Excellent,Phosphorus,Moderately Fertile,9,0,5,2
Maize,82.51,Excellent,None,Fertile,3,0,4,0
Groundnut,71.22,Good,Nitrogen,Moderately Fertile,1,1,0,2
Sugarcane,93.83,Excellent,None,Fertile,7,0,4,0
Maize,66.51,Good,Phosphorus,Moderately Fertile,3,1,5,2
Tomato,72.26,Good,Nitrogen,Moderately Fertile,8,1,0,2
Potato,60.95,Good,Nitrogen,Moderately Fertile,4,1,0,2
Groundnut,71.57,Good,None,Fertile,1,1,4,0
Rice,78.23,Good,Phosphorus,Moderately Fertile,5,1,5,2
Jute,84.94,Excellent,None,Fertile,2,0,4,0
Potato,79.9,Good,None,Fertile,4,1,4,0
Wheat,85.75,Excellent,None,Fertile,9,0,4,0
Soybean,79.49,Good,Phosphorus,Moderately Fertile,6,1,5,2
Cotton,71.23,Good,Potassium,Moderately Fertile,0,1,7,2
Groundnut,56.55,Moderate,"Nitrogen, Potassium",Infertile,1,2,3,1
Groundnut,62.7,Good,Nitrogen,Moderately Fertile,1,1,0,2
Maize,74.45,Good,Phosphorus,Moderately Fertile,3,1,5,2
Wheat,67.83,Good,"Phosphorus, Potassium",Infertile,9,1,6,1
Sugarcane,62.76,Good,"Nitrogen, Potassium",Infertile,7,1,3,1
Soybean,83.59,Excellent,Potassium,Moderately Fertile,6,0,7,2
Wheat,89.8,Excellent,None,Fertile,9,0,4,0
Rice,77.05,Good,Nitrogen,Moderately Fertile,5,1,0,2
Groundnut,53.44,Moderate,"Nitrogen, Potassium",Infertile,1,2,3,1
Wheat,66.31,Good,Phosphorus,Moderately Fertile,9,1,5,2
Cotton,76.56,Good,None,Fertile,0,1,4,0
Cotton,88.46,Excellent,Potassium,Moderately Fertile,0,0,7,2
Soybean,71.64,Good,Nitrogen,Moderately Fertile,6,1,0,2
Tomato,56.53,Moderate,"Nitrogen, Phosphorus, Potassium",Infertile,8,2,2,1
Wheat,87.99,Excellent,Potassium,Moderately Fertile,9,0,7,2
Maize,67.11,Good,"Nitrogen, Phosphorus, Potassium",Infertile,3,1,2,1
Rice,87.57,Excellent,None,Fertile,5,0,4,0
Potato,71.45,Good,Nitrogen,Moderately Fertile,4,1,0,2
Sugarcane,70.85,Good,Potassium,Moderately Fertile,7,1,7,2
Tomato,51.2,Moderate,"Nitrogen, Phosphorus, Potassium",Infertile,8,2,2,1
Tomato,67.68,Good,Potassium,Moderately Fertile,8,1,7,2
Wheat,82.27,Excellent,None,Fertile,9,0,4,0
Rice,72.07,Good,Phosphorus,Moderately Fertile,5,1,5,2
Maize,68.05,Good,"Nitrogen, Phosphorus",Infertile,3,1,1,1
Groundnut,58.97,Moderate,"Nitrogen, Potassium",Infertile,1,2,3,1
Rice,84.11,Excellent,None,Fertile,5,0,4,0
Wheat,79.82,Good,None,Fertile,9,1,4,0
Wheat,80.83,Excellent,Phosphorus,Moderately Fertile,9,0,5,2
Potato,80.08,Excellent,Phosphorus,Moderately Fertile,4,0,5,2
Cotton,74.17,Good,Phosphorus,Moderately Fertile,0,1,5,2
Potato,79.62,Good,None,Fertile,4,1,4,0
Groundnut,73.27,Good,Nitrogen,Moderately Fertile,1,1,0,2
Rice,75.71,Good,Potassium,Moderately Fertile,5,1,7,2
Rice,92.9,Excellent,None,Fertile,5,0,4,0
Maize,70.79,Good,Potassium,Moderately Fertile,3,1,7,2
Cotton,79.03,Good,Potassium,Moderately Fertile,0,1,7,2
Sugarcane,84.15,Excellent,Phosphorus,Moderately Fertile,7,0,5,2
Wheat,78.79,Good,Phosphorus,Moderately Fertile,9,1,5,2
Cotton,69.58,Good,"Phosphorus, Potassium",Infertile,0,1,6,1
Sugarcane,81.43,Excellent,Potassium,Moderately Fertile,7,0,7,2
Groundnut,76.13,Good,None,Fertile,1,1,4,0
Maize,64.8,Good,"Phosphorus, Potassium",Infertile,3,1,6,1
Cotton,70.21,Good,Nitrogen,Moderately Fertile,0,1,0,2
Wheat,81.1,Excellent,Phosphorus,Moderately Fertile,9,0,5,2
Sugarcane,84.15,Excellent,None,Fertile,7,0,4,0
Sugarcane,83.84,Excellent,None,Fertile,7,0,4,0
Soybean,83.8,Excellent,Phosphorus,Moderately Fertile,6,0,5,2
Cotton,77.75,Good,Potassium,Moderately Fertile,0,1,7,2
Rice,71.15,Good,"Phosphorus, Potassium",Infertile,5,1,6,1
Rice,98.3,Excellent,None,Fertile,5,0,4,0
Wheat,93.73,Excellent,None,Fertile,9,0,4,0
Sugarcane,78.7,Good,Potassium,Moderately Fertile,7,1,7,2
Maize,56.39,Moderate,"Nitrogen, Phosphorus, Potassium",Infertile,3,2,2,1
Tomato,48.99625000000002,Moderate,"Nitrogen, Phosphorus, Potassium",Infertile,8,2,2,1
Groundnut,69.88,Good,Nitrogen,Moderately Fertile,1,1,0,2
Wheat,90.13,Excellent,None,Fertile,9,0,4,0
Jute,84.51,Excellent,Phosphorus,Moderately Fertile,2,0,5,2
Jute,79.62,Good,"Phosphorus, Potassium",Infertile,2,1,6,1
Soybean,66.56,Good,"Phosphorus, Potassium",Infertile,6,1,6,1
Rice,61.76,Good,"Nitrogen, Potassium",Infertile,5,1,3,1
Rice,93.42,Excellent,None,Fertile,5,0,4,0
Wheat,79.91,Good,Potassium,Moderately Fertile,9,1,7,2
Rice,73.92,Good,"Nitrogen, Phosphorus",Infertile,5,1,1,1
Sugarcane,88.4,Excellent,None,Fertile,7,0,4,0
Soybean,79.87,Good,None,Fertile,6,1,4,0
Potato,68.98,Good,Potassium,Moderately Fertile,4,1,7,2
Sugarcane,74.85,Good,Potassium,Moderately Fertile,7,1,7,2
Groundnut,72.2,Good,Nitrogen,Moderately Fertile,1,1,0,2
Tomato,68.47,Good,None,Fertile,8,1,4,0
Jute,63.26,Good,"Phosphorus, Potassium",Infertile,2,1,6,1
Jute,72.85,Good,Nitrogen,Moderately Fertile,2,1,0,2
Rice,77.54,Good,None,Fertile,5,1,4,0
Soybean,78.42,Good,None,Fertile,6,1,4,0
Groundnut,80.86,Excellent,None,Fertile,1,0,4,0
Sugarcane,94.55,Excellent,None,Fertile,7,0,4,0
Tomato,61.56,Good,"Nitrogen, Potassium",Infertile,8,1,3,1
Wheat,55.97,Moderate,"Nitrogen, Phosphorus, Potassium",Infertile,9,2,2,1
Groundnut,74.09,Good,Phosphorus,Moderately Fertile,1,1,5,2
Tomato,79.27,Good,Potassium,Moderately Fertile,8,1,7,2
Sugarcane,87.09,Excellent,None,Fertile,7,0,4,0
Cotton,69.61,Good,Phosphorus,Moderately Fertile,0,1,5,2
Maize,79.18,Good,None,Fertile,3,1,4,0
Jute,81.49,Excellent,None,Fertile,2,0,4,0
Cotton,80.83,Excellent,Phosphorus,Moderately Fertile,0,0,5,2
Rice,69.07,Good,Phosphorus,Moderately Fertile,5,1,5,2
Jute,67.76,Good,Phosphorus,Moderately Fertile,2,1,5,2
Rice,64.5,Good,"Phosphorus, Potassium",Infertile,5,1,6,1
Tomato,77.65,Good,Phosphorus,Moderately Fertile,8,1,5,2
Wheat,84.77,Excellent,None,Fertile,9,0,4,0
Wheat,73.06,Good,"Nitrogen, Potassium",Infertile,9,1,3,1
Tomato,80.63,Excellent,None,Fertile,8,0,4,0
Wheat,68.25,Good,Nitrogen,Moderately Fertile,9,1,0,2
Cotton,90.06,Excellent,None,Fertile,0,0,4,0
Groundnut,76.8,Good,None,Fertile,1,1,4,0
Maize,89.52,Excellent,None,Fertile,3,0,4,0
Potato,73.2,Good,Nitrogen,Moderately Fertile,4,1,0,2
Soybean,73.2,Good,Potassium,Moderately Fertile,6,1,7,2
Rice,93.77,Excellent,None,Fertile,5,0,4,0
Sugarcane,73.15,Good,Phosphorus,Moderately Fertile,7,1,5,2
Sugarcane,82.61,Excellent,Potassium,Moderately Fertile,7,0,7,2
Groundnut,84.61,Excellent,Potassium,Moderately Fertile,1,0,7,2
Rice,81.5,Excellent,Phosphorus,Moderately Fertile,5,0,5,2
Jute,83.55,Excellent,None,Fertile,2,0,4,0
Jute,81.18,Excellent,None,Fertile,2,0,4,0
Soybean,78.32,Good,Potassium,Moderately Fertile,6,1,7,2
Wheat,92.46,Excellent,None,Fertile,9,0,4,0
Sugarcane,85.37,Excellent,None,Fertile,7,0,4,0
Sugarcane,92.06,Excellent,None,Fertile,7,0,4,0
Potato,80.28,Excellent,Phosphorus,Moderately Fertile,4,0,5,2
Wheat,65.1,Good,"Nitrogen, Potassium",Infertile,9,1,3,1
Wheat,77.02,Good,None,Fertile,9,1,4,0
Groundnut,62.95,Good,Potassium,Moderately Fertile,1,1,7,2
Soybean,68.49,Good,Nitrogen,Moderately Fertile,6,1,0,2
Tomato,81.4,Excellent,None,Fertile,8,0,4,0
Maize,70.84,Good,Nitrogen,Moderately Fertile,3,1,0,2
Cotton,68.56,Good,Nitrogen,Moderately Fertile,0,1,0,2
Sugarcane,70.84,Good,None,Fertile,7,1,4,0
Potato,78.35,Good,None,Fertile,4,1,4,0
Maize,80.84,Excellent,Phosphorus,Moderately Fertile,3,0,5,2
Potato,51.17,Moderate,"Nitrogen, Phosphorus, Potassium",Infertile,4,2,2,1
Tomato,69.08,Good,Nitrogen,Moderately Fertile,8,1,0,2
Sugarcane,78.08,Good,None,Fertile,7,1,4,0
Tomato,80.92,Excellent,Potassium,Moderately Fertile,8,0,7,2
Soybean,72.85,Good,Potassium,Moderately Fertile,6,1,7,2
Tomato,65.36,Good,"Phosphorus, Potassium",Infertile,8,1,6,1
Groundnut,57.89,Moderate,"Phosphorus, Potassium",Infertile,1,2,6,1
Soybean,86.18,Excellent,Potassium,Moderately Fertile,6,0,7,2
Rice,81.53,Excellent,Potassium,Moderately Fertile,5,0,7,2
Sugarcane,77.21,Good,Phosphorus,Moderately Fertile,7,1,5,2
Rice,73.11,Good,Phosphorus,Moderately Fertile,5,1,5,2
Groundnut,64.58,Good,Potassium,Moderately Fertile,1,1,7,2
Cotton,82.58,Excellent,Phosphorus,Moderately Fertile,0,0,5,2
Cotton,71.57,Good,Potassium,Moderately Fertile,0,1,7,2
Rice,76.76,Good,Nitrogen,Moderately Fertile,5,1,0,2
Sugarcane,77.02,Good,None,Fertile,7,1,4,0
Groundnut,78.48,Good,Phosphorus,Moderately Fertile,1,1,5,2
Groundnut,72.45,Good,"Phosphorus, Potassium",Infertile,1,1,6,1
Tomato,64.2,Good,Potassium,Moderately Fertile,8,1,7,2
Tomato,72.09,Good,Nitrogen,Moderately Fertile,8,1,0,2
Groundnut,78.35,Good,"Phosphorus, Potassium",Infertile,1,1,6,1
Jute,80.58,Excellent,None,Fertile,2,0,4,0
Jute,59.05,Moderate,"Phosphorus, Potassium",Infertile,2,2,6,1
Wheat,76.47,Good,Potassium,Moderately Fertile,9,1,7,2
Soybean,61.36,Good,"Nitrogen, Potassium",Infertile,6,1,3,1
Potato,69.38,Good,Phosphorus,Moderately Fertile,4,1,5,2
Soybean,83.45,Excellent,Potassium,Moderately Fertile,6,0,7,2
Cotton,81.03,Excellent,None,Fertile,0,0,4,0
Jute,79.53,Good,Potassium,Moderately Fertile,2,1,7,2
Cotton,81.81,Excellent,Phosphorus,Moderately Fertile,0,0,5,2
Rice,65.01,Good,"Phosphorus, Potassium",Infertile,5,1,6,1
Rice,75.56,Good,Potassium,Moderately Fertile,5,1,7,2
Potato,88.52,Excellent,None,Fertile,4,0,4,0
Wheat,74.23,Good,Phosphorus,Moderately Fertile,9,1,5,2
Rice,84.05,Excellent,None,Fertile,5,0,4,0
Tomato,76.97,Good,Potassium,Moderately Fertile,8,1,7,2
Maize,83.84,Excellent,None,Fertile,3,0,4,0
Wheat,82.78,Excellent,None,Fertile,9,0,4,0
Rice,76.61,Good,None,Fertile,5,1,4,0
Tomato,80.18,Excellent,Potassium,Moderately Fertile,8,0,7,2
Rice,80.33,Excellent,None,Fertile,5,0,4,0
Potato,81.32,Excellent,None,Fertile,4,0,4,0
Potato,57.3,Moderate,"Nitrogen, Potassium",Infertile,4,2,3,1
Soybean,79.66,Good,Nitrogen,Moderately Fertile,6,1,0,2
Rice,71.9,Good,Phosphorus,Moderately Fertile,5,1,5,2
Potato,81.81,Excellent,Potassium,Moderately Fertile,4,0,7,2
Groundnut,85.5,Excellent,None,Fertile,1,0,4,0
Wheat,71.84,Good,"Phosphorus, Potassium",Infertile,9,1,6,1
Jute,70.98,Good,"Phosphorus, Potassium",Infertile,2,1,6,1
Soybean,92.66,Excellent,None,Fertile,6,0,4,0
Wheat,81.31,Excellent,Phosphorus,Moderately Fertile,9,0,5,2
Jute,84.73,Excellent,None,Fertile,2,0,4,0
Wheat,84.61,Excellent,None,Fertile,9,0,4,0
Groundnut,78.85,Good,Potassium,Moderately Fertile,1,1,7,2
Potato,60.92,Good,"Nitrogen, Phosphorus",Infertile,4,1,1,1
Rice,65.54,Good,"Phosphorus, Potassium",Infertile,5,1,6,1
Soybean,94.9,Excellent,None,Fertile,6,0,4,0
Rice,75.28,Good,Phosphorus,Moderately Fertile,5,1,5,2
Jute,89.6,Excellent,None,Fertile,2,0,4,0
Jute,82.93,Excellent,None,Fertile,2,0,4,0
Rice,87.82,Excellent,None,Fertile,5,0,4,0
Wheat,83.66,Excellent,None,Fertile,9,0,4,0
Maize,77.09,Good,Phosphorus,Moderately Fertile,3,1,5,2
Soybean,87.72,Excellent,None,Fertile,6,0,4,0
Cotton,84.08,Excellent,Potassium,Moderately Fertile,0,0,7,2
Potato,49.8,Moderate,"Nitrogen, Phosphorus, Potassium",Infertile,4,2,2,1
Groundnut,89.21,Excellent,None,Fertile,1,0,4,0
Sugarcane,68.22,Good,"Nitrogen, Potassium",Infertile,7,1,3,1
Groundnut,74.22,Good,Phosphorus,Moderately Fertile,1,1,5,2
Wheat,87.73,Excellent,None,Fertile,9,0,4,0
Rice,87.52,Excellent,None,Fertile,5,0,4,0
Sugarcane,66.92,Good,Phosphorus,Moderately Fertile,7,1,5,2
Sugarcane,82.05,Excellent,Potassium,Moderately Fertile,7,0,7,2
Wheat,57.1,Moderate,"Nitrogen, Phosphorus, Potassium",Infertile,9,2,2,1
Potato,74.92,Good,Potassium,Moderately Fertile,4,1,7,2
Sugarcane,91.03,Excellent,None,Fertile,7,0,4,0
Groundnut,79.04,Good,Nitrogen,Moderately Fertile,1,1,0,2
Cotton,76.11,Good,Potassium,Moderately Fertile,0,1,7,2
Maize,72.98,Good,Nitrogen,Moderately Fertile,3,1,0,2
Cotton,84.78,Excellent,None,Fertile,0,0,4,0
Wheat,72.33,Good,Potassium,Moderately Fertile,9,1,7,2
Groundnut,85.87,Excellent,None,Fertile,1,0,4,0
Maize,63.34,Good,"Phosphorus, Potassium",Infertile,3,1,6,1
Potato,82.21,Excellent,Potassium,Moderately Fertile,4,0,7,2
Potato,79.32,Good,None,Fertile,4,1,4,0
Groundnut,77.47,Good,Potassium,Moderately Fertile,1,1,7,2
Maize,77.88,Good,Phosphorus,Moderately Fertile,3,1,5,2
Groundnut,88.5,Excellent,None,Fertile,1,0,4,0
Tomato,80.63,Excellent,Potassium,Moderately Fertile,8,0,7,2
Soybean,78.48,Good,Potassium,Moderately Fertile,6,1,7,2
Sugarcane,72.35,Good,"Nitrogen, Phosphorus",Infertile,7,1,1,1
Groundnut,81.63,Excellent,None,Fertile,1,0,4,0
Sugarcane,71.77,Good,"Phosphorus, Potassium",Infertile,7,1,6,1
Tomato,48.99625000000002,Moderate,"Nitrogen, Phosphorus, Potassium",Infertile,8,2,2,1
Wheat,85.29,Excellent,Potassium,Moderately Fertile,9,0,7,2
Tomato,72.77,Good,Phosphorus,Moderately Fertile,8,1,5,2
Tomato,78.78,Good,None,Fertile,8,1,4,0
Groundnut,81.67,Excellent,None,Fertile,1,0,4,0
Wheat,86.52,Excellent,None,Fertile,9,0,4,0
Groundnut,80.45,Excellent,None,Fertile,1,0,4,0
Sugarcane,81.38,Excellent,None,Fertile,7,0,4,0
Rice,78.33,Good,Potassium,Moderately Fertile,5,1,7,2
Maize,66.16,Good,"Phosphorus, Potassium",Infertile,3,1,6,1
Wheat,90.67,Excellent,None,Fertile,9,0,4,0
Wheat,77.45,Good,Nitrogen,Moderately Fertile,9,1,0,2
Tomato,69.98,Good,"Phosphorus, Potassium",Infertile,8,1,6,1
Groundnut,78.93,Good,None,Fertile,1,1,4,0
Cotton,81.18,Excellent,Phosphorus,Moderately Fertile,0,0,5,2
Maize,76.62,Good,Phosphorus,Moderately Fertile,3,1,5,2
Tomato,78.87,Good,Phosphorus,Moderately Fertile,8,1,5,2
Maize,88.89,Excellent,None,Fertile,3,0,4,0
Jute,72.45,Good,Potassium,Moderately Fertile,2,1,7,2
Cotton,83.96,Excellent,Potassium,Moderately Fertile,0,0,7,2
Potato,76.54,Good,None,Fertile,4,1,4,0
Groundnut,80.75,Excellent,None,Fertile,1,0,4,0
Tomato,61.35,Good,Nitrogen,Moderately Fertile,8,1,0,2
Groundnut,77.14,Good,None,Fertile,1,1,4,0
Jute,80.06,Excellent,Potassium,Moderately Fertile,2,0,7,2
Potato,70.85,Good,Potassium,Moderately Fertile,4,1,7,2
Maize,80.54,Excellent,None,Fertile,3,0,4,0
Sugarcane,78.11,Good,None,Fertile,7,1,4,0
Sugarcane,78.76,Good,Nitrogen,Moderately Fertile,7,1,0,2
Potato,71.49,Good,Nitrogen,Moderately Fertile,4,1,0,2
Sugarcane,84.67,Excellent,Phosphorus,Moderately Fertile,7,0,5,2
Cotton,72.54,Good,Nitrogen,Moderately Fertile,0,1,0,2
Rice,89.15,Excellent,None,Fertile,5,0,4,0
Wheat,98.42,Excellent,None,Fertile,9,0,4,0
Cotton,81.37,Excellent,None,Fertile,0,0,4,0
Tomato,68.53,Good,Phosphorus,Moderately Fertile,8,1,5,2
Rice,78.75,Good,Potassium,Moderately Fertile,5,1,7,2
Tomato,78.19,Good,Potassium,Moderately Fertile,8,1,7,2
Potato,66.94,Good,Nitrogen,Moderately Fertile,4,1,0,2
Tomato,81.46,Excellent,None,Fertile,8,0,4,0
Cotton,82.76,Excellent,Phosphorus,Moderately Fertile,0,0,5,2
Rice,75.08,Good,Potassium,Moderately Fertile,5,1,7,2
Potato,73.5,Good,Phosphorus,Moderately Fertile,4,1,5,2
Wheat,85.12,Excellent,None,Fertile,9,0,4,0
Sugarcane,78.53,Good,None,Fertile,7,1,4,0
Rice,80.65,Excellent,Potassium,Moderately Fertile,5,0,7,2
Wheat,84.27,Excellent,None,Fertile,9,0,4,0
Rice,72.65,Good,Nitrogen,Moderately Fertile,5,1,0,2
Rice,79.09,Good,Phosphorus,Moderately Fertile,5,1,5,2
Sugarcane,90.87,Excellent,None,Fertile,7,0,4,0
Tomato,66.03,Good,"Nitrogen, Potassium",Infertile,8,1,3,1
Cotton,80.4,Excellent,None,Fertile,0,0,4,0
Jute,63.29,Good,"Phosphorus, Potassium",Infertile,2,1,6,1
Groundnut,51.82,Moderate,"Nitrogen, Phosphorus",Infertile,1,2,1,1
Rice,76.22,Good,Phosphorus,Moderately Fertile,5,1,5,2
Potato,67.36,Good,Nitrogen,Moderately Fertile,4,1,0,2
Cotton,95.8,Excellent,None,Fertile,0,0,4,0
Soybean,55.37,Moderate,"Nitrogen, Phosphorus, Potassium",Infertile,6,2,2,1
Soybean,81.87,Excellent,Phosphorus,Moderately Fertile,6,0,5,2
Soybean,69.57,Good,"Nitrogen, Potassium",Infertile,6,1,3,1
Wheat,85.52,Excellent,None,Fertile,9,0,4,0
Groundnut,62.97,Good,"Phosphorus, Potassium",Infertile,1,1,6,1
Maize,85.71,Excellent,None,Fertile,3,0,4,0
Wheat,71.49,Good,"Nitrogen, Potassium",Infertile,9,1,3,1
Wheat,77.21,Good,Phosphorus,Moderately Fertile,9,1,5,2
Jute,84.6,Excellent,None,Fertile,2,0,4,0
Sugarcane,83.57,Excellent,Potassium,Moderately Fertile,7,0,7,2
Cotton,65.8,Good,"Phosphorus, Potassium",Infertile,0,1,6,1
Soybean,86.69,Excellent,Potassium,Moderately Fertile,6,0,7,2
Cotton,77.23,Good,None,Fertile,0,1,4,0
Cotton,80.55,Excellent,Potassium,Moderately Fertile,0,0,7,2
Cotton,81.25,Excellent,Nitrogen,Moderately Fertile,0,0,0,2
Potato,80.85,Excellent,None,Fertile,4,0,4,0
Sugarcane,62.38,Good,"Nitrogen, Potassium",Infertile,7,1,3,1
Tomato,67.76,Good,"Phosphorus, Potassium",Infertile,8,1,6,1
Sugarcane,80.95,Excellent,None,Fertile,7,0,4,0
Sugarcane,82.68,Excellent,None,Fertile,7,0,4,0
Wheat,77.54,Good,Phosphorus,Moderately Fertile,9,1,5,2
Maize,75.23,Good,Nitrogen,Moderately Fertile,3,1,0,2
Soybean,72.98,Good,Phosphorus,Moderately Fertile,6,1,5,2
Potato,78.84,Good,None,Fertile,4,1,4,0
Sugarcane,79.81,Good,Phosphorus,Moderately Fertile,7,1,5,2
Soybean,82.36,Excellent,Potassium,Moderately Fertile,6,0,7,2
Groundnut,49.27,Moderate,"Nitrogen, Phosphorus, Potassium",Infertile,1,2,2,1
Wheat,83.58,Excellent,Potassium,Moderately Fertile,9,0,7,2
Maize,82.74,Excellent,None,Fertile,3,0,4,0
Groundnut,67.42,Good,"Nitrogen, Potassium",Infertile,1,1,3,1
Sugarcane,68.76,Good,"Phosphorus, Potassium",Infertile,7,1,6,1
Groundnut,60.98,Good,"Phosphorus, Potassium",Infertile,1,1,6,1
Rice,76.15,Good,"Phosphorus, Potassium",Infertile,5,1,6,1
Sugarcane,79.45,Good,Nitrogen,Moderately Fertile,7,1,0,2
Soybean,93.44,Excellent,None,Fertile,6,0,4,0
Soybean,77.23,Good,Phosphorus,Moderately Fertile,6,1,5,2
Soybean,84.12,Excellent,None,Fertile,6,0,4,0
Rice,83.9,Excellent,None,Fertile,5,0,4,0
Potato,68.45,Good,Nitrogen,Moderately Fertile,4,1,0,2
Wheat,67.15,Good,Potassium,Moderately Fertile,9,1,7,2
Cotton,75.62,Good,Phosphorus,Moderately Fertile,0,1,5,2
Jute,79.29,Good,Phosphorus,Moderately Fertile,2,1,5,2
Groundnut,78.52,Good,None,Fertile,1,1,4,0
Wheat,85.08,Excellent,None,Fertile,9,0,4,0
Groundnut,58.56,Moderate,"Nitrogen, Potassium",Infertile,1,2,3,1
Soybean,78.64,Good,None,Fertile,6,1,4,0
Groundnut,49.38,Moderate,"Nitrogen, Phosphorus, Potassium",Infertile,1,2,2,1
Groundnut,74.58,Good,Potassium,Moderately Fertile,1,1,7,2
Soybean,69.49,Good,Potassium,Moderately Fertile,6,1,7,2
Potato,67.27,Good,Nitrogen,Moderately Fertile,4,1,0,2
Tomato,79.3,Good,None,Fertile,8,1,4,0
Sugarcane,72.03,Good,"Nitrogen, Potassium",Infertile,7,1,3,1
Wheat,70.35,Good,"Nitrogen, Phosphorus, Potassium",Infertile,9,1,2,1
Groundnut,76.13,Good,Potassium,Moderately Fertile,1,1,7,2
Wheat,68.46,Good,Phosphorus,Moderately Fertile,9,1,5,2
Rice,81.3,Excellent,Potassium,Moderately Fertile,5,0,7,2
Wheat,60.83,Good,"Nitrogen, Phosphorus",Infertile,9,1,1,1
Groundnut,69.47,Good,Nitrogen,Moderately Fertile,1,1,0,2
Sugarcane,87.71,Excellent,None,Fertile,7,0,4,0
Wheat,86.82,Excellent,None,Fertile,9,0,4,0
Soybean,59.29,Moderate,"Nitrogen, Potassium",Infertile,6,2,3,1
Maize,84.47,Excellent,Potassium,Moderately Fertile,3,0,7,2
Tomato,79.08,Good,None,Fertile,8,1,4,0
Groundnut,70.01,Good,Nitrogen,Moderately Fertile,1,1,0,2
Soybean,71.88,Good,Nitrogen,Moderately Fertile,6,1,0,2
Cotton,67.17,Good,Phosphorus,Moderately Fertile,0,1,5,2
Potato,75.39,Good,Phosphorus,Moderately Fertile,4,1,5,2
Tomato,78.34,Good,Phosphorus,Moderately Fertile,8,1,5,2
Cotton,82.38,Excellent,Nitrogen,Moderately Fertile,0,0,0,2
Cotton,88.28,Excellent,None,Fertile,0,0,4,0
Rice,72.02,Good,"Nitrogen, Potassium",Infertile,5,1,3,1
Maize,78.88,Good,Nitrogen,Moderately Fertile,3,1,0,2
Maize,62.32,Good,"Nitrogen, Phosphorus",Infertile,3,1,1,1
Jute,81.02,Excellent,None,Fertile,2,0,4,0
Rice,85.33,Excellent,None,Fertile,5,0,4,0
Potato,69.14,Good,"Phosphorus, Potassium",Infertile,4,1,6,1
Cotton,95.05,Excellent,None,Fertile,0,0,4,0
Soybean,69.66,Good,None,Fertile,6,1,4,0
Jute,75.42,Good,Potassium,Moderately Fertile,2,1,7,2
Groundnut,76.4,Good,Nitrogen,Moderately Fertile,1,1,0,2
Soybean,71.81,Good,None,Fertile,6,1,4,0
Cotton,88.57,Excellent,None,Fertile,0,0,4,0
Tomato,91.88,Excellent,None,Fertile,8,0,4,0
Jute,73.05,Good,Potassium,Moderately Fertile,2,1,7,2
Cotton,82.17,Excellent,None,Fertile,0,0,4,0
Wheat,73.6,Good,Potassium,Moderately Fertile,9,1,7,2
Tomato,71.58,Good,Phosphorus,Moderately Fertile,8,1,5,2
Tomato,81.02,Excellent,None,Fertile,8,0,4,0
Soybean,79.63,Good,None,Fertile,6,1,4,0
Rice,78.67,Good,Potassium,Moderately Fertile,5,1,7,2
Maize,91.03,Excellent,None,Fertile,3,0,4,0
Wheat,91.37,Excellent,None,Fertile,9,0,4,0
Potato,80.17,Excellent,None,Fertile,4,0,4,0
Potato,76.05,Good,Potassium,Moderately Fertile,4,1,7,2
Cotton,64.0,Good,"Phosphorus, Potassium",Infertile,0,1,6,1
Groundnut,77.68,Good,Potassium,Moderately Fertile,1,1,7,2
Soybean,86.69,Excellent,None,Fertile,6,0,4,0
Groundnut,73.02,Good,Phosphorus,Moderately Fertile,1,1,5,2
Sugarcane,80.46,Excellent,Nitrogen,Moderately Fertile,7,0,0,2
Jute,90.69,Excellent,None,Fertile,2,0,4,0
Potato,65.54,Good,Nitrogen,Moderately Fertile,4,1,0,2
Maize,68.61,Good,"Phosphorus, Potassium",Infertile,3,1,6,1
Rice,90.43,Excellent,None,Fertile,5,0,4,0
Soybean,78.88,Good,"Nitrogen, Potassium",Infertile,6,1,3,1
Maize,85.77,Excellent,None,Fertile,3,0,4,0
Rice,63.04,Good,"Phosphorus, Potassium",Infertile,5,1,6,1
Maize,75.63,Good,Potassium,Moderately Fertile,3,1,7,2
Soybean,86.84,Excellent,None,Fertile,6,0,4,0
Cotton,80.81,Excellent,Nitrogen,Moderately Fertile,0,0,0,2
Rice,78.95,Good,Potassium,Moderately Fertile,5,1,7,2
Groundnut,73.57,Good,None,Fertile,1,1,4,0
Tomato,65.65,Good,Potassium,Moderately Fertile,8,1,7,2
Groundnut,81.5,Excellent,Phosphorus,Moderately Fertile,1,0,5,2
Soybean,92.72,Excellent,None,Fertile,6,0,4,0
Rice,60.78,Good,Phosphorus,Moderately Fertile,5,1,5,2
Potato,84.39,Excellent,None,Fertile,4,0,4,0
Rice,69.79,Good,None,Fertile,5,1,4,0
Sugarcane,85.46,Excellent,Phosphorus,Moderately Fertile,7,0,5,2
Rice,71.7,Good,"Phosphorus, Potassium",Infertile,5,1,6,1
Wheat,71.26,Good,Nitrogen,Moderately Fertile,9,1,0,2
Groundnut,57.18,Moderate,Phosphorus,Moderately Fertile,1,2,5,2
Maize,79.95,Good,Potassium,Moderately Fertile,3,1,7,2
Groundnut,82.33,Excellent,None,Fertile,1,0,4,0
Cotton,79.62,Good,None,Fertile,0,1,4,0
Soybean,87.53,Excellent,Phosphorus,Moderately Fertile,6,0,5,2
Potato,57.16,Moderate,"Phosphorus, Potassium",Infertile,4,2,6,1
Jute,72.3,Good,Phosphorus,Moderately Fertile,2,1,5,2
Cotton,78.1,Good,Potassium,Moderately Fertile,0,1,7,2
Sugarcane,72.54,Good,None,Fertile,7,1,4,0
Cotton,82.59,Excellent,Potassium,Moderately Fertile,0,0,7,2
Jute,71.65,Good,Potassium,Moderately Fertile,2,1,7,2
Potato,55.12,Moderate,"Phosphorus, Potassium",Infertile,4,2,6,1
Jute,73.18,Good,Phosphorus,Moderately Fertile,2,1,5,2
Wheat,87.02,Excellent,None,Fertile,9,0,4,0
Sugarcane,66.56,Good,Phosphorus,Moderately Fertile,7,1,5,2
Rice,65.2,Good,Potassium,Moderately Fertile,5,1,7,2
Maize,74.06,Good,Phosphorus,Moderately Fertile,3,1,5,2
Potato,70.94,Good,None,Fertile,4,1,4,0
Potato,66.22,Good,Nitrogen,Moderately Fertile,4,1,0,2
Groundnut,59.47,Moderate,"Phosphorus, Potassium",Infertile,1,2,6,1
Potato,66.71,Good,Nitrogen,Moderately Fertile,4,1,0,2
Jute,81.18,Excellent,None,Fertile,2,0,4,0
Sugarcane,71.15,Good,"Nitrogen, Potassium",Infertile,7,1,3,1
Groundnut,69.07,Good,Nitrogen,Moderately Fertile,1,1,0,2
Sugarcane,88.35,Excellent,None,Fertile,7,0,4,0
Cotton,84.6,Excellent,Potassium,Moderately Fertile,0,0,7,2
Soybean,72.58,Good,Phosphorus,Moderately Fertile,6,1,5,2
Jute,69.65,Good,Potassium,Moderately Fertile,2,1,7,2
Potato,75.66,Good,None,Fertile,4,1,4,0
Cotton,89.46,Excellent,None,Fertile,0,0,4,0
Tomato,69.55,Good,Potassium,Moderately Fertile,8,1,7,2
Jute,78.14,Good,Phosphorus,Moderately Fertile,2,1,5,2
Maize,76.93,Good,Potassium,Moderately Fertile,3,1,7,2
Maize,74.38,Good,Phosphorus,Moderately Fertile,3,1,5,2
Sugarcane,69.39,Good,Potassium,Moderately Fertile,7,1,7,2
Maize,81.12,Excellent,None,Fertile,3,0,4,0
Wheat,73.89,Good,None,Fertile,9,1,4,0
Groundnut,51.8,Moderate,"Nitrogen, Potassium",Infertile,1,2,3,1
Rice,72.06,Good,Phosphorus,Moderately Fertile,5,1,5,2
Cotton,92.71,Excellent,None,Fertile,0,0,4,0
Soybean,83.78,Excellent,Phosphorus,Moderately Fertile,6,0,5,2
Tomato,80.5,Excellent,None,Fertile,8,0,4,0
Tomato,83.32,Excellent,None,Fertile,8,0,4,0
Maize,83.27,Excellent,None,Fertile,3,0,4,0
Sugarcane,84.62,Excellent,None,Fertile,7,0,4,0
Rice,83.28,Excellent,None,Fertile,5,0,4,0
Rice,82.21,Excellent,None,Fertile,5,0,4,0
Cotton,95.3,Excellent,None,Fertile,0,0,4,0
Cotton,69.34,Good,Potassium,Moderately Fertile,0,1,7,2
Wheat,88.08,Excellent,None,Fertile,9,0,4,0
Rice,87.86,Excellent,None,Fertile,5,0,4,0
Potato,83.58,Excellent,None,Fertile,4,0,4,0
Sugarcane,74.23,Good,Nitrogen,Moderately Fertile,7,1,0,2
Soybean,72.4,Good,Nitrogen,Moderately Fertile,6,1,0,2
Tomato,70.38,Good,Nitrogen,Moderately Fertile,8,1,0,2
Groundnut,66.4,Good,Nitrogen,Moderately Fertile,1,1,0,2
Tomato,56.23,Moderate,"Nitrogen, Phosphorus, Potassium",Infertile,8,2,2,1
Rice,81.64,Excellent,Potassium,Moderately Fertile,5,0,7,2
Wheat,78.94,Good,Phosphorus,Moderately Fertile,9,1,5,2
Cotton,58.23,Moderate,"Phosphorus, Potassium",Infertile,0,2,6,1
Soybean,65.82,Good,"Phosphorus, Potassium",Infertile,6,1,6,1
Tomato,66.55,Good,Nitrogen,Moderately Fertile,8,1,0,2
Sugarcane,64.04,Good,"Nitrogen, Phosphorus",Infertile,7,1,1,1
Sugarcane,74.69,Good,Potassium,Moderately Fertile,7,1,7,2
Soybean,75.48,Good,"Phosphorus, Potassium",Infertile,6,1,6,1
Groundnut,64.87,Good,"Nitrogen, Potassium",Infertile,1,1,3,1
Rice,83.47,Excellent,Potassium,Moderately Fertile,5,0,7,2
Cotton,85.92,Excellent,None,Fertile,0,0,4,0
Potato,65.98,Good,Potassium,Moderately Fertile,4,1,7,2
Potato,85.91,Excellent,None,Fertile,4,0,4,0
Soybean,80.26,Excellent,None,Fertile,6,0,4,0
Jute,66.54,Good,"Nitrogen, Potassium",Infertile,2,1,3,1
Soybean,89.76,Excellent,None,Fertile,6,0,4,0
Jute,76.32,Good,None,Fertile,2,1,4,0
Rice,91.23,Excellent,None,Fertile,5,0,4,0
Jute,81.69,Excellent,None,Fertile,2,0,4,0
Tomato,83.79,Excellent,Phosphorus,Moderately Fertile,8,0,5,2
Potato,50.48,Moderate,"Nitrogen, Phosphorus, Potassium",Infertile,4,2,2,1
Jute,80.35,Excellent,Potassium,Moderately Fertile,2,0,7,2
Cotton,93.6,Excellent,None,Fertile,0,0,4,0
Cotton,86.12,Excellent,None,Fertile,0,0,4,0
Maize,77.62,Good,Potassium,Moderately Fertile,3,1,7,2
Sugarcane,87.89,Excellent,None,Fertile,7,0,4,0
Jute,80.93,Excellent,Potassium,Moderately Fertile,2,0,7,2
Potato,65.01,Good,Nitrogen,Moderately Fertile,4,1,0,2
Soybean,65.97,Good,"Nitrogen, Phosphorus",Infertile,6,1,1,1
Tomato,71.22,Good,Potassium,Moderately Fertile,8,1,7,2
Maize,69.23,Good,Potassium,Moderately Fertile,3,1,7,2
Groundnut,89.07,Excellent,None,Fertile,1,0,4,0
Potato,66.27,Good,"Phosphorus, Potassium",Infertile,4,1,6,1
Rice,61.36,Good,"Nitrogen, Phosphorus",Infertile,5,1,1,1
Tomato,93.53,Excellent,None,Fertile,8,0,4,0
Rice,88.92,Excellent,None,Fertile,5,0,4,0
Sugarcane,80.49,Excellent,Potassium,Moderately Fertile,7,0,7,2
Soybean,91.64,Excellent,None,Fertile,6,0,4,0
Tomato,62.37,Good,None,Fertile,8,1,4,0
Rice,60.1,Good,"Phosphorus, Potassium",Infertile,5,1,6,1
Sugarcane,75.57,Good,Potassium,Moderately Fertile,7,1,7,2
Potato,63.94,Good,"Nitrogen, Phosphorus",Infertile,4,1,1,1
Jute,86.52,Excellent,None,Fertile,2,0,4,0
Jute,67.4,Good,Phosphorus,Moderately Fertile,2,1,5,2
Potato,73.49,Good,Phosphorus,Moderately Fertile,4,1,5,2
Wheat,78.84,Good,Phosphorus,Moderately Fertile,9,1,5,2
Potato,87.28,Excellent,None,Fertile,4,0,4,0
Jute,61.99,Good,"Nitrogen, Potassium",Infertile,2,1,3,1
Groundnut,80.57,Excellent,None,Fertile,1,0,4,0
Wheat,73.85,Good,Potassium,Moderately Fertile,9,1,7,2
Potato,66.65,Good,"Nitrogen, Potassium",Infertile,4,1,3,1
Groundnut,80.0,Excellent,None,Fertile,1,0,4,0
Jute,89.98,Excellent,None,Fertile,2,0,4,0
Tomato,86.65,Excellent,None,Fertile,8,0,4,0
Maize,76.87,Good,Potassium,Moderately Fertile,3,1,7,2
Rice,77.64,Good,None,Fertile,5,1,4,0
Potato,69.09,Good,"Phosphorus, Potassium",Infertile,4,1,6,1
Soybean,68.4,Good,Potassium,Moderately Fertile,6,1,7,2
Wheat,62.73,Good,"Phosphorus, Potassium",Infertile,9,1,6,1
Jute,83.01,Excellent,None,Fertile,2,0,4,0
Sugarcane,78.55,Good,None,Fertile,7,1,4,0
Potato,78.04,Good,Nitrogen,Moderately Fertile,4,1,0,2
Tomato,67.3,Good,Nitrogen,Moderately Fertile,8,1,0,2
Groundnut,59.39,Moderate,"Nitrogen, Potassium",Infertile,1,2,3,1
Jute,75.91,Good,None,Fertile,2,1,4,0
Maize,93.43,Excellent,None,Fertile,3,0,4,0
Rice,81.64,Excellent,None,Fertile,5,0,4,0
Maize,74.39,Good,Potassium,Moderately Fertile,3,1,7,2
Maize,76.68,Good,Phosphorus,Moderately Fertile,3,1,5,2
Maize,85.4,Excellent,Phosphorus,Moderately Fertile,3,0,5,2
Tomato,82.06,Excellent,Potassium,Moderately Fertile,8,0,7,2
Cotton,50.38,Moderate,"Nitrogen, Phosphorus, Potassium",Infertile,0,2,2,1
Jute,76.94,Good,Potassium,Moderately Fertile,2,1,7,2
Cotton,71.01,Good,Phosphorus,Moderately Fertile,0,1,5,2
Groundnut,69.41,Good,Phosphorus,Moderately Fertile,1,1,5,2
Jute,81.36,Excellent,None,Fertile,2,0,4,0
Rice,75.45,Good,Potassium,Moderately Fertile,5,1,7,2
Groundnut,68.3,Good,Phosphorus,Moderately Fertile,1,1,5,2
Sugarcane,95.7,Excellent,None,Fertile,7,0,4,0
Maize,76.29,Good,Phosphorus,Moderately Fertile,3,1,5,2
Soybean,85.46,Excellent,None,Fertile,6,0,4,0
Groundnut,77.43,Good,"Phosphorus, Potassium",Infertile,1,1,6,1
Tomato,69.0,Good,"Nitrogen, Phosphorus",Infertile,8,1,1,1
Wheat,71.65,Good,Phosphorus,Moderately Fertile,9,1,5,2
Sugarcane,71.92,Good,Nitrogen,Moderately Fertile,7,1,0,2
Rice,60.11,Good,"Nitrogen, Potassium",Infertile,5,1,3,1
Rice,91.12,Excellent,None,Fertile,5,0,4,0
Tomato,75.19,Good,Phosphorus,Moderately Fertile,8,1,5,2
Rice,73.93,Good,Phosphorus,Moderately Fertile,5,1,5,2
Soybean,79.75,Good,Phosphorus,Moderately Fertile,6,1,5,2
Potato,61.03,Good,Nitrogen,Moderately Fertile,4,1,0,2
Rice,75.76,Good,None,Fertile,5,1,4,0
Maize,66.4,Good,"Phosphorus, Potassium",Infertile,3,1,6,1
Cotton,86.97,Excellent,None,Fertile,0,0,4,0
Soybean,66.4,Good,Potassium,Moderately Fertile,6,1,7,2
Tomato,88.78,Excellent,None,Fertile,8,0,4,0
Tomato,70.27,Good,Potassium,Moderately Fertile,8,1,7,2
Wheat,75.62,Good,Phosphorus,Moderately Fertile,9,1,5,2
Tomato,81.57,Excellent,None,Fertile,8,0,4,0
Soybean,81.79,Excellent,Potassium,Moderately Fertile,6,0,7,2
Potato,62.24,Good,"Nitrogen, Potassium",Infertile,4,1,3,1
Rice,59.78,Moderate,"Nitrogen, Potassium",Infertile,5,2,3,1
Cotton,93.13,Excellent,None,Fertile,0,0,4,0
Groundnut,68.72,Good,"Phosphorus, Potassium",Infertile,1,1,6,1
Soybean,69.73,Good,"Nitrogen, Potassium",Infertile,6,1,3,1
Jute,90.76,Excellent,None,Fertile,2,0,4,0
Tomato,79.23,Good,None,Fertile,8,1,4,0
Wheat,75.52,Good,Phosphorus,Moderately Fertile,9,1,5,2
Cotton,76.88,Good,Phosphorus,Moderately Fertile,0,1,5,2
Groundnut,77.89,Good,Nitrogen,Moderately Fertile,1,1,0,2
Groundnut,65.53,Good,"Phosphorus, Potassium",Infertile,1,1,6,1
Soybean,77.92,Good,Phosphorus,Moderately Fertile,6,1,5,2
Groundnut,55.8,Moderate,"Nitrogen, Potassium",Infertile,1,2,3,1
Sugarcane,89.15,Excellent,None,Fertile,7,0,4,0
Wheat,66.0,Good,"Phosphorus, Potassium",Infertile,9,1,6,1
Rice,89.12,Excellent,None,Fertile,5,0,4,0
Wheat,75.12,Good,Nitrogen,Moderately Fertile,9,1,0,2
Soybean,81.94,Excellent,Phosphorus,Moderately Fertile,6,0,5,2
Wheat,72.92,Good,"Phosphorus, Potassium",Infertile,9,1,6,1
Maize,84.85,Excellent,Potassium,Moderately Fertile,3,0,7,2
Wheat,71.25,Good,Phosphorus,Moderately Fertile,9,1,5,2
Rice,70.06,Good,Nitrogen,Moderately Fertile,5,1,0,2
Rice,73.67,Good,"Phosphorus, Potassium",Infertile,5,1,6,1
Cotton,84.97,Excellent,None,Fertile,0,0,4,0
Potato,61.26,Good,"Nitrogen, Potassium",Infertile,4,1,3,1
Cotton,79.54,Good,Nitrogen,Moderately Fertile,0,1,0,2
Cotton,82.38,Excellent,None,Fertile,0,0,4,0
Soybean,87.74,Excellent,None,Fertile,6,0,4,0
Maize,56.9,Moderate,"Nitrogen, Phosphorus",Infertile,3,2,1,1
Soybean,92.95,Excellent,None,Fertile,6,0,4,0
Soybean,86.6,Excellent,None,Fertile,6,0,4,0
Sugarcane,89.91,Excellent,None,Fertile,7,0,4,0
Cotton,87.59,Excellent,Phosphorus,Moderately Fertile,0,0,5,2
Maize,81.2,Excellent,Potassium,Moderately Fertile,3,0,7,2
Jute,64.22,Good,Potassium,Moderately Fertile,2,1,7,2
Maize,72.17,Good,Potassium,Moderately Fertile,3,1,7,2
Wheat,82.51,Excellent,None,Fertile,9,0,4,0
Groundnut,71.53,Good,Nitrogen,Moderately Fertile,1,1,0,2
Tomato,75.67,Good,Potassium,Moderately Fertile,8,1,7,2
Tomato,80.43,Excellent,Phosphorus,Moderately Fertile,8,0,5,2
Jute,86.75,Excellent,Phosphorus,Moderately Fertile,2,0,5,2
Sugarcane,90.56,Excellent,None,Fertile,7,0,4,0
Cotton,85.38,Excellent,None,Fertile,0,0,4,0
Maize,88.93,Excellent,None,Fertile,3,0,4,0
Rice,77.14,Good,Potassium,Moderately Fertile,5,1,7,2
Sugarcane,94.1,Excellent,None,Fertile,7,0,4,0
Cotton,81.38,Excellent,None,Fertile,0,0,4,0
Wheat,81.38,Excellent,Nitrogen,Moderately Fertile,9,0,0,2
Jute,75.54,Good,None,Fertile,2,1,4,0
Jute,93.12,Excellent,None,Fertile,2,0,4,0
Groundnut,77.48,Good,None,Fertile,1,1,4,0
Soybean,73.4,Good,Nitrogen,Moderately Fertile,6,1,0,2
Maize,70.69,Good,Phosphorus,Moderately Fertile,3,1,5,2
Sugarcane,87.0,Excellent,None,Fertile,7,0,4,0
Tomato,75.24,Good,Potassium,Moderately Fertile,8,1,7,2
Potato,66.43,Good,Potassium,Moderately Fertile,4,1,7,2
Groundnut,78.26,Good,None,Fertile,1,1,4,0
Wheat,77.74,Good,"Phosphorus, Potassium",Infertile,9,1,6,1
Jute,78.6,Good,None,Fertile,2,1,4,0
Wheat,83.37,Excellent,None,Fertile,9,0,4,0
Tomato,67.85,Good,Potassium,Moderately Fertile,8,1,7,2
Rice,69.03,Good,"Nitrogen, Potassium",Infertile,5,1,3,1
Maize,87.2,Excellent,None,Fertile,3,0,4,0
Jute,62.54,Good,Potassium,Moderately Fertile,2,1,7,2
Potato,61.48,Good,Potassium,Moderately Fertile,4,1,7,2
Jute,69.54,Good,"Phosphorus, Potassium",Infertile,2,1,6,1
Potato,72.47,Good,Phosphorus,Moderately Fertile,4,1,5,2
Rice,82.09,Excellent,Potassium,Moderately Fertile,5,0,7,2
Groundnut,69.7,Good,Potassium,Moderately Fertile,1,1,7,2
Sugarcane,88.62,Excellent,None,Fertile,7,0,4,0
Wheat,71.54,Good,Nitrogen,Moderately Fertile,9,1,0,2
Maize,77.61,Good,Phosphorus,Moderately Fertile,3,1,5,2
Groundnut,65.85,Good,Phosphorus,Moderately Fertile,1,1,5,2
Soybean,81.21,Excellent,Potassium,Moderately Fertile,6,0,7,2
Groundnut,89.0,Excellent,None,Fertile,1,0,4,0
Maize,88.06,Excellent,Potassium,Moderately Fertile,3,0,7,2
Potato,80.99,Excellent,None,Fertile,4,0,4,0
Sugarcane,72.31,Good,Potassium,Moderately Fertile,7,1,7,2
Tomato,64.62,Good,"Nitrogen, Phosphorus",Infertile,8,1,1,1
Jute,69.75,Good,"Nitrogen, Phosphorus",Infertile,2,1,1,1
Jute,83.22,Excellent,None,Fertile,2,0,4,0
Wheat,79.63,Good,None,Fertile,9,1,4,0
Soybean,62.25,Good,"Phosphorus, Potassium",Infertile,6,1,6,1
Rice,80.65,Excellent,Potassium,Moderately Fertile,5,0,7,2
Wheat,74.46,Good,Potassium,Moderately Fertile,9,1,7,2
Maize,62.87,Good,"Phosphorus, Potassium",Infertile,3,1,6,1
Sugarcane,80.5,Excellent,Phosphorus,Moderately Fertile,7,0,5,2
Wheat,79.75,Good,Potassium,Moderately Fertile,9,1,7,2
Maize,68.34,Good,Phosphorus,Moderately Fertile,3,1,5,2
Sugarcane,83.15,Excellent,None,Fertile,7,0,4,0
Wheat,63.9,Good,"Nitrogen, Phosphorus, Potassium",Infertile,9,1,2,1
Rice,67.35,Good,Potassium,Moderately Fertile,5,1,7,2
Maize,83.45,Excellent,Potassium,Moderately Fertile,3,0,7,2
Jute,58.88,Moderate,"Phosphorus, Potassium",Infertile,2,2,6,1
Tomato,57.75,Moderate,"Nitrogen, Potassium",Infertile,8,2,3,1
Wheat,75.94,Good,Potassium,Moderately Fertile,9,1,7,2
Jute,86.28,Excellent,None,Fertile,2,0,4,0
Wheat,87.87,Excellent,None,Fertile,9,0,4,0
Maize,70.28,Good,Phosphorus,Moderately Fertile,3,1,5,2
Cotton,94.54,Excellent,None,Fertile,0,0,4,0
Jute,64.17,Good,"Phosphorus, Potassium",Infertile,2,1,6,1
Maize,80.34,Excellent,Potassium,Moderately Fertile,3,0,7,2
Maize,88.88,Excellent,None,Fertile,3,0,4,0
Soybean,88.85,Excellent,None,Fertile,6,0,4,0
Cotton,92.3,Excellent,None,Fertile,0,0,4,0
Groundnut,66.87,Good,Potassium,Moderately Fertile,1,1,7,2
Soybean,76.69,Good,Potassium,Moderately Fertile,6,1,7,2
Cotton,81.64,Excellent,Potassium,Moderately Fertile,0,0,7,2
Tomato,68.35,Good,Nitrogen,Moderately Fertile,8,1,0,2
Sugarcane,89.22,Excellent,None,Fertile,7,0,4,0
Groundnut,64.44,Good,Potassium,Moderately Fertile,1,1,7,2
Jute,86.31,Excellent,None,Fertile,2,0,4,0
Cotton,86.84,Excellent,None,Fertile,0,0,4,0
Groundnut,61.5,Good,Phosphorus,Moderately Fertile,1,1,5,2
Jute,76.01,Good,Phosphorus,Moderately Fertile,2,1,5,2
Jute,77.24,Good,None,Fertile,2,1,4,0
Tomato,85.03,Excellent,None,Fertile,8,0,4,0
Jute,67.77,Good,"Nitrogen, Potassium",Infertile,2,1,3,1
Wheat,90.05,Excellent,None,Fertile,9,0,4,0
Rice,79.52,Good,Phosphorus,Moderately Fertile,5,1,5,2
Cotton,82.16,Excellent,Potassium,Moderately Fertile,0,0,7,2
Tomato,80.29,Excellent,Phosphorus,Moderately Fertile,8,0,5,2
Maize,66.71,Good,"Nitrogen, Potassium",Infertile,3,1,3,1
Jute,75.49,Good,None,Fertile,2,1,4,0
Jute,73.47,Good,None,Fertile,2,1,4,0
Potato,69.21,Good,Potassium,Moderately Fertile,4,1,7,2
Soybean,84.26,Excellent,Potassium,Moderately Fertile,6,0,7,2
Wheat,64.78,Good,"Phosphorus, Potassium",Infertile,9,1,6,1
Sugarcane,91.15,Excellent,None,Fertile,7,0,4,0
Rice,75.26,Good,None,Fertile,5,1,4,0
Wheat,64.93,Good,Potassium,Moderately Fertile,9,1,7,2
Cotton,76.75,Good,"Nitrogen, Phosphorus",Infertile,0,1,1,1
Sugarcane,68.5,Good,Potassium,Moderately Fertile,7,1,7,2
Sugarcane,97.97,Excellent,None,Fertile,7,0,4,0
Sugarcane,81.57,Excellent,Phosphorus,Moderately Fertile,7,0,5,2
Soybean,78.77,Good,Phosphorus,Moderately Fertile,6,1,5,2
Maize,80.62,Excellent,Potassium,Moderately Fertile,3,0,7,2
Rice,84.23,Excellent,None,Fertile,5,0,4,0
Cotton,60.66,Good,"Nitrogen, Phosphorus",Infertile,0,1,1,1
Jute,64.76,Good,"Nitrogen, Potassium",Infertile,2,1,3,1
Cotton,75.93,Good,Potassium,Moderately Fertile,0,1,7,2
Soybean,82.33,Excellent,None,Fertile,6,0,4,0
Tomato,84.78,Excellent,Potassium,Moderately Fertile,8,0,7,2
Sugarcane,71.79,Good,Potassium,Moderately Fertile,7,1,7,2
Maize,89.17,Excellent,None,Fertile,3,0,4,0
Soybean,86.52,Excellent,Phosphorus,Moderately Fertile,6,0,5,2
Rice,85.26,Excellent,Potassium,Moderately Fertile,5,0,7,2
Tomato,63.02,Good,"Nitrogen, Phosphorus",Infertile,8,1,1,1
Wheat,79.99,Good,None,Fertile,9,1,4,0
Rice,80.6,Excellent,Potassium,Moderately Fertile,5,0,7,2
Wheat,88.43,Excellent,None,Fertile,9,0,4,0
Groundnut,83.14,Excellent,None,Fertile,1,0,4,0
Jute,80.39,Excellent,None,Fertile,2,0,4,0
Cotton,80.86,Excellent,Phosphorus,Moderately Fertile,0,0,5,2
Sugarcane,82.6,Excellent,Phosphorus,Moderately Fertile,7,0,5,2
Sugarcane,72.48,Good,Potassium,Moderately Fertile,7,1,7,2
Tomato,62.87,Good,Nitrogen,Moderately Fertile,8,1,0,2
Wheat,69.93,Good,"Phosphorus, Potassium",Infertile,9,1,6,1
Groundnut,60.94,Good,Nitrogen,Moderately Fertile,1,1,0,2
Rice,79.23,Good,Potassium,Moderately Fertile,5,1,7,2
Soybean,86.84,Excellent,Potassium,Moderately Fertile,6,0,7,2
Maize,68.57,Good,Phosphorus,Moderately Fertile,3,1,5,2
Tomato,75.79,Good,Potassium,Moderately Fertile,8,1,7,2
Tomato,88.1,Excellent,None,Fertile,8,0,4,0
Rice,83.73,Excellent,None,Fertile,5,0,4,0
Sugarcane,81.64,Excellent,Potassium,Moderately Fertile,7,0,7,2
Wheat,89.52,Excellent,None,Fertile,9,0,4,0
Tomato,70.1,Good,Nitrogen,Moderately Fertile,8,1,0,2
Groundnut,74.71,Good,None,Fertile,1,1,4,0
Groundnut,82.19,Excellent,Phosphorus,Moderately Fertile,1,0,5,2
Jute,70.27,Good,"Phosphorus, Potassium",Infertile,2,1,6,1
Groundnut,73.39,Good,None,Fertile,1,1,4,0
Tomato,89.16,Excellent,None,Fertile,8,0,4,0
Jute,78.96,Good,None,Fertile,2,1,4,0
Wheat,64.21,Good,"Phosphorus, Potassium",Infertile,9,1,6,1
Jute,87.25,Excellent,None,Fertile,2,0,4,0
Jute,71.63,Good,Phosphorus,Moderately Fertile,2,1,5,2
Jute,82.04,Excellent,None,Fertile,2,0,4,0
Maize,68.92,Good,Phosphorus,Moderately Fertile,3,1,5,2
Wheat,91.92,Excellent,None,Fertile,9,0,4,0
Rice,70.85,Good,Phosphorus,Moderately Fertile,5,1,5,2
Sugarcane,56.45,Moderate,"Nitrogen, Potassium",Infertile,7,2,3,1
Tomato,83.71,Excellent,None,Fertile,8,0,4,0
Sugarcane,85.76,Excellent,None,Fertile,7,0,4,0
Rice,82.84,Excellent,None,Fertile,5,0,4,0
Sugarcane,81.43,Excellent,None,Fertile,7,0,4,0
Potato,91.12,Excellent,None,Fertile,4,0,4,0
Rice,86.64,Excellent,Phosphorus,Moderately Fertile,5,0,5,2
Jute,87.08,Excellent,None,Fertile,2,0,4,0
Jute,85.8,Excellent,None,Fertile,2,0,4,0
Groundnut,64.14,Good,Nitrogen,Moderately Fertile,1,1,0,2
Jute,77.15,Good,Potassium,Moderately Fertile,2,1,7,2
Rice,75.13,Good,Phosphorus,Moderately Fertile,5,1,5,2
Tomato,82.02,Excellent,None,Fertile,8,0,4,0
Groundnut,67.03,Good,Nitrogen,Moderately Fertile,1,1,0,2
Groundnut,67.02,Good,Nitrogen,Moderately Fertile,1,1,0,2
Sugarcane,71.41,Good,Potassium,Moderately Fertile,7,1,7,2
Sugarcane,81.18,Excellent,None,Fertile,7,0,4,0
Groundnut,72.1,Good,Potassium,Moderately Fertile,1,1,7,2
Maize,89.87,Excellent,None,Fertile,3,0,4,0
Soybean,70.96,Good,Potassium,Moderately Fertile,6,1,7,2
Maize,59.79,Moderate,"Nitrogen, Phosphorus",Infertile,3,2,1,1
Potato,50.91,Moderate,"Nitrogen, Phosphorus, Potassium",Infertile,4,2,2,1
Rice,68.83,Good,Phosphorus,Moderately Fertile,5,1,5,2
Tomato,68.35,Good,Phosphorus,Moderately Fertile,8,1,5,2
Maize,59.83,Moderate,"Phosphorus, Potassium",Infertile,3,2,6,1
Soybean,83.3,Excellent,None,Fertile,6,0,4,0
Maize,70.56,Good,Potassium,Moderately Fertile,3,1,7,2
Potato,56.54,Moderate,"Nitrogen, Phosphorus",Infertile,4,2,1,1
Potato,61.21,Good,"Nitrogen, Potassium",Infertile,4,1,3,1
Wheat,70.3,Good,"Nitrogen, Potassium",Infertile,9,1,3,1
Soybean,84.42,Excellent,None,Fertile,6,0,4,0
Potato,63.2,Good,"Phosphorus, Potassium",Infertile,4,1,6,1
Sugarcane,81.34,Excellent,"Phosphorus, Potassium",Infertile,7,0,6,1
Wheat,73.86,Good,None,Fertile,9,1,4,0
Sugarcane,87.48,Excellent,None,Fertile,7,0,4,0
Cotton,81.79,Excellent,Potassium,Moderately Fertile,0,0,7,2
Sugarcane,86.25,Excellent,None,Fertile,7,0,4,0
Cotton,80.16,Excellent,Phosphorus,Moderately Fertile,0,0,5,2
Cotton,82.49,Excellent,Phosphorus,Moderately Fertile,0,0,5,2
Soybean,70.23,Good,Nitrogen,Moderately Fertile,6,1,0,2
Maize,90.15,Excellent,None,Fertile,3,0,4,0
Tomato,88.89,Excellent,None,Fertile,8,0,4,0
Jute,70.4,Good,Potassium,Moderately Fertile,2,1,7,2
Rice,84.33,Excellent,Potassium,Moderately Fertile,5,0,7,2
Wheat,89.41,Excellent,None,Fertile,9,0,4,0
Jute,92.07,Excellent,None,Fertile,2,0,4,0
Rice,92.03,Excellent,None,Fertile,5,0,4,0
Wheat,70.89,Good,Potassium,Moderately Fertile,9,1,7,2
Cotton,76.48,Good,Potassium,Moderately Fertile,0,1,7,2
Potato,72.8,Good,Phosphorus,Moderately Fertile,4,1,5,2
Potato,75.67,Good,Potassium,Moderately Fertile,4,1,7,2
Maize,87.09,Excellent,None,Fertile,3,0,4,0
Jute,79.19,Good,None,Fertile,2,1,4,0
Groundnut,60.27,Good,"Nitrogen, Phosphorus",Infertile,1,1,1,1
Rice,77.39,Good,"Phosphorus, Potassium",Infertile,5,1,6,1
Cotton,85.62,Excellent,None,Fertile,0,0,4,0
Wheat,71.09,Good,Nitrogen,Moderately Fertile,9,1,0,2
Jute,71.69,Good,Potassium,Moderately Fertile,2,1,7,2
Wheat,80.15,Excellent,None,Fertile,9,0,4,0
Groundnut,71.57,Good,Nitrogen,Moderately Fertile,1,1,0,2
Soybean,78.26,Good,Potassium,Moderately Fertile,6,1,7,2
Soybean,83.76,Excellent,None,Fertile,6,0,4,0
Rice,83.32,Excellent,None,Fertile,5,0,4,0
Tomato,85.57,Excellent,None,Fertile,8,0,4,0
Groundnut,64.75,Good,"Nitrogen, Potassium",Infertile,1,1,3,1
Wheat,78.24,Good,Phosphorus,Moderately Fertile,9,1,5,2
Groundnut,61.65,Good,Nitrogen,Moderately Fertile,1,1,0,2
Sugarcane,62.12,Good,"Nitrogen, Potassium",Infertile,7,1,3,1
Wheat,88.22,Excellent,None,Fertile,9,0,4,0
Wheat,70.48,Good,"Nitrogen, Phosphorus",Infertile,9,1,1,1
Potato,62.58,Good,Potassium,Moderately Fertile,4,1,7,2
Jute,68.62,Good,"Phosphorus, Potassium",Infertile,2,1,6,1
Cotton,83.34,Excellent,Phosphorus,Moderately Fertile,0,0,5,2
Maize,73.67,Good,Nitrogen,Moderately Fertile,3,1,0,2
Soybean,81.96,Excellent,Potassium,Moderately Fertile,6,0,7,2
Cotton,84.8,Excellent,None,Fertile,0,0,4,0
Wheat,61.97,Good,"Nitrogen, Phosphorus, Potassium",Infertile,9,1,2,1
Cotton,72.35,Good,Nitrogen,Moderately Fertile,0,1,0,2
Tomato,53.67,Moderate,"Nitrogen, Phosphorus, Potassium",Infertile,8,2,2,1
Cotton,88.7,Excellent,None,Fertile,0,0,4,0
Wheat,81.05,Excellent,None,Fertile,9,0,4,0
Sugarcane,79.7,Good,None,Fertile,7,1,4,0
Tomato,82.76,Excellent,None,Fertile,8,0,4,0
Wheat,78.11,Good,Potassium,Moderately Fertile,9,1,7,2
Jute,63.91,Good,"Phosphorus, Potassium",Infertile,2,1,6,1
Maize,86.28,Excellent,None,Fertile,3,0,4,0
Tomato,79.22,Good,None,Fertile,8,1,4,0
Wheat,78.47,Good,Nitrogen,Moderately Fertile,9,1,0,2
Groundnut,54.5,Moderate,"Nitrogen, Potassium",Infertile,1,2,3,1
Sugarcane,81.4,Excellent,Phosphorus,Moderately Fertile,7,0,5,2
Sugarcane,68.14,Good,"Phosphorus, Potassium",Infertile,7,1,6,1
Potato,76.16,Good,Phosphorus,Moderately Fertile,4,1,5,2
Sugarcane,78.79,Good,None,Fertile,7,1,4,0
Soybean,69.55,Good,Potassium,Moderately Fertile,6,1,7,2
Wheat,77.56,Good,Phosphorus,Moderately Fertile,9,1,5,2
Groundnut,48.99625000000002,Moderate,"Nitrogen, Phosphorus, Potassium",Infertile,1,2,2,1
Sugarcane,67.99,Good,Potassium,Moderately Fertile,7,1,7,2
Maize,87.05,Excellent,None,Fertile,3,0,4,0
Tomato,87.18,Excellent,None,Fertile,8,0,4,0
Potato,80.72,Excellent,None,Fertile,4,0,4,0
Potato,82.57,Excellent,None,Fertile,4,0,4,0
Rice,83.65,Excellent,None,Fertile,5,0,4,0
Sugarcane,68.1,Good,Nitrogen,Moderately Fertile,7,1,0,2
Rice,85.28,Excellent,None,Fertile,5,0,4,0
Tomato,78.34,Good,Phosphorus,Moderately Fertile,8,1,5,2
Jute,92.3,Excellent,None,Fertile,2,0,4,0
Wheat,77.1,Good,Phosphorus,Moderately Fertile,9,1,5,2
Wheat,81.79,Excellent,None,Fertile,9,0,4,0
Sugarcane,84.51,Excellent,None,Fertile,7,0,4,0
Maize,88.93,Excellent,None,Fertile,3,0,4,0
Groundnut,65.57,Good,"Nitrogen, Potassium",Infertile,1,1,3,1
Groundnut,56.86,Moderate,"Nitrogen, Phosphorus",Infertile,1,2,1,1
Jute,84.74,Excellent,None,Fertile,2,0,4,0
Potato,68.63,Good,Nitrogen,Moderately Fertile,4,1,0,2
Jute,85.58,Excellent,None,Fertile,2,0,4,0
Cotton,84.15,Excellent,Potassium,Moderately Fertile,0,0,7,2
Potato,50.06,Moderate,"Nitrogen, Phosphorus",Infertile,4,2,1,1
Jute,72.1,Good,Phosphorus,Moderately Fertile,2,1,5,2
Cotton,75.62,Good,Phosphorus,Moderately Fertile,0,1,5,2
Potato,83.52,Excellent,Potassium,Moderately Fertile,4,0,7,2
Wheat,88.39,Excellent,None,Fertile,9,0,4,0
Potato,59.48,Moderate,Nitrogen,Moderately Fertile,4,2,0,2
Groundnut,72.65,Good,Nitrogen,Moderately Fertile,1,1,0,2
Cotton,71.45,Good,"Phosphorus, Potassium",Infertile,0,1,6,1
Soybean,68.87,Good,Potassium,Moderately Fertile,6,1,7,2
Potato,72.9,Good,"Phosphorus, Potassium",Infertile,4,1,6,1
Groundnut,67.16,Good,Phosphorus,Moderately Fertile,1,1,5,2
Cotton,68.1,Good,"Nitrogen, Phosphorus",Infertile,0,1,1,1
Soybean,83.41,Excellent,Phosphorus,Moderately Fertile,6,0,5,2
Cotton,81.76,Excellent,Phosphorus,Moderately Fertile,0,0,5,2
Wheat,84.69,Excellent,None,Fertile,9,0,4,0
Sugarcane,59.03,Moderate,"Nitrogen, Phosphorus, Potassium",Infertile,7,2,2,1
Rice,67.76,Good,"Phosphorus, Potassium",Infertile,5,1,6,1
Soybean,74.31,Good,"Phosphorus, Potassium",Infertile,6,1,6,1
Tomato,67.99,Good,Nitrogen,Moderately Fertile,8,1,0,2
Jute,88.87,Excellent,None,Fertile,2,0,4,0
Potato,58.04,Moderate,"Nitrogen, Phosphorus",Infertile,4,2,1,1
Potato,65.44,Good,Nitrogen,Moderately Fertile,4,1,0,2
Wheat,77.2,Good,Phosphorus,Moderately Fertile,9,1,5,2
Sugarcane,77.27,Good,Potassium,Moderately Fertile,7,1,7,2
Groundnut,70.58,Good,Nitrogen,Moderately Fertile,1,1,0,2
Rice,71.29,Good,Phosphorus,Moderately Fertile,5,1,5,2
Maize,84.67,Excellent,None,Fertile,3,0,4,0
Wheat,85.27,Excellent,Nitrogen,Moderately Fertile,9,0,0,2
Potato,79.15,Good,Potassium,Moderately Fertile,4,1,7,2
Rice,75.74,Good,Nitrogen,Moderately Fertile,5,1,0,2
Jute,92.47,Excellent,None,Fertile,2,0,4,0
Sugarcane,89.13,Excellent,None,Fertile,7,0,4,0
Potato,77.74,Good,"Phosphorus, Potassium",Infertile,4,1,6,1
Potato,77.06,Good,Potassium,Moderately Fertile,4,1,7,2
Maize,89.68,Excellent,None,Fertile,3,0,4,0
Sugarcane,86.7,Excellent,None,Fertile,7,0,4,0
Maize,65.75,Good,Phosphorus,Moderately Fertile,3,1,5,2
Soybean,82.08,Excellent,None,Fertile,6,0,4,0
Sugarcane,71.71,Good,Phosphorus,Moderately Fertile,7,1,5,2
Wheat,79.12,Good,Phosphorus,Moderately Fertile,9,1,5,2
Tomato,62.69,Good,"Nitrogen, Phosphorus",Infertile,8,1,1,1
Sugarcane,70.7,Good,Phosphorus,Moderately Fertile,7,1,5,2
Groundnut,61.49,Good,"Phosphorus, Potassium",Infertile,1,1,6,1
Tomato,52.2,Moderate,"Nitrogen, Phosphorus, Potassium",Infertile,8,2,2,1
Jute,71.43,Good,"Phosphorus, Potassium",Infertile,2,1,6,1
Groundnut,68.43,Good,"Phosphorus, Potassium",Infertile,1,1,6,1
Rice,79.02,Good,Potassium,Moderately Fertile,5,1,7,2
Soybean,76.68,Good,Phosphorus,Moderately Fertile,6,1,5,2
Jute,94.31,Excellent,None,Fertile,2,0,4,0
Maize,61.69,Good,Phosphorus,Moderately Fertile,3,1,5,2
Jute,59.08,Moderate,"Nitrogen, Phosphorus",Infertile,2,2,1,1
Sugarcane,76.55,Good,Potassium,Moderately Fertile,7,1,7,2
Jute,88.37,Excellent,None,Fertile,2,0,4,0
Soybean,83.14,Excellent,Nitrogen,Moderately Fertile,6,0,0,2
Rice,68.31,Good,Potassium,Moderately Fertile,5,1,7,2
Maize,84.4,Excellent,Phosphorus,Moderately Fertile,3,0,5,2
Groundnut,64.86,Good,Potassium,Moderately Fertile,1,1,7,2
Jute,64.33,Good,"Nitrogen, Phosphorus",Infertile,2,1,1,1
Rice,83.72,Excellent,None,Fertile,5,0,4,0
Rice,88.42,Excellent,None,Fertile,5,0,4,0
Sugarcane,70.56,Good,"Nitrogen, Potassium",Infertile,7,1,3,1
Sugarcane,91.33,Excellent,None,Fertile,7,0,4,0
Soybean,80.41,Excellent,Potassium,Moderately Fertile,6,0,7,2
Tomato,54.07,Moderate,"Nitrogen, Potassium",Infertile,8,2,3,1
Wheat,91.65,Excellent,None,Fertile,9,0,4,0
Groundnut,56.2,Moderate,"Nitrogen, Phosphorus, Potassium",Infertile,1,2,2,1
Soybean,86.51,Excellent,None,Fertile,6,0,4,0
Soybean,80.26,Excellent,Potassium,Moderately Fertile,6,0,7,2
Tomato,76.92,Good,Phosphorus,Moderately Fertile,8,1,5,2
Groundnut,61.15,Good,"Nitrogen, Potassium",Infertile,1,1,3,1
Rice,58.73,Moderate,"Phosphorus, Potassium",Infertile,5,2,6,1
Jute,79.95,Good,Potassium,Moderately Fertile,2,1,7,2
Maize,91.78,Excellent,None,Fertile,3,0,4,0
Groundnut,78.77,Good,None,Fertile,1,1,4,0
Rice,82.01,Excellent,Phosphorus,Moderately Fertile,5,0,5,2
Tomato,57.75,Moderate,"Phosphorus, Potassium",Infertile,8,2,6,1
Potato,57.46,Moderate,"Nitrogen, Phosphorus",Infertile,4,2,1,1
Tomato,77.57,Good,Nitrogen,Moderately Fertile,8,1,0,2
Groundnut,74.93,Good,Phosphorus,Moderately Fertile,1,1,5,2
Wheat,78.4,Good,None,Fertile,9,1,4,0
Rice,79.91,Good,Phosphorus,Moderately Fertile,5,1,5,2
Rice,79.97,Good,Potassium,Moderately Fertile,5,1,7,2
Groundnut,89.88,Excellent,None,Fertile,1,0,4,0
Maize,90.57,Excellent,None,Fertile,3,0,4,0
Sugarcane,60.78,Good,"Phosphorus, Potassium",Infertile,7,1,6,1
Rice,72.8,Good,"Nitrogen, Phosphorus",Infertile,5,1,1,1
Potato,62.34,Good,"Nitrogen, Potassium",Infertile,4,1,3,1
Rice,66.98,Good,Phosphorus,Moderately Fertile,5,1,5,2
Wheat,91.57,Excellent,None,Fertile,9,0,4,0
Groundnut,81.4,Excellent,None,Fertile,1,0,4,0
Jute,87.27,Excellent,None,Fertile,2,0,4,0
Tomato,88.74,Excellent,None,Fertile,8,0,4,0
Cotton,75.4,Good,Phosphorus,Moderately Fertile,0,1,5,2
Soybean,71.25,Good,"Nitrogen, Phosphorus",Infertile,6,1,1,1
Sugarcane,60.58,Good,"Phosphorus, Potassium",Infertile,7,1,6,1
Cotton,65.64,Good,"Phosphorus, Potassium",Infertile,0,1,6,1
Cotton,80.39,Excellent,None,Fertile,0,0,4,0
Tomato,88.37,Excellent,None,Fertile,8,0,4,0
Cotton,89.78,Excellent,None,Fertile,0,0,4,0
Groundnut,70.85,Good,"Nitrogen, Potassium",Infertile,1,1,3,1
Soybean,71.72,Good,"Phosphorus, Potassium",Infertile,6,1,6,1
Potato,74.04,Good,Potassium,Moderately Fertile,4,1,7,2
Sugarcane,88.37,Excellent,None,Fertile,7,0,4,0
Potato,67.57,Good,Potassium,Moderately Fertile,4,1,7,2
Tomato,78.26,Good,Nitrogen,Moderately Fertile,8,1,0,2
Potato,50.86,Moderate,"Phosphorus, Potassium",Infertile,4,2,6,1
Groundnut,48.99625000000002,Moderate,"Nitrogen, Phosphorus, Potassium",Infertile,1,2,2,1
Tomato,69.11,Good,Phosphorus,Moderately Fertile,8,1,5,2
Tomato,85.37,Excellent,None,Fertile,8,0,4,0
Wheat,81.98,Excellent,None,Fertile,9,0,4,0
Rice,78.45,Good,Potassium,Moderately Fertile,5,1,7,2
Tomato,70.98,Good,Potassium,Moderately Fertile,8,1,7,2
Jute,81.64,Excellent,None,Fertile,2,0,4,0
Soybean,83.19,Excellent,Potassium,Moderately Fertile,6,0,7,2
Soybean,88.16,Excellent,Potassium,Moderately Fertile,6,0,7,2
Sugarcane,64.42,Good,"Phosphorus, Potassium",Infertile,7,1,6,1
Jute,73.83,Good,Nitrogen,Moderately Fertile,2,1,0,2
Wheat,78.32,Good,None,Fertile,9,1,4,0
Potato,75.64,Good,"Phosphorus, Potassium",Infertile,4,1,6,1
Wheat,81.54,Excellent,Potassium,Moderately Fertile,9,0,7,2
Tomato,79.53,Good,None,Fertile,8,1,4,0
Groundnut,61.2,Good,Nitrogen,Moderately Fertile,1,1,0,2
Rice,87.93,Excellent,None,Fertile,5,0,4,0
Maize,69.0,Good,Nitrogen,Moderately Fertile,3,1,0,2
Sugarcane,77.83,Good,"Phosphorus, Potassium",Infertile,7,1,6,1
Tomato,86.03,Excellent,None,Fertile,8,0,4,0
Potato,57.27,Moderate,"Nitrogen, Potassium",Infertile,4,2,3,1
Rice,71.86,Good,Potassium,Moderately Fertile,5,1,7,2
Jute,80.57,Excellent,None,Fertile,2,0,4,0
Soybean,89.51,Excellent,None,Fertile,6,0,4,0
Cotton,70.77,Good,"Phosphorus, Potassium",Infertile,0,1,6,1
Groundnut,59.63,Moderate,Nitrogen,Moderately Fertile,1,2,0,2
Potato,71.93,Good,Potassium,Moderately Fertile,4,1,7,2
Cotton,60.1,Good,"Phosphorus, Potassium",Infertile,0,1,6,1
Sugarcane,81.84,Excellent,None,Fertile,7,0,4,0
Potato,50.84,Moderate,"Nitrogen, Phosphorus, Potassium",Infertile,4,2,2,1
Groundnut,60.55,Good,"Nitrogen, Phosphorus",Infertile,1,1,1,1
Maize,79.16,Good,Potassium,Moderately Fertile,3,1,7,2
Potato,68.45,Good,"Nitrogen, Phosphorus, Potassium",Infertile,4,1,2,1
Potato,76.82,Good,Potassium,Moderately Fertile,4,1,7,2
Groundnut,87.98,Excellent,None,Fertile,1,0,4,0
Maize,86.28,Excellent,None,Fertile,3,0,4,0
Groundnut,67.98,Good,Nitrogen,Moderately Fertile,1,1,0,2
Sugarcane,91.23,Excellent,None,Fertile,7,0,4,0
Rice,48.99625000000002,Moderate,"Nitrogen, Phosphorus, Potassium",Infertile,5,2,2,1
Tomato,70.81,Good,"Nitrogen, Phosphorus",Infertile,8,1,1,1
Soybean,84.21,Excellent,None,Fertile,6,0,4,0
Rice,82.47,Excellent,Potassium,Moderately Fertile,5,0,7,2
Groundnut,75.44,Good,Phosphorus,Moderately Fertile,1,1,5,2
Sugarcane,82.95,Excellent,None,Fertile,7,0,4,0
Soybean,80.82,Excellent,Nitrogen,Moderately Fertile,6,0,0,2
Potato,87.52,Excellent,Phosphorus,Moderately Fertile,4,0,5,2
Tomato,61.45,Good,"Nitrogen, Potassium",Infertile,8,1,3,1
Sugarcane,79.23,Good,Potassium,Moderately Fertile,7,1,7,2
Sugarcane,88.58,Excellent,None,Fertile,7,0,4,0
Wheat,76.5,Good,None,Fertile,9,1,4,0
Cotton,66.26,Good,"Nitrogen, Potassium",Infertile,0,1,3,1
Potato,77.23,Good,Potassium,Moderately Fertile,4,1,7,2
Rice,70.15,Good,Phosphorus,Moderately Fertile,5,1,5,2
Jute,90.23,Excellent,None,Fertile,2,0,4,0
Potato,59.06,Moderate,"Nitrogen, Phosphorus",Infertile,4,2,1,1
Rice,88.17,Excellent,None,Fertile,5,0,4,0
Soybean,60.97,Good,"Nitrogen, Potassium",Infertile,6,1,3,1
Soybean,82.01,Excellent,Phosphorus,Moderately Fertile,6,0,5,2
Tomato,76.15,Good,None,Fertile,8,1,4,0
Rice,75.63,Good,Phosphorus,Moderately Fertile,5,1,5,2
Potato,50.51,Moderate,"Nitrogen, Phosphorus, Potassium",Infertile,4,2,2,1
Tomato,56.27,Moderate,"Nitrogen, Potassium",Infertile,8,2,3,1
Groundnut,71.09,Good,Phosphorus,Moderately Fertile,1,1,5,2
Maize,79.84,Good,Potassium,Moderately Fertile,3,1,7,2
Sugarcane,81.0,Excellent,None,Fertile,7,0,4,0
Groundnut,67.11,Good,Nitrogen,Moderately Fertile,1,1,0,2
Jute,59.28,Moderate,"Nitrogen, Phosphorus",Infertile,2,2,1,1
Potato,81.52,Excellent,None,Fertile,4,0,4,0
Wheat,57.54,Moderate,"Nitrogen, Potassium",Infertile,9,2,3,1
Wheat,64.34,Good,"Phosphorus, Potassium",Infertile,9,1,6,1
Groundnut,58.07,Moderate,"Phosphorus, Potassium",Infertile,1,2,6,1
Soybean,79.31,Good,Phosphorus,Moderately Fertile,6,1,5,2
Tomato,78.12,Good,Nitrogen,Moderately Fertile,8,1,0,2
Potato,59.24,Moderate,Nitrogen,Moderately Fertile,4,2,0,2
Tomato,88.28,Excellent,None,Fertile,8,0,4,0
Tomato,48.99625000000002,Moderate,"Nitrogen, Phosphorus, Potassium",Infertile,8,2,2,1
Wheat,84.94,Excellent,Potassium,Moderately Fertile,9,0,7,2
Potato,87.3,Excellent,None,Fertile,4,0,4,0
Tomato,70.96,Good,Nitrogen,Moderately Fertile,8,1,0,2
Cotton,82.9,Excellent,None,Fertile,0,0,4,0
Soybean,81.84,Excellent,Phosphorus,Moderately Fertile,6,0,5,2
Potato,80.03,Excellent,None,Fertile,4,0,4,0
Rice,82.56,Excellent,None,Fertile,5,0,4,0
Groundnut,59.93,Moderate,"Nitrogen, Potassium",Infertile,1,2,3,1
Rice,96.07,Excellent,None,Fertile,5,0,4,0
Soybean,83.86,Excellent,None,Fertile,6,0,4,0
Tomato,71.03,Good,Phosphorus,Moderately Fertile,8,1,5,2
Cotton,86.23,Excellent,Potassium,Moderately Fertile,0,0,7,2
Rice,91.91,Excellent,None,Fertile,5,0,4,0
Jute,70.65,Good,Phosphorus,Moderately Fertile,2,1,5,2
Sugarcane,74.18,Good,None,Fertile,7,1,4,0
Rice,88.75,Excellent,None,Fertile,5,0,4,0
Wheat,54.46,Moderate,"Phosphorus, Potassium",Infertile,9,2,6,1
Rice,83.35,Excellent,Potassium,Moderately Fertile,5,0,7,2
Rice,59.95,Moderate,"Phosphorus, Potassium",Infertile,5,2,6,1
Rice,75.28,Good,Potassium,Moderately Fertile,5,1,7,2
Maize,69.49,Good,"Phosphorus, Potassium",Infertile,3,1,6,1
Cotton,80.33,Excellent,Phosphorus,Moderately Fertile,0,0,5,2
Cotton,90.72,Excellent,None,Fertile,0,0,4,0
Soybean,81.85,Excellent,None,Fertile,6,0,4,0
Maize,72.24,Good,Potassium,Moderately Fertile,3,1,7,2
Maize,75.63,Good,Phosphorus,Moderately Fertile,3,1,5,2
Cotton,54.68,Moderate,"Phosphorus, Potassium",Infertile,0,2,6,1
Rice,73.76,Good,None,Fertile,5,1,4,0
Potato,52.75,Moderate,"Nitrogen, Phosphorus, Potassium",Infertile,4,2,2,1
Maize,77.84,Good,None,Fertile,3,1,4,0
Jute,67.51,Good,"Nitrogen, Phosphorus",Infertile,2,1,1,1
Wheat,82.59,Excellent,Phosphorus,Moderately Fertile,9,0,5,2
Sugarcane,78.85,Good,None,Fertile,7,1,4,0
Maize,83.8,Excellent,None,Fertile,3,0,4,0
Potato,84.57,Excellent,Phosphorus,Moderately Fertile,4,0,5,2
Potato,49.59,Moderate,"Nitrogen, Phosphorus, Potassium",Infertile,4,2,2,1
Potato,70.39,Good,Potassium,Moderately Fertile,4,1,7,2
Maize,74.18,Good,Nitrogen,Moderately Fertile,3,1,0,2
Tomato,58.0,Moderate,"Nitrogen, Phosphorus",Infertile,8,2,1,1
Jute,85.75,Excellent,None,Fertile,2,0,4,0
Rice,79.91,Good,Potassium,Moderately Fertile,5,1,7,2
Soybean,71.22,Good,Nitrogen,Moderately Fertile,6,1,0,2
Sugarcane,64.74,Good,"Phosphorus, Potassium",Infertile,7,1,6,1
Jute,79.59,Good,Phosphorus,Moderately Fertile,2,1,5,2
Cotton,73.04,Good,Potassium,Moderately Fertile,0,1,7,2
Potato,69.02,Good,"Nitrogen, Potassium",Infertile,4,1,3,1
Maize,75.78,Good,Potassium,Moderately Fertile,3,1,7,2
Maize,71.85,Good,Potassium,Moderately Fertile,3,1,7,2
Potato,90.83,Excellent,None,Fertile,4,0,4,0
Groundnut,58.63,Moderate,"Nitrogen, Potassium",Infertile,1,2,3,1
Sugarcane,79.79,Good,Potassium,Moderately Fertile,7,1,7,2
Wheat,94.08,Excellent,None,Fertile,9,0,4,0
Potato,65.53,Good,Nitrogen,Moderately Fertile,4,1,0,2
Jute,56.54,Moderate,"Nitrogen, Phosphorus",Infertile,2,2,1,1
Jute,78.43,Good,None,Fertile,2,1,4,0
Jute,72.73,Good,Nitrogen,Moderately Fertile,2,1,0,2
Jute,76.63,Good,Phosphorus,Moderately Fertile,2,1,5,2
Wheat,78.04,Good,None,Fertile,9,1,4,0
Tomato,88.17,Excellent,None,Fertile,8,0,4,0
Potato,67.82,Good,Nitrogen,Moderately Fertile,4,1,0,2
Tomato,79.77,Good,Potassium,Moderately Fertile,8,1,7,2
Soybean,92.95,Excellent,None,Fertile,6,0,4,0
Cotton,75.2,Good,Potassium,Moderately Fertile,0,1,7,2
Potato,53.39,Moderate,"Phosphorus, Potassium",Infertile,4,2,6,1
Sugarcane,80.57,Excellent,Phosphorus,Moderately Fertile,7,0,5,2
Cotton,81.52,Excellent,Potassium,Moderately Fertile,0,0,7,2
Soybean,74.25,Good,Nitrogen,Moderately Fertile,6,1,0,2
Maize,80.71,Excellent,None,Fertile,3,0,4,0
Groundnut,86.11,Excellent,None,Fertile,1,0,4,0
Sugarcane,92.46,Excellent,None,Fertile,7,0,4,0
Wheat,85.39,Excellent,None,Fertile,9,0,4,0
Tomato,56.97,Moderate,"Nitrogen, Phosphorus, Potassium",Infertile,8,2,2,1
Wheat,78.84,Good,Potassium,Moderately Fertile,9,1,7,2
Wheat,85.83,Excellent,Potassium,Moderately Fertile,9,0,7,2
Wheat,77.3,Good,None,Fertile,9,1,4,0
Maize,74.07,Good,Nitrogen,Moderately Fertile,3,1,0,2
Soybean,87.3,Excellent,None,Fertile,6,0,4,0
Soybean,86.73,Excellent,None,Fertile,6,0,4,0
Sugarcane,68.5,Good,"Phosphorus, Potassium",Infertile,7,1,6,1
Maize,87.44,Excellent,None,Fertile,3,0,4,0
Soybean,79.5,Good,"Phosphorus, Potassium",Infertile,6,1,6,1
Potato,93.43,Excellent,None,Fertile,4,0,4,0
Sugarcane,89.62,Excellent,None,Fertile,7,0,4,0
Potato,75.01,Good,Potassium,Moderately Fertile,4,1,7,2
Tomato,72.41,Good,None,Fertile,8,1,4,0
Sugarcane,92.15,Excellent,None,Fertile,7,0,4,0
Tomato,62.18,Good,Phosphorus,Moderately Fertile,8,1,5,2
Sugarcane,81.15,Excellent,None,Fertile,7,0,4,0
Rice,72.53,Good,Phosphorus,Moderately Fertile,5,1,5,2
Soybean,63.09,Good,"Phosphorus, Potassium",Infertile,6,1,6,1
Sugarcane,87.21,Excellent,None,Fertile,7,0,4,0
Cotton,61.63,Good,"Nitrogen, Potassium",Infertile,0,1,3,1
Rice,74.62,Good,Potassium,Moderately Fertile,5,1,7,2
Jute,82.53,Excellent,None,Fertile,2,0,4,0
Sugarcane,73.42,Good,Potassium,Moderately Fertile,7,1,7,2
Maize,67.58,Good,"Nitrogen, Potassium",Infertile,3,1,3,1
Groundnut,77.22,Good,Nitrogen,Moderately Fertile,1,1,0,2
Wheat,81.44,Excellent,Nitrogen,Moderately Fertile,9,0,0,2
Wheat,74.93,Good,None,Fertile,9,1,4,0
Cotton,72.72,Good,Phosphorus,Moderately Fertile,0,1,5,2
Potato,93.3,Excellent,None,Fertile,4,0,4,0
Soybean,68.06,Good,"Nitrogen, Potassium",Infertile,6,1,3,1
Sugarcane,67.36,Good,"Phosphorus, Potassium",Infertile,7,1,6,1
Sugarcane,79.26,Good,None,Fertile,7,1,4,0
Jute,79.3,Good,Potassium,Moderately Fertile,2,1,7,2
Sugarcane,67.75,Good,Phosphorus,Moderately Fertile,7,1,5,2
Potato,64.73,Good,"Phosphorus, Potassium",Infertile,4,1,6,1
Groundnut,51.58,Moderate,"Phosphorus, Potassium",Infertile,1,2,6,1
Jute,65.75,Good,Phosphorus,Moderately Fertile,2,1,5,2
Tomato,63.29,Good,"Nitrogen, Potassium",Infertile,8,1,3,1
Soybean,76.67,Good,Phosphorus,Moderately Fertile,6,1,5,2
Sugarcane,87.47,Excellent,Phosphorus,Moderately Fertile,7,0,5,2
Jute,69.4,Good,Phosphorus,Moderately Fertile,2,1,5,2
Tomato,59.86,Moderate,"Nitrogen, Phosphorus",Infertile,8,2,1,1
Maize,71.6,Good,Phosphorus,Moderately Fertile,3,1,5,2
Maize,84.93,Excellent,None,Fertile,3,0,4,0
Tomato,65.53,Good,Phosphorus,Moderately Fertile,8,1,5,2
Rice,93.32,Excellent,None,Fertile,5,0,4,0
Potato,67.96,Good,"Phosphorus, Potassium",Infertile,4,1,6,1
Groundnut,68.55,Good,Nitrogen,Moderately Fertile,1,1,0,2
Sugarcane,91.17,Excellent,None,Fertile,7,0,4,0
Maize,73.37,Good,Nitrogen,Moderately Fertile,3,1,0,2
Groundnut,74.05,Good,Potassium,Moderately Fertile,1,1,7,2
Maize,79.53,Good,"Phosphorus, Potassium",Infertile,3,1,6,1
Tomato,67.24,Good,Phosphorus,Moderately Fertile,8,1,5,2
Cotton,84.8,Excellent,Phosphorus,Moderately Fertile,0,0,5,2
Groundnut,72.42,Good,"Phosphorus, Potassium",Infertile,1,1,6,1
Soybean,77.29,Good,Nitrogen,Moderately Fertile,6,1,0,2
Groundnut,84.2,Excellent,None,Fertile,1,0,4,0
Groundnut,72.71,Good,Potassium,Moderately Fertile,1,1,7,2
Jute,78.34,Good,Phosphorus,Moderately Fertile,2,1,5,2
Groundnut,78.02,Good,Nitrogen,Moderately Fertile,1,1,0,2
Cotton,83.31,Excellent,Phosphorus,Moderately Fertile,0,0,5,2
Soybean,83.39,Excellent,None,Fertile,6,0,4,0
Tomato,71.38,Good,Potassium,Moderately Fertile,8,1,7,2
Potato,67.1,Good,Nitrogen,Moderately Fertile,4,1,0,2
Rice,86.37,Excellent,Potassium,Moderately Fertile,5,0,7,2
Tomato,62.37,Good,Potassium,Moderately Fertile,8,1,7,2
Maize,85.91,Excellent,None,Fertile,3,0,4,0
Rice,80.34,Excellent,None,Fertile,5,0,4,0
Jute,63.8,Good,"Nitrogen, Phosphorus",Infertile,2,1,1,1
Tomato,82.07,Excellent,None,Fertile,8,0,4,0
Cotton,85.05,Excellent,None,Fertile,0,0,4,0
Sugarcane,82.66,Excellent,None,Fertile,7,0,4,0
Wheat,73.44,Good,Phosphorus,Moderately Fertile,9,1,5,2
Jute,84.1,Excellent,None,Fertile,2,0,4,0
Wheat,79.2,Good,None,Fertile,9,1,4,0
Maize,68.43,Good,"Phosphorus, Potassium",Infertile,3,1,6,1
Potato,65.56,Good,"Nitrogen, Potassium",Infertile,4,1,3,1
Tomato,63.87,Good,"Phosphorus, Potassium",Infertile,8,1,6,1
Wheat,76.74,Good,Phosphorus,Moderately Fertile,9,1,5,2
Wheat,87.88,Excellent,None,Fertile,9,0,4,0
Maize,71.19,Good,Nitrogen,Moderately Fertile,3,1,0,2
Jute,70.4,Good,Phosphorus,Moderately Fertile,2,1,5,2
Wheat,73.57,Good,Nitrogen,Moderately Fertile,9,1,0,2
Tomato,66.81,Good,"Phosphorus, Potassium",Infertile,8,1,6,1
Jute,84.67,Excellent,Potassium,Moderately Fertile,2,0,7,2
Rice,73.29,Good,Phosphorus,Moderately Fertile,5,1,5,2
Rice,86.89,Excellent,Potassium,Moderately Fertile,5,0,7,2
Jute,66.02,Good,"Phosphorus, Potassium",Infertile,2,1,6,1
Tomato,69.69,Good,Phosphorus,Moderately Fertile,8,1,5,2
Jute,79.42,Good,None,Fertile,2,1,4,0
Sugarcane,85.88,Excellent,None,Fertile,7,0,4,0
Wheat,82.37,Excellent,None,Fertile,9,0,4,0
Cotton,75.92,Good,Phosphorus,Moderately Fertile,0,1,5,2
Wheat,84.65,Excellent,Phosphorus,Moderately Fertile,9,0,5,2
Potato,91.56,Excellent,None,Fertile,4,0,4,0
Soybean,88.08,Excellent,None,Fertile,6,0,4,0
Cotton,77.93,Good,Potassium,Moderately Fertile,0,1,7,2
Sugarcane,86.1,Excellent,None,Fertile,7,0,4,0
Potato,66.23,Good,Phosphorus,Moderately Fertile,4,1,5,2
Jute,69.12,Good,"Phosphorus, Potassium",Infertile,2,1,6,1
Wheat,76.31,Good,None,Fertile,9,1,4,0
Sugarcane,72.61,Good,Phosphorus,Moderately Fertile,7,1,5,2
Sugarcane,59.27,Moderate,"Nitrogen, Potassium",Infertile,7,2,3,1
Groundnut,66.1,Good,Potassium,Moderately Fertile,1,1,7,2
Tomato,82.25,Excellent,Potassium,Moderately Fertile,8,0,7,2
Potato,77.36,Good,None,Fertile,4,1,4,0
Wheat,72.97,Good,Nitrogen,Moderately Fertile,9,1,0,2
Jute,72.58,Good,None,Fertile,2,1,4,0
Maize,90.98,Excellent,None,Fertile,3,0,4,0
Wheat,80.67,Excellent,None,Fertile,9,0,4,0
Groundnut,62.49,Good,Nitrogen,Moderately Fertile,1,1,0,2
Soybean,83.48,Excellent,None,Fertile,6,0,4,0
Sugarcane,83.24,Excellent,None,Fertile,7,0,4,0
Sugarcane,64.35,Good,"Phosphorus, Potassium",Infertile,7,1,6,1
Cotton,82.35,Excellent,Potassium,Moderately Fertile,0,0,7,2
Maize,80.13,Excellent,None,Fertile,3,0,4,0
Jute,75.34,Good,Potassium,Moderately Fertile,2,1,7,2
Cotton,72.39,Good,"Nitrogen, Potassium",Infertile,0,1,3,1
Tomato,74.24,Good,Potassium,Moderately Fertile,8,1,7,2
Potato,78.2,Good,Potassium,Moderately Fertile,4,1,7,2
Groundnut,74.96,Good,Potassium,Moderately Fertile,1,1,7,2
Wheat,82.32,Excellent,Potassium,Moderately Fertile,9,0,7,2
Maize,81.08,Excellent,None,Fertile,3,0,4,0
Wheat,81.12,Excellent,Potassium,Moderately Fertile,9,0,7,2
Potato,64.81,Good,Nitrogen,Moderately Fertile,4,1,0,2
Tomato,79.91,Good,None,Fertile,8,1,4,0
Tomato,67.94,Good,Potassium,Moderately Fertile,8,1,7,2
Sugarcane,81.4,Excellent,None,Fertile,7,0,4,0
Jute,75.48,Good,Phosphorus,Moderately Fertile,2,1,5,2
Groundnut,76.32,Good,Phosphorus,Moderately Fertile,1,1,5,2
Tomato,76.09,Good,Phosphorus,Moderately Fertile,8,1,5,2
Wheat,83.55,Excellent,None,Fertile,9,0,4,0
Rice,75.23,Good,Potassium,Moderately Fertile,5,1,7,2
Sugarcane,76.36,Good,Potassium,Moderately Fertile,7,1,7,2
Wheat,76.45,Good,Potassium,Moderately Fertile,9,1,7,2
Tomato,69.63,Good,Phosphorus,Moderately Fertile,8,1,5,2
Jute,69.25,Good,"Phosphorus, Potassium",Infertile,2,1,6,1
Soybean,72.84,Good,Phosphorus,Moderately Fertile,6,1,5,2
Wheat,77.54,Good,None,Fertile,9,1,4,0
Cotton,81.67,Excellent,Phosphorus,Moderately Fertile,0,0,5,2
Jute,81.22,Excellent,None,Fertile,2,0,4,0
Wheat,71.08,Good,Nitrogen,Moderately Fertile,9,1,0,2
Tomato,77.09,Good,Phosphorus,Moderately Fertile,8,1,5,2
Maize,67.83,Good,"Phosphorus, Potassium",Infertile,3,1,6,1
Maize,61.49,Good,"Nitrogen, Phosphorus",Infertile,3,1,1,1
Cotton,78.2,Good,Phosphorus,Moderately Fertile,0,1,5,2
Potato,70.57,Good,Phosphorus,Moderately Fertile,4,1,5,2
Cotton,81.29,Excellent,Potassium,Moderately Fertile,0,0,7,2
Rice,74.17,Good,Phosphorus,Moderately Fertile,5,1,5,2
Maize,85.08,Excellent,None,Fertile,3,0,4,0
Tomato,74.93,Good,"Nitrogen, Phosphorus",Infertile,8,1,1,1
Rice,68.7,Good,Potassium,Moderately Fertile,5,1,7,2
Rice,82.39,Excellent,None,Fertile,5,0,4,0
Wheat,86.56,Excellent,None,Fertile,9,0,4,0
Soybean,69.04,Good,"Phosphorus, Potassium",Infertile,6,1,6,1
Cotton,91.1,Excellent,None,Fertile,0,0,4,0
Soybean,74.07,Good,"Phosphorus, Potassium",Infertile,6,1,6,1
Cotton,60.35,Good,"Nitrogen, Phosphorus, Potassium",Infertile,0,1,2,1
Maize,77.3,Good,Phosphorus,Moderately Fertile,3,1,5,2
Rice,72.73,Good,Phosphorus,Moderately Fertile,5,1,5,2
Potato,72.59,Good,None,Fertile,4,1,4,0
Maize,88.48,Excellent,None,Fertile,3,0,4,0
Potato,64.03,Good,Nitrogen,Moderately Fertile,4,1,0,2
Rice,88.41,Excellent,None,Fertile,5,0,4,0
Maize,71.08,Good,"Phosphorus, Potassium",Infertile,3,1,6,1
Rice,63.2,Good,"Phosphorus, Potassium",Infertile,5,1,6,1
Groundnut,69.72,Good,Nitrogen,Moderately Fertile,1,1,0,2
Potato,74.29,Good,None,Fertile,4,1,4,0
Rice,80.02,Excellent,None,Fertile,5,0,4,0
Sugarcane,86.41,Excellent,None,Fertile,7,0,4,0
Potato,72.91,Good,Nitrogen,Moderately Fertile,4,1,0,2
Tomato,59.51,Moderate,"Nitrogen, Potassium",Infertile,8,2,3,1
Soybean,83.62,Excellent,None,Fertile,6,0,4,0
Jute,59.96,Moderate,"Nitrogen, Phosphorus",Infertile,2,2,1,1
Tomato,70.55,Good,"Nitrogen, Potassium",Infertile,8,1,3,1
Sugarcane,86.54,Excellent,None,Fertile,7,0,4,0
Rice,67.44,Good,Phosphorus,Moderately Fertile,5,1,5,2
Maize,65.31,Good,"Phosphorus, Potassium",Infertile,3,1,6,1
Tomato,75.58,Good,Nitrogen,Moderately Fertile,8,1,0,2
Groundnut,85.07,Excellent,None,Fertile,1,0,4,0
Groundnut,74.83,Good,Phosphorus,Moderately Fertile,1,1,5,2
Potato,79.65,Good,None,Fertile,4,1,4,0
Potato,57.93,Moderate,"Phosphorus, Potassium",Infertile,4,2,6,1
Tomato,77.59,Good,None,Fertile,8,1,4,0
Rice,76.45,Good,Potassium,Moderately Fertile,5,1,7,2
Potato,77.91,Good,Phosphorus,Moderately Fertile,4,1,5,2
Potato,73.3,Good,Phosphorus,Moderately Fertile,4,1,5,2
Sugarcane,68.72,Good,Potassium,Moderately Fertile,7,1,7,2
Soybean,71.11,Good,Potassium,Moderately Fertile,6,1,7,2
Maize,68.9,Good,"Nitrogen, Potassium",Infertile,3,1,3,1
Potato,63.67,Good,Nitrogen,Moderately Fertile,4,1,0,2
Tomato,71.29,Good,"Nitrogen, Phosphorus",Infertile,8,1,1,1
Soybean,73.81,Good,Phosphorus,Moderately Fertile,6,1,5,2
Maize,65.92,Good,"Phosphorus, Potassium",Infertile,3,1,6,1
Jute,90.6,Excellent,None,Fertile,2,0,4,0
Wheat,64.55,Good,"Phosphorus, Potassium",Infertile,9,1,6,1
Wheat,85.45,Excellent,None,Fertile,9,0,4,0
Groundnut,66.46,Good,"Nitrogen, Potassium",Infertile,1,1,3,1
Rice,70.46,Good,Potassium,Moderately Fertile,5,1,7,2
Tomato,89.54,Excellent,None,Fertile,8,0,4,0
Maize,69.28,Good,"Phosphorus, Potassium",Infertile,3,1,6,1
Wheat,80.98,Excellent,None,Fertile,9,0,4,0
Rice,76.13,Good,Potassium,Moderately Fertile,5,1,7,2
Wheat,73.4,Good,Nitrogen,Moderately Fertile,9,1,0,2
Cotton,66.01,Good,"Nitrogen, Phosphorus",Infertile,0,1,1,1
Cotton,86.83,Excellent,Potassium,Moderately Fertile,0,0,7,2
Maize,88.65,Excellent,None,Fertile,3,0,4,0
Tomato,51.81,Moderate,"Nitrogen, Phosphorus, Potassium",Infertile,8,2,2,1
Tomato,89.18,Excellent,None,Fertile,8,0,4,0
Potato,62.82,Good,Phosphorus,Moderately Fertile,4,1,5,2
Jute,81.47,Excellent,None,Fertile,2,0,4,0
